timestamp,season,hour,time_step_hours,cloud_cover,cos_zenith,irradiance_wm2,ambient_temp_c,wind_speed_ms,pv_generation_kw,building_load_kw,grid_power_kw,grid_energy_kwh,tou_rate_thb,cost_thb
2026-04-15 00:00:00,summer,0.0,0.25,0.2,0.0,0.0,27.3,2.03,0.0,0.16,0.16,0.04,2.6,0.104
2026-04-15 00:15:00,summer,0.25,0.25,0.2,0.0,0.0,27.1,1.94,0.0,0.171,0.171,0.043,2.6,0.111
2026-04-15 00:30:00,summer,0.5,0.25,0.2,0.0,0.0,26.7,2.29,0.0,0.184,0.184,0.046,2.6,0.12
2026-04-15 00:45:00,summer,0.75,0.25,0.2,0.0,0.0,26.4,2.24,0.0,0.186,0.186,0.046,2.6,0.121
2026-04-15 01:00:00,summer,1.0,0.25,0.2,0.0,0.0,26.6,1.99,0.0,0.177,0.177,0.044,2.6,0.115
2026-04-15 01:15:00,summer,1.25,0.25,0.2,0.0,0.0,26.5,2.25,0.0,0.17,0.17,0.043,2.6,0.111
2026-04-15 01:30:00,summer,1.5,0.25,0.2,0.0,0.0,26.1,2.84,0.0,0.165,0.165,0.041,2.6,0.107
2026-04-15 01:45:00,summer,1.75,0.25,0.2,0.0,0.0,26.3,1.43,0.0,0.181,0.181,0.045,2.6,0.118
2026-04-15 02:00:00,summer,2.0,0.25,0.2,0.0,0.0,26.2,2.43,0.0,0.174,0.174,0.043,2.6,0.113
2026-04-15 02:15:00,summer,2.25,0.25,0.2,0.0,0.0,26.2,1.76,0.0,0.169,0.169,0.042,2.6,0.11
2026-04-15 02:30:00,summer,2.5,0.25,0.2,0.0,0.0,25.9,1.58,0.0,0.172,0.172,0.043,2.6,0.112
2026-04-15 02:45:00,summer,2.75,0.25,0.2,0.0,0.0,26.1,1.58,0.0,0.174,0.174,0.043,2.6,0.113
2026-04-15 03:00:00,summer,3.0,0.25,0.2,0.0,0.0,25.9,0.71,0.0,0.194,0.194,0.049,2.6,0.126
2026-04-15 03:15:00,summer,3.25,0.25,0.2,0.0,0.0,25.9,2.0,0.0,0.2,0.2,0.05,2.6,0.13
2026-04-15 03:30:00,summer,3.5,0.25,0.2,0.0,0.0,26.3,1.68,0.0,0.225,0.225,0.056,2.6,0.146
2026-04-15 03:45:00,summer,3.75,0.25,0.2,0.0,0.0,26.9,2.1,0.0,0.231,0.231,0.058,2.6,0.15
2026-04-15 04:00:00,summer,4.0,0.25,0.2,0.0,0.0,26.5,0.62,0.0,0.251,0.251,0.063,2.6,0.163
2026-04-15 04:15:00,summer,4.25,0.25,0.2,0.0,0.0,26.7,1.7,0.0,0.295,0.295,0.074,2.6,0.192
2026-04-15 04:30:00,summer,4.5,0.25,0.2,0.0,0.0,27.2,2.19,0.0,0.365,0.365,0.091,2.6,0.237
2026-04-15 04:45:00,summer,4.75,0.25,0.2,0.0,0.0,27.2,2.25,0.0,0.396,0.396,0.099,2.6,0.257
2026-04-15 05:00:00,summer,5.0,0.25,0.2,0.0,0.0,27.9,2.0,0.0,0.469,0.469,0.117,2.6,0.305
2026-04-15 05:15:00,summer,5.25,0.25,0.2,0.0,0.0,27.9,1.26,0.0,0.553,0.553,0.138,2.6,0.359
2026-04-15 05:30:00,summer,5.5,0.25,0.2,0.0,0.0,28.2,2.0,0.0,0.656,0.656,0.164,2.6,0.426
2026-04-15 05:45:00,summer,5.75,0.25,0.2,0.0,0.0,28.5,1.88,0.0,0.749,0.749,0.187,2.6,0.487
2026-04-15 06:00:00,summer,6.0,0.25,0.2,0.0,0.0,29.1,2.3,0.0,0.837,0.837,0.209,2.6,0.544
2026-04-15 06:15:00,summer,6.25,0.25,0.204,0.026,3.2,29.0,2.14,0.0,0.922,0.922,0.231,2.6,0.599
2026-04-15 06:30:00,summer,6.5,0.25,0.094,0.0886,37.0,29.2,2.46,0.181,1.053,0.872,0.218,2.6,0.567
2026-04-15 06:45:00,summer,6.75,0.25,0.061,0.1511,93.7,30.4,2.1,0.454,1.156,0.702,0.175,2.6,0.456
2026-04-15 07:00:00,summer,7.0,0.25,0.117,0.2131,150.5,30.3,1.19,0.723,1.26,0.537,0.134,2.6,0.349
2026-04-15 07:15:00,summer,7.25,0.25,0.087,0.2744,216.9,31.5,1.64,1.03,1.357,0.327,0.082,2.6,0.213
2026-04-15 07:30:00,summer,7.5,0.25,0.103,0.3346,276.5,32.1,2.1,1.304,1.451,0.147,0.037,2.6,0.096
2026-04-15 07:45:00,summer,7.75,0.25,0.091,0.3936,341.1,32.8,2.02,1.592,1.515,0.0,0.0,2.6,0.0
2026-04-15 08:00:00,summer,8.0,0.25,0.109,0.451,395.5,32.8,1.94,1.834,1.571,0.0,0.0,2.6,0.0
2026-04-15 08:15:00,summer,8.25,0.25,0.173,0.5067,427.5,34.1,1.56,1.957,1.611,0.0,0.0,2.6,0.0
2026-04-15 08:30:00,summer,8.5,0.25,0.141,0.5604,494.6,34.6,1.93,2.25,1.629,0.0,0.0,2.6,0.0
2026-04-15 08:45:00,summer,8.75,0.25,0.217,0.6119,506.3,35.5,2.25,2.298,1.66,0.0,0.0,2.6,0.0
2026-04-15 09:00:00,summer,9.0,0.25,0.295,0.6609,505.1,35.3,2.88,2.307,1.632,0.0,0.0,4.18,0.0
2026-04-15 09:15:00,summer,9.25,0.25,0.333,0.7072,519.0,35.9,1.79,2.337,1.6,0.0,0.0,4.18,0.0
2026-04-15 09:30:00,summer,9.5,0.25,0.403,0.7507,503.4,35.9,2.15,2.28,1.549,0.0,0.0,4.18,0.0
2026-04-15 09:45:00,summer,9.75,0.25,0.389,0.7911,543.4,36.6,1.69,2.43,1.476,0.0,0.0,4.18,0.0
2026-04-15 10:00:00,summer,10.0,0.25,0.365,0.8284,589.8,37.4,1.99,2.623,1.391,0.0,0.0,4.18,0.0
2026-04-15 10:15:00,summer,10.25,0.25,0.384,0.8622,600.0,37.9,1.33,2.634,1.284,0.0,0.0,4.18,0.0
2026-04-15 10:30:00,summer,10.5,0.25,0.308,0.8925,688.1,38.4,1.63,2.995,1.184,0.0,0.0,4.18,0.0
2026-04-15 10:45:00,summer,10.75,0.25,0.335,0.9192,686.2,38.8,1.73,2.986,1.086,0.0,0.0,4.18,0.0
2026-04-15 11:00:00,summer,11.0,0.25,0.255,0.9421,777.4,39.3,1.78,3.34,1.006,0.0,0.0,4.18,0.0
2026-04-15 11:15:00,summer,11.25,0.25,0.218,0.9611,827.8,39.8,1.02,3.466,0.908,0.0,0.0,4.18,0.0
2026-04-15 11:30:00,summer,11.5,0.25,0.201,0.9762,857.6,40.4,1.56,3.612,0.816,0.0,0.0,4.18,0.0
2026-04-15 11:45:00,summer,11.75,0.25,0.182,0.9872,885.8,40.6,1.76,3.729,0.712,0.0,0.0,4.18,0.0
2026-04-15 12:00:00,summer,12.0,0.25,0.277,0.9942,802.1,40.8,1.94,3.421,0.633,0.0,0.0,4.18,0.0
2026-04-15 12:15:00,summer,12.25,0.25,0.109,0.9971,963.2,41.7,2.06,4.02,0.581,0.0,0.0,4.18,0.0
2026-04-15 12:30:00,summer,12.5,0.25,0.095,0.9959,975.2,42.2,1.79,4.03,0.535,0.0,0.0,4.18,0.0
2026-04-15 12:45:00,summer,12.75,0.25,0.036,0.9907,1023.9,42.3,2.6,4.275,0.478,0.0,0.0,4.18,0.0
2026-04-15 13:00:00,summer,13.0,0.25,0.0,0.9813,1045.9,42.5,1.95,4.294,0.457,0.0,0.0,4.18,0.0
2026-04-15 13:15:00,summer,13.25,0.25,0.052,0.9679,984.1,42.3,0.85,3.951,0.431,0.0,0.0,4.18,0.0
2026-04-15 13:30:00,summer,13.5,0.25,0.087,0.9505,934.2,42.6,1.63,3.859,0.437,0.0,0.0,4.18,0.0
2026-04-15 13:45:00,summer,13.75,0.25,0.145,0.9293,862.3,42.5,1.39,3.579,0.442,0.0,0.0,4.18,0.0
2026-04-15 14:00:00,summer,14.0,0.25,0.179,0.9042,808.6,42.1,2.19,3.44,0.445,0.0,0.0,4.18,0.0
2026-04-15 14:15:00,summer,14.25,0.25,0.032,0.8754,898.0,42.9,1.41,3.703,0.476,0.0,0.0,4.18,0.0
2026-04-15 14:30:00,summer,14.5,0.25,0.092,0.843,816.2,42.3,2.09,3.46,0.535,0.0,0.0,4.18,0.0
2026-04-15 14:45:00,summer,14.75,0.25,0.092,0.8072,778.3,42.7,0.97,3.233,0.572,0.0,0.0,4.18,0.0
2026-04-15 15:00:00,summer,15.0,0.25,0.108,0.7681,725.9,41.7,3.45,3.171,0.66,0.0,0.0,4.18,0.0
2026-04-15 15:15:00,summer,15.25,0.25,0.064,0.7259,709.7,42.5,2.08,3.044,0.754,0.0,0.0,4.18,0.0
2026-04-15 15:30:00,summer,15.5,0.25,0.166,0.6807,600.7,41.6,2.65,2.637,0.867,0.0,0.0,4.18,0.0
2026-04-15 15:45:00,summer,15.75,0.25,0.207,0.6328,530.8,41.8,0.97,2.298,0.975,0.0,0.0,4.18,0.0
2026-04-15 16:00:00,summer,16.0,0.25,0.347,0.5823,411.9,41.0,1.78,1.836,1.119,0.0,0.0,4.18,0.0
2026-04-15 16:15:00,summer,16.25,0.25,0.43,0.5296,331.0,40.2,1.66,1.494,1.265,0.0,0.0,4.18,0.0
2026-04-15 16:30:00,summer,16.5,0.25,0.472,0.4747,274.6,39.5,2.1,1.255,1.37,0.115,0.029,4.18,0.12
2026-04-15 16:45:00,summer,16.75,0.25,0.462,0.4179,241.4,39.3,1.71,1.106,1.503,0.397,0.099,4.18,0.415
2026-04-15 17:00:00,summer,17.0,0.25,0.427,0.3596,213.5,39.0,1.92,0.984,1.655,0.671,0.168,4.18,0.701
2026-04-15 17:15:00,summer,17.25,0.25,0.448,0.2998,166.5,38.7,1.81,0.772,1.796,1.024,0.256,4.18,1.07
2026-04-15 17:30:00,summer,17.5,0.25,0.46,0.239,122.9,38.6,2.08,0.573,1.937,1.364,0.341,4.18,1.425
2026-04-15 17:45:00,summer,17.75,0.25,0.374,0.1773,91.6,37.8,1.68,0.43,2.068,1.638,0.41,4.18,1.712
2026-04-15 18:00:00,summer,18.0,0.25,0.426,0.115,44.5,37.7,1.38,0.21,2.199,1.989,0.497,4.18,2.079
2026-04-15 18:15:00,summer,18.25,0.25,0.474,0.0523,10.1,36.6,1.74,0.048,2.318,2.27,0.568,4.18,2.372
2026-04-15 18:30:00,summer,18.5,0.25,0.474,0.0,0.0,36.7,1.38,0.0,2.419,2.419,0.605,4.18,2.528
2026-04-15 18:45:00,summer,18.75,0.25,0.474,0.0,0.0,36.1,2.34,0.0,2.507,2.507,0.627,4.18,2.62
2026-04-15 19:00:00,summer,19.0,0.25,0.474,0.0,0.0,35.7,2.28,0.0,2.588,2.588,0.647,4.18,2.704
2026-04-15 19:15:00,summer,19.25,0.25,0.474,0.0,0.0,34.9,1.56,0.0,2.631,2.631,0.658,4.18,2.749
2026-04-15 19:30:00,summer,19.5,0.25,0.474,0.0,0.0,35.4,1.54,0.0,2.668,2.668,0.667,4.18,2.788
2026-04-15 19:45:00,summer,19.75,0.25,0.474,0.0,0.0,34.4,1.99,0.0,2.677,2.677,0.669,4.18,2.797
2026-04-15 20:00:00,summer,20.0,0.25,0.474,0.0,0.0,34.0,1.79,0.0,2.654,2.654,0.663,4.18,2.773
2026-04-15 20:15:00,summer,20.25,0.25,0.474,0.0,0.0,33.6,2.48,0.0,2.617,2.617,0.654,4.18,2.735
2026-04-15 20:30:00,summer,20.5,0.25,0.474,0.0,0.0,33.2,1.99,0.0,2.545,2.545,0.636,4.18,2.66
2026-04-15 20:45:00,summer,20.75,0.25,0.474,0.0,0.0,32.4,2.16,0.0,2.466,2.466,0.617,4.18,2.577
2026-04-15 21:00:00,summer,21.0,0.25,0.474,0.0,0.0,32.0,1.17,0.0,2.365,2.365,0.591,4.18,2.471
2026-04-15 21:15:00,summer,21.25,0.25,0.474,0.0,0.0,31.9,1.34,0.0,2.249,2.249,0.562,4.18,2.35
2026-04-15 21:30:00,summer,21.5,0.25,0.474,0.0,0.0,31.3,1.84,0.0,2.134,2.134,0.533,4.18,2.23
2026-04-15 21:45:00,summer,21.75,0.25,0.474,0.0,0.0,30.3,1.51,0.0,2.006,2.006,0.501,4.18,2.096
2026-04-15 22:00:00,summer,22.0,0.25,0.474,0.0,0.0,30.6,2.27,0.0,1.87,1.87,0.468,2.6,1.216
2026-04-15 22:15:00,summer,22.25,0.25,0.474,0.0,0.0,29.5,1.6,0.0,1.715,1.715,0.429,2.6,1.115
2026-04-15 22:30:00,summer,22.5,0.25,0.474,0.0,0.0,29.0,1.36,0.0,1.59,1.59,0.398,2.6,1.034
2026-04-15 22:45:00,summer,22.75,0.25,0.474,0.0,0.0,28.8,2.3,0.0,1.445,1.445,0.361,2.6,0.939
2026-04-15 23:00:00,summer,23.0,0.25,0.474,0.0,0.0,28.8,1.73,0.0,1.311,1.311,0.328,2.6,0.852
2026-04-15 23:15:00,summer,23.25,0.25,0.474,0.0,0.0,27.9,1.43,0.0,1.182,1.182,0.295,2.6,0.768
2026-04-15 23:30:00,summer,23.5,0.25,0.474,0.0,0.0,28.3,2.66,0.0,1.049,1.049,0.262,2.6,0.682
2026-04-15 23:45:00,summer,23.75,0.25,0.474,0.0,0.0,27.7,2.69,0.0,0.924,0.924,0.231,2.6,0.601
2026-04-16 00:00:00,summer,0.0,0.25,0.474,0.0,0.0,27.5,1.92,0.0,0.732,0.732,0.183,2.6,0.476
2026-04-16 00:15:00,summer,0.25,0.25,0.474,0.0,0.0,26.9,1.51,0.0,0.595,0.595,0.149,2.6,0.387
2026-04-16 00:30:00,summer,0.5,0.25,0.474,0.0,0.0,27.2,1.54,0.0,0.488,0.488,0.122,2.6,0.317
2026-04-16 00:45:00,summer,0.75,0.25,0.474,0.0,0.0,26.4,1.52,0.0,0.424,0.424,0.106,2.6,0.276
2026-04-16 01:00:00,summer,1.0,0.25,0.474,0.0,0.0,26.5,0.33,0.0,0.378,0.378,0.095,2.6,0.246
2026-04-16 01:15:00,summer,1.25,0.25,0.474,0.0,0.0,26.6,2.52,0.0,0.324,0.324,0.081,2.6,0.211
2026-04-16 01:30:00,summer,1.5,0.25,0.474,0.0,0.0,26.9,2.33,0.0,0.286,0.286,0.071,2.6,0.186
2026-04-16 01:45:00,summer,1.75,0.25,0.474,0.0,0.0,26.2,2.54,0.0,0.252,0.252,0.063,2.6,0.164
2026-04-16 02:00:00,summer,2.0,0.25,0.474,0.0,0.0,26.0,2.22,0.0,0.237,0.237,0.059,2.6,0.154
2026-04-16 02:15:00,summer,2.25,0.25,0.474,0.0,0.0,26.3,1.04,0.0,0.22,0.22,0.055,2.6,0.143
2026-04-16 02:30:00,summer,2.5,0.25,0.474,0.0,0.0,25.5,1.93,0.0,0.204,0.204,0.051,2.6,0.133
2026-04-16 02:45:00,summer,2.75,0.25,0.474,0.0,0.0,26.0,1.36,0.0,0.231,0.231,0.058,2.6,0.15
2026-04-16 03:00:00,summer,3.0,0.25,0.474,0.0,0.0,26.0,2.48,0.0,0.228,0.228,0.057,2.6,0.148
2026-04-16 03:15:00,summer,3.25,0.25,0.474,0.0,0.0,26.3,2.09,0.0,0.224,0.224,0.056,2.6,0.146
2026-04-16 03:30:00,summer,3.5,0.25,0.474,0.0,0.0,25.5,1.31,0.0,0.246,0.246,0.061,2.6,0.16
2026-04-16 03:45:00,summer,3.75,0.25,0.474,0.0,0.0,26.1,1.75,0.0,0.281,0.281,0.07,2.6,0.183
2026-04-16 04:00:00,summer,4.0,0.25,0.474,0.0,0.0,26.4,1.94,0.0,0.295,0.295,0.074,2.6,0.192
2026-04-16 04:15:00,summer,4.25,0.25,0.474,0.0,0.0,26.7,1.87,0.0,0.332,0.332,0.083,2.6,0.216
2026-04-16 04:30:00,summer,4.5,0.25,0.474,0.0,0.0,27.3,1.08,0.0,0.385,0.385,0.096,2.6,0.25
2026-04-16 04:45:00,summer,4.75,0.25,0.474,0.0,0.0,27.4,0.7,0.0,0.451,0.451,0.113,2.6,0.293
2026-04-16 05:00:00,summer,5.0,0.25,0.474,0.0,0.0,27.8,1.4,0.0,0.517,0.517,0.129,2.6,0.336
2026-04-16 05:15:00,summer,5.25,0.25,0.474,0.0,0.0,27.9,1.97,0.0,0.578,0.578,0.144,2.6,0.376
2026-04-16 05:30:00,summer,5.5,0.25,0.474,0.0,0.0,28.5,2.49,0.0,0.651,0.651,0.163,2.6,0.423
2026-04-16 05:45:00,summer,5.75,0.25,0.474,0.0,0.0,28.3,2.04,0.0,0.755,0.755,0.189,2.6,0.491
2026-04-16 06:00:00,summer,6.0,0.25,0.474,0.0,0.0,28.7,1.32,0.0,0.841,0.841,0.21,2.6,0.547
2026-04-16 06:15:00,summer,6.25,0.25,0.373,0.0285,3.5,29.7,1.57,0.0,0.936,0.936,0.234,2.6,0.608
2026-04-16 06:30:00,summer,6.5,0.25,0.428,0.0911,30.0,29.8,2.31,0.147,1.051,0.904,0.226,2.6,0.588
2026-04-16 06:45:00,summer,6.75,0.25,0.355,0.1535,75.8,30.1,2.18,0.368,1.177,0.809,0.202,2.6,0.526
2026-04-16 07:00:00,summer,7.0,0.25,0.394,0.2154,117.2,31.0,1.94,0.565,1.263,0.698,0.174,2.6,0.454
2026-04-16 07:15:00,summer,7.25,0.25,0.413,0.2766,158.0,31.3,2.37,0.758,1.364,0.606,0.152,2.6,0.394
2026-04-16 07:30:00,summer,7.5,0.25,0.355,0.3368,216.8,31.9,1.51,1.028,1.468,0.44,0.11,2.6,0.286
2026-04-16 07:45:00,summer,7.75,0.25,0.31,0.3957,277.1,32.3,1.91,1.305,1.507,0.202,0.05,2.6,0.131
2026-04-16 08:00:00,summer,8.0,0.25,0.236,0.453,352.4,33.0,2.71,1.649,1.575,0.0,0.0,2.6,0.0
2026-04-16 08:15:00,summer,8.25,0.25,0.167,0.5086,431.7,34.0,1.43,1.974,1.604,0.0,0.0,2.6,0.0
2026-04-16 08:30:00,summer,8.5,0.25,0.266,0.5622,436.2,34.2,1.33,1.989,1.643,0.0,0.0,2.6,0.0
2026-04-16 08:45:00,summer,8.75,0.25,0.262,0.6136,483.2,34.5,2.58,2.215,1.668,0.0,0.0,2.6,0.0
2026-04-16 09:00:00,summer,9.0,0.25,0.157,0.6625,587.6,36.4,1.94,2.624,1.648,0.0,0.0,4.18,0.0
2026-04-16 09:15:00,summer,9.25,0.25,0.062,0.7087,692.2,37.1,1.98,3.045,1.614,0.0,0.0,4.18,0.0
2026-04-16 09:30:00,summer,9.5,0.25,0.13,0.7521,695.0,37.2,1.43,3.028,1.538,0.0,0.0,4.18,0.0
2026-04-16 09:45:00,summer,9.75,0.25,0.221,0.7925,670.3,37.2,1.92,2.953,1.469,0.0,0.0,4.18,0.0
2026-04-16 10:00:00,summer,10.0,0.25,0.311,0.8296,633.5,37.1,2.38,2.82,1.38,0.0,0.0,4.18,0.0
2026-04-16 10:15:00,summer,10.25,0.25,0.335,0.8633,641.4,37.5,2.23,2.842,1.301,0.0,0.0,4.18,0.0
2026-04-16 10:30:00,summer,10.5,0.25,0.297,0.8936,698.2,38.6,1.37,3.018,1.185,0.0,0.0,4.18,0.0
2026-04-16 10:45:00,summer,10.75,0.25,0.303,0.9201,715.5,39.1,1.7,3.097,1.095,0.0,0.0,4.18,0.0
2026-04-16 11:00:00,summer,11.0,0.25,0.265,0.9429,768.6,39.5,1.48,3.284,0.994,0.0,0.0,4.18,0.0
2026-04-16 11:15:00,summer,11.25,0.25,0.152,0.9619,888.0,40.5,1.25,3.695,0.889,0.0,0.0,4.18,0.0
2026-04-16 11:30:00,summer,11.5,0.25,0.245,0.9768,817.1,40.8,1.57,3.454,0.776,0.0,0.0,4.18,0.0
2026-04-16 11:45:00,summer,11.75,0.25,0.248,0.9878,824.1,40.5,1.98,3.513,0.671,0.0,0.0,4.18,0.0
2026-04-16 12:00:00,summer,12.0,0.25,0.125,0.9948,945.9,41.5,2.44,3.988,0.61,0.0,0.0,4.18,0.0
2026-04-16 12:15:00,summer,12.25,0.25,0.0,0.9976,1064.8,41.9,2.09,4.388,0.559,0.0,0.0,4.18,0.0
2026-04-16 12:30:00,summer,12.5,0.25,0.0,0.9963,1063.4,42.4,1.61,4.319,0.51,0.0,0.0,4.18,0.0
2026-04-16 12:45:00,summer,12.75,0.25,0.0,0.991,1057.2,42.5,1.61,4.295,0.479,0.0,0.0,4.18,0.0
2026-04-16 13:00:00,summer,13.0,0.25,0.156,0.9816,904.3,42.0,2.36,3.817,0.469,0.0,0.0,4.18,0.0
2026-04-16 13:15:00,summer,13.25,0.25,0.238,0.9681,815.9,41.6,0.72,3.364,0.442,0.0,0.0,4.18,0.0
2026-04-16 13:30:00,summer,13.5,0.25,0.261,0.9507,779.3,42.1,1.73,3.301,0.403,0.0,0.0,4.18,0.0
2026-04-16 13:45:00,summer,13.75,0.25,0.206,0.9294,809.1,42.0,0.94,3.354,0.411,0.0,0.0,4.18,0.0
2026-04-16 14:00:00,summer,14.0,0.25,0.302,0.9043,702.7,42.2,1.67,3.001,0.442,0.0,0.0,4.18,0.0
2026-04-16 14:15:00,summer,14.25,0.25,0.346,0.8754,642.1,41.8,1.7,2.77,0.468,0.0,0.0,4.18,0.0
2026-04-16 14:30:00,summer,14.5,0.25,0.435,0.843,544.0,41.4,2.02,2.389,0.507,0.0,0.0,4.18,0.0
2026-04-16 14:45:00,summer,14.75,0.25,0.295,0.8072,627.9,42.2,1.4,2.696,0.593,0.0,0.0,4.18,0.0
2026-04-16 15:00:00,summer,15.0,0.25,0.341,0.7681,561.5,41.8,1.38,2.436,0.681,0.0,0.0,4.18,0.0
2026-04-16 15:15:00,summer,15.25,0.25,0.278,0.7259,571.0,41.5,1.03,2.463,0.75,0.0,0.0,4.18,0.0
2026-04-16 15:30:00,summer,15.5,0.25,0.203,0.6807,578.3,41.6,1.81,2.521,0.846,0.0,0.0,4.18,0.0
2026-04-16 15:45:00,summer,15.75,0.25,0.217,0.6328,525.5,40.9,3.07,2.34,0.93,0.0,0.0,4.18,0.0
2026-04-16 16:00:00,summer,16.0,0.25,0.143,0.5823,515.4,41.0,1.87,2.272,1.051,0.0,0.0,4.18,0.0
2026-04-16 16:15:00,summer,16.25,0.25,0.166,0.5296,452.7,40.8,1.76,2.01,1.172,0.0,0.0,4.18,0.0
2026-04-16 16:30:00,summer,16.5,0.25,0.284,0.4747,353.1,40.1,1.23,1.584,1.3,0.0,0.0,4.18,0.0
2026-04-16 16:45:00,summer,16.75,0.25,0.307,0.418,296.7,39.6,1.23,1.344,1.442,0.098,0.024,4.18,0.102
2026-04-16 17:00:00,summer,17.0,0.25,0.305,0.3597,249.0,39.5,1.58,1.138,1.61,0.472,0.118,4.18,0.493
2026-04-16 17:15:00,summer,17.25,0.25,0.255,0.3,210.1,39.3,2.61,0.97,1.766,0.796,0.199,4.18,0.832
2026-04-16 17:30:00,summer,17.5,0.25,0.281,0.2392,152.8,38.1,2.03,0.712,1.923,1.211,0.303,4.18,1.265
2026-04-16 17:45:00,summer,17.75,0.25,0.254,0.1775,103.8,38.1,1.77,0.486,2.069,1.583,0.396,4.18,1.654
2026-04-16 18:00:00,summer,18.0,0.25,0.242,0.1153,53.5,37.3,1.26,0.253,2.195,1.942,0.485,4.18,2.029
2026-04-16 18:15:00,summer,18.25,0.25,0.322,0.0527,11.9,36.8,1.67,0.057,2.313,2.256,0.564,4.18,2.358
2026-04-16 18:30:00,summer,18.5,0.25,0.322,0.0,0.0,36.8,1.69,0.0,2.391,2.391,0.598,4.18,2.499
2026-04-16 18:45:00,summer,18.75,0.25,0.322,0.0,0.0,36.2,2.7,0.0,2.524,2.524,0.631,4.18,2.638
2026-04-16 19:00:00,summer,19.0,0.25,0.322,0.0,0.0,35.7,0.65,0.0,2.592,2.592,0.648,4.18,2.709
2026-04-16 19:15:00,summer,19.25,0.25,0.322,0.0,0.0,35.1,1.45,0.0,2.639,2.639,0.66,4.18,2.758
2026-04-16 19:30:00,summer,19.5,0.25,0.322,0.0,0.0,34.5,1.72,0.0,2.674,2.674,0.668,4.18,2.794
2026-04-16 19:45:00,summer,19.75,0.25,0.322,0.0,0.0,34.6,1.94,0.0,2.682,2.682,0.67,4.18,2.803
2026-04-16 20:00:00,summer,20.0,0.25,0.322,0.0,0.0,33.8,1.89,0.0,2.66,2.66,0.665,4.18,2.78
2026-04-16 20:15:00,summer,20.25,0.25,0.322,0.0,0.0,33.1,2.11,0.0,2.597,2.597,0.649,4.18,2.714
2026-04-16 20:30:00,summer,20.5,0.25,0.322,0.0,0.0,32.4,2.6,0.0,2.524,2.524,0.631,4.18,2.638
2026-04-16 20:45:00,summer,20.75,0.25,0.322,0.0,0.0,32.6,0.94,0.0,2.431,2.431,0.608,4.18,2.54
2026-04-16 21:00:00,summer,21.0,0.25,0.322,0.0,0.0,32.0,1.76,0.0,2.362,2.362,0.591,4.18,2.468
2026-04-16 21:15:00,summer,21.25,0.25,0.322,0.0,0.0,31.9,1.62,0.0,2.253,2.253,0.563,4.18,2.354
2026-04-16 21:30:00,summer,21.5,0.25,0.322,0.0,0.0,31.1,1.23,0.0,2.133,2.133,0.533,4.18,2.229
2026-04-16 21:45:00,summer,21.75,0.25,0.322,0.0,0.0,30.4,1.47,0.0,1.984,1.984,0.496,4.18,2.073
2026-04-16 22:00:00,summer,22.0,0.25,0.322,0.0,0.0,30.3,0.91,0.0,1.846,1.846,0.462,2.6,1.2
2026-04-16 22:15:00,summer,22.25,0.25,0.322,0.0,0.0,30.2,1.25,0.0,1.702,1.702,0.425,2.6,1.106
2026-04-16 22:30:00,summer,22.5,0.25,0.322,0.0,0.0,29.3,1.85,0.0,1.545,1.545,0.386,2.6,1.004
2026-04-16 22:45:00,summer,22.75,0.25,0.322,0.0,0.0,29.4,1.7,0.0,1.419,1.419,0.355,2.6,0.922
2026-04-16 23:00:00,summer,23.0,0.25,0.322,0.0,0.0,28.7,2.17,0.0,1.291,1.291,0.323,2.6,0.839
2026-04-16 23:15:00,summer,23.25,0.25,0.322,0.0,0.0,28.7,2.79,0.0,1.16,1.16,0.29,2.6,0.754
2026-04-16 23:30:00,summer,23.5,0.25,0.322,0.0,0.0,27.7,1.04,0.0,1.027,1.027,0.257,2.6,0.668
2026-04-16 23:45:00,summer,23.75,0.25,0.322,0.0,0.0,27.7,1.38,0.0,0.938,0.938,0.234,2.6,0.61
2026-04-17 00:00:00,summer,0.0,0.25,0.322,0.0,0.0,27.2,1.33,0.0,0.761,0.761,0.19,2.6,0.495
2026-04-17 00:15:00,summer,0.25,0.25,0.322,0.0,0.0,27.1,1.54,0.0,0.61,0.61,0.152,2.6,0.397
2026-04-17 00:30:00,summer,0.5,0.25,0.322,0.0,0.0,27.2,2.45,0.0,0.501,0.501,0.125,2.6,0.326
2026-04-17 00:45:00,summer,0.75,0.25,0.322,0.0,0.0,26.7,1.62,0.0,0.418,0.418,0.104,2.6,0.272
2026-04-17 01:00:00,summer,1.0,0.25,0.322,0.0,0.0,26.7,1.37,0.0,0.352,0.352,0.088,2.6,0.229
2026-04-17 01:15:00,summer,1.25,0.25,0.322,0.0,0.0,26.6,1.84,0.0,0.305,0.305,0.076,2.6,0.198
2026-04-17 01:30:00,summer,1.5,0.25,0.322,0.0,0.0,26.2,2.39,0.0,0.267,0.267,0.067,2.6,0.174
2026-04-17 01:45:00,summer,1.75,0.25,0.322,0.0,0.0,26.3,1.53,0.0,0.238,0.238,0.059,2.6,0.155
2026-04-17 02:00:00,summer,2.0,0.25,0.322,0.0,0.0,25.9,1.31,0.0,0.24,0.24,0.06,2.6,0.156
2026-04-17 02:15:00,summer,2.25,0.25,0.322,0.0,0.0,26.0,2.25,0.0,0.218,0.218,0.054,2.6,0.142
2026-04-17 02:30:00,summer,2.5,0.25,0.322,0.0,0.0,26.0,1.99,0.0,0.21,0.21,0.052,2.6,0.137
2026-04-17 02:45:00,summer,2.75,0.25,0.322,0.0,0.0,26.0,1.46,0.0,0.201,0.201,0.05,2.6,0.131
2026-04-17 03:00:00,summer,3.0,0.25,0.322,0.0,0.0,25.6,2.65,0.0,0.222,0.222,0.056,2.6,0.144
2026-04-17 03:15:00,summer,3.25,0.25,0.322,0.0,0.0,25.7,1.82,0.0,0.214,0.214,0.053,2.6,0.139
2026-04-17 03:30:00,summer,3.5,0.25,0.322,0.0,0.0,26.2,1.09,0.0,0.245,0.245,0.061,2.6,0.159
2026-04-17 03:45:00,summer,3.75,0.25,0.322,0.0,0.0,26.3,1.9,0.0,0.277,0.277,0.069,2.6,0.18
2026-04-17 04:00:00,summer,4.0,0.25,0.322,0.0,0.0,26.6,1.76,0.0,0.302,0.302,0.075,2.6,0.196
2026-04-17 04:15:00,summer,4.25,0.25,0.322,0.0,0.0,26.9,1.08,0.0,0.352,0.352,0.088,2.6,0.229
2026-04-17 04:30:00,summer,4.5,0.25,0.322,0.0,0.0,27.0,1.77,0.0,0.362,0.362,0.09,2.6,0.235
2026-04-17 04:45:00,summer,4.75,0.25,0.322,0.0,0.0,26.8,2.01,0.0,0.423,0.423,0.106,2.6,0.275
2026-04-17 05:00:00,summer,5.0,0.25,0.322,0.0,0.0,27.6,2.01,0.0,0.467,0.467,0.117,2.6,0.304
2026-04-17 05:15:00,summer,5.25,0.25,0.322,0.0,0.0,27.7,1.25,0.0,0.549,0.549,0.137,2.6,0.357
2026-04-17 05:30:00,summer,5.5,0.25,0.322,0.0,0.0,27.7,1.61,0.0,0.645,0.645,0.161,2.6,0.419
2026-04-17 05:45:00,summer,5.75,0.25,0.322,0.0,0.0,28.4,1.77,0.0,0.737,0.737,0.184,2.6,0.479
2026-04-17 06:00:00,summer,6.0,0.25,0.322,0.0,0.0,28.5,2.12,0.0,0.843,0.843,0.211,2.6,0.548
2026-04-17 06:15:00,summer,6.25,0.25,0.258,0.031,4.4,29.2,1.74,0.0,0.939,0.939,0.235,2.6,0.61
2026-04-17 06:30:00,summer,6.5,0.25,0.298,0.0936,35.7,30.0,1.89,0.174,1.038,0.864,0.216,2.6,0.562
2026-04-17 06:45:00,summer,6.75,0.25,0.251,0.1559,85.8,30.2,1.87,0.416,1.129,0.713,0.178,2.6,0.463
2026-04-17 07:00:00,summer,7.0,0.25,0.207,0.2177,144.3,30.6,1.54,0.694,1.215,0.521,0.13,2.6,0.339
2026-04-17 07:15:00,summer,7.25,0.25,0.096,0.2788,220.0,31.0,1.82,1.048,1.35,0.302,0.076,2.6,0.196
2026-04-17 07:30:00,summer,7.5,0.25,0.098,0.3389,282.0,31.8,1.54,1.327,1.416,0.089,0.022,2.6,0.058
2026-04-17 07:45:00,summer,7.75,0.25,0.229,0.3977,304.5,32.6,2.1,1.429,1.505,0.076,0.019,2.6,0.049
2026-04-17 08:00:00,summer,8.0,0.25,0.277,0.455,338.6,32.8,1.41,1.574,1.571,0.0,0.0,2.6,0.0
2026-04-17 08:15:00,summer,8.25,0.25,0.27,0.5105,389.7,33.6,1.76,1.8,1.597,0.0,0.0,2.6,0.0
2026-04-17 08:30:00,summer,8.5,0.25,0.286,0.564,428.2,33.9,1.92,1.969,1.613,0.0,0.0,2.6,0.0
2026-04-17 08:45:00,summer,8.75,0.25,0.188,0.6153,524.9,35.4,0.96,2.341,1.629,0.0,0.0,2.6,0.0
2026-04-17 09:00:00,summer,9.0,0.25,0.167,0.6641,583.6,35.7,1.61,2.604,1.596,0.0,0.0,4.18,0.0
2026-04-17 09:15:00,summer,9.25,0.25,0.162,0.7102,631.8,36.4,1.37,2.783,1.543,0.0,0.0,4.18,0.0
2026-04-17 09:30:00,summer,9.5,0.25,0.125,0.7535,699.2,37.5,2.41,3.086,1.501,0.0,0.0,4.18,0.0
2026-04-17 09:45:00,summer,9.75,0.25,0.139,0.7938,730.4,37.2,2.28,3.211,1.433,0.0,0.0,4.18,0.0
2026-04-17 10:00:00,summer,10.0,0.25,0.1,0.8308,797.0,38.3,1.27,3.396,1.355,0.0,0.0,4.18,0.0
2026-04-17 10:15:00,summer,10.25,0.25,0.029,0.8644,888.0,38.8,1.52,3.75,1.265,0.0,0.0,4.18,0.0
2026-04-17 10:30:00,summer,10.5,0.25,0.025,0.8946,925.4,39.8,0.94,3.808,1.165,0.0,0.0,4.18,0.0
2026-04-17 10:45:00,summer,10.75,0.25,0.12,0.921,875.0,39.3,1.33,3.676,1.077,0.0,0.0,4.18,0.0
2026-04-17 11:00:00,summer,11.0,0.25,0.136,0.9437,884.1,39.6,1.54,3.723,0.977,0.0,0.0,4.18,0.0
2026-04-17 11:15:00,summer,11.25,0.25,0.241,0.9626,808.1,39.6,1.7,3.448,0.868,0.0,0.0,4.18,0.0
2026-04-17 11:30:00,summer,11.5,0.25,0.247,0.9775,815.6,40.2,2.78,3.528,0.799,0.0,0.0,4.18,0.0
2026-04-17 11:45:00,summer,11.75,0.25,0.271,0.9884,802.1,41.1,1.95,3.417,0.718,0.0,0.0,4.18,0.0
2026-04-17 12:00:00,summer,12.0,0.25,0.123,0.9952,948.8,41.3,1.77,3.95,0.652,0.0,0.0,4.18,0.0
2026-04-17 12:15:00,summer,12.25,0.25,0.235,0.998,845.6,40.8,1.76,3.575,0.566,0.0,0.0,4.18,0.0
2026-04-17 12:30:00,summer,12.5,0.25,0.338,0.9967,745.1,41.4,1.57,3.171,0.516,0.0,0.0,4.18,0.0
2026-04-17 12:45:00,summer,12.75,0.25,0.471,0.9913,609.6,41.0,2.44,2.675,0.455,0.0,0.0,4.18,0.0
2026-04-17 13:00:00,summer,13.0,0.25,0.491,0.9818,583.6,41.1,0.88,2.511,0.431,0.0,0.0,4.18,0.0
2026-04-17 13:15:00,summer,13.25,0.25,0.37,0.9683,691.4,42.3,1.62,2.953,0.412,0.0,0.0,4.18,0.0
2026-04-17 13:30:00,summer,13.5,0.25,0.509,0.9508,547.1,41.0,0.73,2.361,0.424,0.0,0.0,4.18,0.0
2026-04-17 13:45:00,summer,13.75,0.25,0.499,0.9295,544.0,41.7,1.43,2.368,0.428,0.0,0.0,4.18,0.0
2026-04-17 14:00:00,summer,14.0,0.25,0.476,0.9043,549.1,41.6,2.04,2.409,0.461,0.0,0.0,4.18,0.0
2026-04-17 14:15:00,summer,14.25,0.25,0.4,0.8754,595.8,41.8,1.85,2.591,0.493,0.0,0.0,4.18,0.0
2026-04-17 14:30:00,summer,14.5,0.25,0.401,0.843,571.9,41.4,2.79,2.524,0.53,0.0,0.0,4.18,0.0
2026-04-17 14:45:00,summer,14.75,0.25,0.316,0.8072,611.8,41.9,1.88,2.655,0.588,0.0,0.0,4.18,0.0
2026-04-17 15:00:00,summer,15.0,0.25,0.235,0.768,637.7,42.2,1.94,2.757,0.69,0.0,0.0,4.18,0.0
2026-04-17 15:15:00,summer,15.25,0.25,0.264,0.7258,580.2,41.9,1.79,2.524,0.758,0.0,0.0,4.18,0.0
2026-04-17 15:30:00,summer,15.5,0.25,0.341,0.6806,492.4,41.3,1.28,2.158,0.85,0.0,0.0,4.18,0.0
2026-04-17 15:45:00,summer,15.75,0.25,0.439,0.6328,396.8,41.2,1.8,1.771,0.958,0.0,0.0,4.18,0.0
2026-04-17 16:00:00,summer,16.0,0.25,0.316,0.5823,428.3,40.5,2.02,1.914,1.069,0.0,0.0,4.18,0.0
2026-04-17 16:15:00,summer,16.25,0.25,0.333,0.5296,376.9,40.5,1.24,1.683,1.198,0.0,0.0,4.18,0.0
2026-04-17 16:30:00,summer,16.5,0.25,0.326,0.4748,336.0,40.2,1.29,1.511,1.338,0.0,0.0,4.18,0.0
2026-04-17 16:45:00,summer,16.75,0.25,0.372,0.4181,274.0,39.6,1.74,1.249,1.488,0.239,0.06,4.18,0.25
2026-04-17 17:00:00,summer,17.0,0.25,0.311,0.3598,247.2,39.3,0.6,1.123,1.624,0.501,0.125,4.18,0.524
2026-04-17 17:15:00,summer,17.25,0.25,0.283,0.3001,204.2,38.8,2.58,0.945,1.758,0.813,0.203,4.18,0.85
2026-04-17 17:30:00,summer,17.5,0.25,0.291,0.2394,151.4,38.3,2.03,0.705,1.906,1.201,0.3,4.18,1.255
2026-04-17 17:45:00,summer,17.75,0.25,0.33,0.1778,96.5,38.0,2.02,0.453,2.055,1.602,0.401,4.18,1.674
2026-04-17 18:00:00,summer,18.0,0.25,0.352,0.1156,48.7,37.7,1.02,0.23,2.171,1.941,0.485,4.18,2.028
2026-04-17 18:15:00,summer,18.25,0.25,0.365,0.0531,11.6,37.1,1.19,0.055,2.301,2.246,0.561,4.18,2.347
2026-04-17 18:30:00,summer,18.5,0.25,0.365,0.0,0.0,36.5,2.23,0.0,2.396,2.396,0.599,4.18,2.504
2026-04-17 18:45:00,summer,18.75,0.25,0.365,0.0,0.0,36.4,2.17,0.0,2.495,2.495,0.624,4.18,2.607
2026-04-17 19:00:00,summer,19.0,0.25,0.365,0.0,0.0,36.0,2.04,0.0,2.566,2.566,0.641,4.18,2.681
2026-04-17 19:15:00,summer,19.25,0.25,0.365,0.0,0.0,35.0,1.19,0.0,2.62,2.62,0.655,4.18,2.738
2026-04-17 19:30:00,summer,19.5,0.25,0.365,0.0,0.0,34.7,2.34,0.0,2.655,2.655,0.664,4.18,2.774
2026-04-17 19:45:00,summer,19.75,0.25,0.365,0.0,0.0,34.1,1.4,0.0,2.655,2.655,0.664,4.18,2.774
2026-04-17 20:00:00,summer,20.0,0.25,0.365,0.0,0.0,33.7,1.61,0.0,2.649,2.649,0.662,4.18,2.768
2026-04-17 20:15:00,summer,20.25,0.25,0.365,0.0,0.0,33.4,1.67,0.0,2.605,2.605,0.651,4.18,2.722
2026-04-17 20:30:00,summer,20.5,0.25,0.365,0.0,0.0,32.8,0.92,0.0,2.507,2.507,0.627,4.18,2.62
2026-04-17 20:45:00,summer,20.75,0.25,0.365,0.0,0.0,32.6,2.16,0.0,2.424,2.424,0.606,4.18,2.533
2026-04-17 21:00:00,summer,21.0,0.25,0.365,0.0,0.0,32.0,1.41,0.0,2.34,2.34,0.585,4.18,2.445
2026-04-17 21:15:00,summer,21.25,0.25,0.365,0.0,0.0,32.1,1.82,0.0,2.25,2.25,0.562,4.18,2.351
2026-04-17 21:30:00,summer,21.5,0.25,0.365,0.0,0.0,31.3,0.1,0.0,2.102,2.102,0.525,4.18,2.197
2026-04-17 21:45:00,summer,21.75,0.25,0.365,0.0,0.0,30.7,1.61,0.0,1.981,1.981,0.495,4.18,2.07
2026-04-17 22:00:00,summer,22.0,0.25,0.365,0.0,0.0,30.1,2.03,0.0,1.836,1.836,0.459,2.6,1.193
2026-04-17 22:15:00,summer,22.25,0.25,0.365,0.0,0.0,30.0,1.76,0.0,1.697,1.697,0.424,2.6,1.103
2026-04-17 22:30:00,summer,22.5,0.25,0.365,0.0,0.0,29.5,1.42,0.0,1.553,1.553,0.388,2.6,1.009
2026-04-17 22:45:00,summer,22.75,0.25,0.365,0.0,0.0,29.1,2.33,0.0,1.424,1.424,0.356,2.6,0.926
2026-04-17 23:00:00,summer,23.0,0.25,0.365,0.0,0.0,28.9,1.78,0.0,1.283,1.283,0.321,2.6,0.834
2026-04-17 23:15:00,summer,23.25,0.25,0.365,0.0,0.0,28.5,1.41,0.0,1.17,1.17,0.292,2.6,0.76
2026-04-17 23:30:00,summer,23.5,0.25,0.365,0.0,0.0,28.0,1.21,0.0,1.055,1.055,0.264,2.6,0.686
2026-04-17 23:45:00,summer,23.75,0.25,0.365,0.0,0.0,27.9,2.36,0.0,0.952,0.952,0.238,2.6,0.619
2026-04-18 00:00:00,summer,0.0,0.25,0.365,0.0,0.0,27.5,2.39,0.0,0.751,0.751,0.188,2.6,0.488
2026-04-18 00:15:00,summer,0.25,0.25,0.365,0.0,0.0,27.1,2.46,0.0,0.603,0.603,0.151,2.6,0.392
2026-04-18 00:30:00,summer,0.5,0.25,0.365,0.0,0.0,26.9,1.44,0.0,0.502,0.502,0.126,2.6,0.326
2026-04-18 00:45:00,summer,0.75,0.25,0.365,0.0,0.0,26.5,2.01,0.0,0.424,0.424,0.106,2.6,0.276
2026-04-18 01:00:00,summer,1.0,0.25,0.365,0.0,0.0,26.2,2.17,0.0,0.356,0.356,0.089,2.6,0.231
2026-04-18 01:15:00,summer,1.25,0.25,0.365,0.0,0.0,26.4,2.05,0.0,0.305,0.305,0.076,2.6,0.198
2026-04-18 01:30:00,summer,1.5,0.25,0.365,0.0,0.0,26.7,2.75,0.0,0.279,0.279,0.07,2.6,0.181
2026-04-18 01:45:00,summer,1.75,0.25,0.365,0.0,0.0,26.3,1.37,0.0,0.251,0.251,0.063,2.6,0.163
2026-04-18 02:00:00,summer,2.0,0.25,0.365,0.0,0.0,25.8,2.83,0.0,0.226,0.226,0.057,2.6,0.147
2026-04-18 02:15:00,summer,2.25,0.25,0.365,0.0,0.0,25.9,1.89,0.0,0.213,0.213,0.053,2.6,0.138
2026-04-18 02:30:00,summer,2.5,0.25,0.365,0.0,0.0,25.7,2.47,0.0,0.217,0.217,0.054,2.6,0.141
2026-04-18 02:45:00,summer,2.75,0.25,0.365,0.0,0.0,25.9,1.46,0.0,0.217,0.217,0.054,2.6,0.141
2026-04-18 03:00:00,summer,3.0,0.25,0.365,0.0,0.0,26.2,1.46,0.0,0.207,0.207,0.052,2.6,0.135
2026-04-18 03:15:00,summer,3.25,0.25,0.365,0.0,0.0,26.0,2.25,0.0,0.214,0.214,0.053,2.6,0.139
2026-04-18 03:30:00,summer,3.5,0.25,0.365,0.0,0.0,26.2,2.28,0.0,0.234,0.234,0.059,2.6,0.152
2026-04-18 03:45:00,summer,3.75,0.25,0.365,0.0,0.0,26.6,2.03,0.0,0.248,0.248,0.062,2.6,0.161
2026-04-18 04:00:00,summer,4.0,0.25,0.365,0.0,0.0,26.5,1.68,0.0,0.289,0.289,0.072,2.6,0.188
2026-04-18 04:15:00,summer,4.25,0.25,0.365,0.0,0.0,27.0,2.65,0.0,0.329,0.329,0.082,2.6,0.214
2026-04-18 04:30:00,summer,4.5,0.25,0.365,0.0,0.0,26.9,1.93,0.0,0.347,0.347,0.087,2.6,0.226
2026-04-18 04:45:00,summer,4.75,0.25,0.365,0.0,0.0,26.7,2.24,0.0,0.408,0.408,0.102,2.6,0.265
2026-04-18 05:00:00,summer,5.0,0.25,0.365,0.0,0.0,27.6,1.15,0.0,0.473,0.473,0.118,2.6,0.307
2026-04-18 05:15:00,summer,5.25,0.25,0.365,0.0,0.0,28.4,1.61,0.0,0.566,0.566,0.141,2.6,0.368
2026-04-18 05:30:00,summer,5.5,0.25,0.365,0.0,0.0,28.1,1.56,0.0,0.666,0.666,0.167,2.6,0.433
2026-04-18 05:45:00,summer,5.75,0.25,0.365,0.0,0.0,28.5,1.83,0.0,0.746,0.746,0.186,2.6,0.485
2026-04-18 06:00:00,summer,6.0,0.25,0.365,0.0,0.0,29.0,1.7,0.0,0.816,0.816,0.204,2.6,0.53
2026-04-18 06:15:00,summer,6.25,0.25,0.274,0.0335,5.0,29.4,2.26,0.0,0.939,0.939,0.235,2.6,0.61
2026-04-18 06:30:00,summer,6.5,0.25,0.267,0.096,38.3,29.5,1.75,0.187,1.044,0.857,0.214,2.6,0.557
2026-04-18 06:45:00,summer,6.75,0.25,0.201,0.1582,91.5,29.8,1.29,0.444,1.146,0.702,0.175,2.6,0.456
2026-04-18 07:00:00,summer,7.0,0.25,0.219,0.22,144.8,31.0,1.79,0.695,1.244,0.549,0.137,2.6,0.357
2026-04-18 07:15:00,summer,7.25,0.25,0.288,0.281,187.0,31.7,2.61,0.894,1.323,0.429,0.107,2.6,0.279
2026-04-18 07:30:00,summer,7.5,0.25,0.271,0.341,242.1,31.7,2.06,1.148,1.413,0.265,0.066,2.6,0.172
2026-04-18 07:45:00,summer,7.75,0.25,0.221,0.3997,308.7,32.7,1.96,1.446,1.495,0.049,0.012,2.6,0.032
2026-04-18 08:00:00,summer,8.0,0.25,0.33,0.4569,319.8,33.7,1.72,1.488,1.573,0.085,0.021,2.6,0.055
2026-04-18 08:15:00,summer,8.25,0.25,0.331,0.5123,364.0,34.0,1.95,1.686,1.621,0.0,0.0,2.6,0.0
2026-04-18 08:30:00,summer,8.5,0.25,0.316,0.5657,414.7,34.1,1.74,1.905,1.631,0.0,0.0,2.6,0.0
2026-04-18 08:45:00,summer,8.75,0.25,0.302,0.6169,464.2,34.9,1.27,2.101,1.645,0.0,0.0,2.6,0.0
2026-04-18 09:00:00,summer,9.0,0.25,0.271,0.6656,523.4,35.7,0.95,2.331,1.625,0.0,0.0,2.6,0.0
2026-04-18 09:15:00,summer,9.25,0.25,0.278,0.7116,558.9,36.4,1.94,2.504,1.57,0.0,0.0,2.6,0.0
2026-04-18 09:30:00,summer,9.5,0.25,0.323,0.7548,564.3,36.6,0.85,2.484,1.52,0.0,0.0,2.6,0.0
2026-04-18 09:45:00,summer,9.75,0.25,0.301,0.795,612.7,36.8,2.22,2.732,1.454,0.0,0.0,2.6,0.0
2026-04-18 10:00:00,summer,10.0,0.25,0.191,0.8319,729.7,37.8,2.98,3.227,1.407,0.0,0.0,2.6,0.0
2026-04-18 10:15:00,summer,10.25,0.25,0.099,0.8655,834.4,38.3,1.88,3.582,1.299,0.0,0.0,2.6,0.0
2026-04-18 10:30:00,summer,10.5,0.25,0.118,0.8955,850.8,39.2,2.0,3.638,1.181,0.0,0.0,2.6,0.0
2026-04-18 10:45:00,summer,10.75,0.25,0.093,0.9219,898.9,40.0,2.12,3.816,1.088,0.0,0.0,2.6,0.0
2026-04-18 11:00:00,summer,11.0,0.25,0.098,0.9445,918.1,40.0,1.79,3.863,0.999,0.0,0.0,2.6,0.0
2026-04-18 11:15:00,summer,11.25,0.25,0.171,0.9633,872.8,40.3,1.62,3.675,0.896,0.0,0.0,2.6,0.0
2026-04-18 11:30:00,summer,11.5,0.25,0.026,0.9781,1019.0,41.1,2.08,4.238,0.782,0.0,0.0,2.6,0.0
2026-04-18 11:45:00,summer,11.75,0.25,0.0,0.9889,1054.8,41.3,2.41,4.394,0.718,0.0,0.0,2.6,0.0
2026-04-18 12:00:00,summer,12.0,0.25,0.0,0.9957,1062.6,41.6,0.7,4.202,0.645,0.0,0.0,2.6,0.0
2026-04-18 12:15:00,summer,12.25,0.25,0.067,0.9984,1004.4,42.0,2.13,4.171,0.579,0.0,0.0,2.6,0.0
2026-04-18 12:30:00,summer,12.5,0.25,0.042,0.997,1025.9,42.4,1.51,4.177,0.532,0.0,0.0,2.6,0.0
2026-04-18 12:45:00,summer,12.75,0.25,0.146,0.9915,923.7,41.8,2.69,3.916,0.484,0.0,0.0,2.6,0.0
2026-04-18 13:00:00,summer,13.0,0.25,0.094,0.982,961.2,42.5,2.21,4.009,0.459,0.0,0.0,2.6,0.0
2026-04-18 13:15:00,summer,13.25,0.25,0.153,0.9684,893.6,42.4,1.76,3.726,0.451,0.0,0.0,2.6,0.0
2026-04-18 13:30:00,summer,13.5,0.25,0.206,0.9509,828.7,41.8,1.22,3.453,0.46,0.0,0.0,2.6,0.0
2026-04-18 13:45:00,summer,13.75,0.25,0.178,0.9295,833.4,42.2,2.46,3.549,0.477,0.0,0.0,2.6,0.0
2026-04-18 14:00:00,summer,14.0,0.25,0.222,0.9043,771.7,42.3,1.57,3.258,0.481,0.0,0.0,2.6,0.0
2026-04-18 14:15:00,summer,14.25,0.25,0.217,0.8754,749.1,42.0,0.64,3.109,0.52,0.0,0.0,2.6,0.0
2026-04-18 14:30:00,summer,14.5,0.25,0.247,0.843,695.7,42.3,0.62,2.907,0.545,0.0,0.0,2.6,0.0
2026-04-18 14:45:00,summer,14.75,0.25,0.299,0.8071,624.3,42.0,1.08,2.669,0.605,0.0,0.0,2.6,0.0
2026-04-18 15:00:00,summer,15.0,0.25,0.326,0.768,572.7,42.0,2.04,2.5,0.644,0.0,0.0,2.6,0.0
2026-04-18 15:15:00,summer,15.25,0.25,0.276,0.7258,572.1,41.4,2.04,2.505,0.722,0.0,0.0,2.6,0.0
2026-04-18 15:30:00,summer,15.5,0.25,0.281,0.6806,530.2,41.7,2.82,2.347,0.829,0.0,0.0,2.6,0.0
2026-04-18 15:45:00,summer,15.75,0.25,0.4,0.6327,420.0,40.7,2.48,1.884,0.945,0.0,0.0,2.6,0.0
2026-04-18 16:00:00,summer,16.0,0.25,0.453,0.5823,354.9,40.3,2.14,1.602,1.067,0.0,0.0,2.6,0.0
2026-04-18 16:15:00,summer,16.25,0.25,0.379,0.5296,355.3,40.3,2.27,1.606,1.193,0.0,0.0,2.6,0.0
2026-04-18 16:30:00,summer,16.5,0.25,0.323,0.4748,337.1,40.2,1.52,1.519,1.334,0.0,0.0,2.6,0.0
2026-04-18 16:45:00,summer,16.75,0.25,0.271,0.4181,309.1,39.9,1.61,1.4,1.482,0.082,0.021,2.6,0.053
2026-04-18 17:00:00,summer,17.0,0.25,0.254,0.3599,263.2,39.7,1.62,1.2,1.638,0.438,0.109,2.6,0.285
2026-04-18 17:15:00,summer,17.25,0.25,0.268,0.3003,207.6,38.7,2.69,0.961,1.782,0.821,0.205,2.6,0.534
2026-04-18 17:30:00,summer,17.5,0.25,0.229,0.2396,161.1,38.3,1.45,0.748,1.941,1.193,0.298,2.6,0.775
2026-04-18 17:45:00,summer,17.75,0.25,0.15,0.178,113.4,38.3,0.95,0.529,2.078,1.549,0.387,2.6,1.007
2026-04-18 18:00:00,summer,18.0,0.25,0.148,0.1159,57.6,37.0,1.67,0.272,2.199,1.927,0.482,2.6,1.253
2026-04-18 18:15:00,summer,18.25,0.25,0.116,0.0535,13.7,37.1,2.34,0.065,2.337,2.272,0.568,2.6,1.477
2026-04-18 18:30:00,summer,18.5,0.25,0.116,0.0,0.0,36.5,1.89,0.0,2.445,2.445,0.611,2.6,1.589
2026-04-18 18:45:00,summer,18.75,0.25,0.116,0.0,0.0,36.1,1.81,0.0,2.52,2.52,0.63,2.6,1.638
2026-04-18 19:00:00,summer,19.0,0.25,0.116,0.0,0.0,35.9,1.5,0.0,2.573,2.573,0.643,2.6,1.672
2026-04-18 19:15:00,summer,19.25,0.25,0.116,0.0,0.0,35.5,1.23,0.0,2.623,2.623,0.656,2.6,1.705
2026-04-18 19:30:00,summer,19.5,0.25,0.116,0.0,0.0,35.1,1.93,0.0,2.651,2.651,0.663,2.6,1.723
2026-04-18 19:45:00,summer,19.75,0.25,0.116,0.0,0.0,34.3,1.4,0.0,2.664,2.664,0.666,2.6,1.732
2026-04-18 20:00:00,summer,20.0,0.25,0.116,0.0,0.0,34.2,2.01,0.0,2.67,2.67,0.667,2.6,1.736
2026-04-18 20:15:00,summer,20.25,0.25,0.116,0.0,0.0,33.8,2.04,0.0,2.599,2.599,0.65,2.6,1.689
2026-04-18 20:30:00,summer,20.5,0.25,0.116,0.0,0.0,33.3,1.72,0.0,2.536,2.536,0.634,2.6,1.648
2026-04-18 20:45:00,summer,20.75,0.25,0.116,0.0,0.0,33.2,2.06,0.0,2.478,2.478,0.62,2.6,1.611
2026-04-18 21:00:00,summer,21.0,0.25,0.116,0.0,0.0,32.2,2.28,0.0,2.38,2.38,0.595,2.6,1.547
2026-04-18 21:15:00,summer,21.25,0.25,0.116,0.0,0.0,31.8,1.36,0.0,2.257,2.257,0.564,2.6,1.467
2026-04-18 21:30:00,summer,21.5,0.25,0.116,0.0,0.0,31.6,1.52,0.0,2.135,2.135,0.534,2.6,1.388
2026-04-18 21:45:00,summer,21.75,0.25,0.116,0.0,0.0,30.7,1.41,0.0,2.012,2.012,0.503,2.6,1.308
2026-04-18 22:00:00,summer,22.0,0.25,0.116,0.0,0.0,30.4,1.4,0.0,1.896,1.896,0.474,2.6,1.232
2026-04-18 22:15:00,summer,22.25,0.25,0.116,0.0,0.0,30.0,2.12,0.0,1.745,1.745,0.436,2.6,1.134
2026-04-18 22:30:00,summer,22.5,0.25,0.116,0.0,0.0,29.5,1.66,0.0,1.574,1.574,0.394,2.6,1.023
2026-04-18 22:45:00,summer,22.75,0.25,0.116,0.0,0.0,29.0,2.23,0.0,1.423,1.423,0.356,2.6,0.925
2026-04-18 23:00:00,summer,23.0,0.25,0.116,0.0,0.0,29.3,1.8,0.0,1.286,1.286,0.322,2.6,0.836
2026-04-18 23:15:00,summer,23.25,0.25,0.116,0.0,0.0,28.2,2.47,0.0,1.185,1.185,0.296,2.6,0.77
2026-04-18 23:30:00,summer,23.5,0.25,0.116,0.0,0.0,28.5,1.25,0.0,1.058,1.058,0.265,2.6,0.688
2026-04-18 23:45:00,summer,23.75,0.25,0.116,0.0,0.0,27.5,1.15,0.0,0.956,0.956,0.239,2.6,0.621
2026-04-19 00:00:00,summer,0.0,0.25,0.116,0.0,0.0,27.6,1.71,0.0,0.755,0.755,0.189,2.6,0.491
2026-04-19 00:15:00,summer,0.25,0.25,0.116,0.0,0.0,27.6,1.88,0.0,0.604,0.604,0.151,2.6,0.393
2026-04-19 00:30:00,summer,0.5,0.25,0.116,0.0,0.0,27.2,2.97,0.0,0.49,0.49,0.122,2.6,0.319
2026-04-19 00:45:00,summer,0.75,0.25,0.116,0.0,0.0,26.2,1.64,0.0,0.414,0.414,0.103,2.6,0.269
2026-04-19 01:00:00,summer,1.0,0.25,0.116,0.0,0.0,26.8,1.28,0.0,0.363,0.363,0.091,2.6,0.236
2026-04-19 01:15:00,summer,1.25,0.25,0.116,0.0,0.0,26.2,1.53,0.0,0.343,0.343,0.086,2.6,0.223
2026-04-19 01:30:00,summer,1.5,0.25,0.116,0.0,0.0,26.8,1.8,0.0,0.295,0.295,0.074,2.6,0.192
2026-04-19 01:45:00,summer,1.75,0.25,0.116,0.0,0.0,26.2,1.17,0.0,0.271,0.271,0.068,2.6,0.176
2026-04-19 02:00:00,summer,2.0,0.25,0.116,0.0,0.0,26.1,2.46,0.0,0.263,0.263,0.066,2.6,0.171
2026-04-19 02:15:00,summer,2.25,0.25,0.116,0.0,0.0,26.1,2.07,0.0,0.247,0.247,0.062,2.6,0.161
2026-04-19 02:30:00,summer,2.5,0.25,0.116,0.0,0.0,26.0,1.04,0.0,0.226,0.226,0.057,2.6,0.147
2026-04-19 02:45:00,summer,2.75,0.25,0.116,0.0,0.0,26.0,2.08,0.0,0.218,0.218,0.054,2.6,0.142
2026-04-19 03:00:00,summer,3.0,0.25,0.116,0.0,0.0,26.1,1.54,0.0,0.208,0.208,0.052,2.6,0.135
2026-04-19 03:15:00,summer,3.25,0.25,0.116,0.0,0.0,25.7,0.9,0.0,0.235,0.235,0.059,2.6,0.153
2026-04-19 03:30:00,summer,3.5,0.25,0.116,0.0,0.0,26.6,2.77,0.0,0.255,0.255,0.064,2.6,0.166
2026-04-19 03:45:00,summer,3.75,0.25,0.116,0.0,0.0,26.6,1.93,0.0,0.262,0.262,0.066,2.6,0.17
2026-04-19 04:00:00,summer,4.0,0.25,0.116,0.0,0.0,26.5,1.51,0.0,0.301,0.301,0.075,2.6,0.196
2026-04-19 04:15:00,summer,4.25,0.25,0.116,0.0,0.0,26.7,2.23,0.0,0.341,0.341,0.085,2.6,0.222
2026-04-19 04:30:00,summer,4.5,0.25,0.116,0.0,0.0,26.7,1.96,0.0,0.387,0.387,0.097,2.6,0.252
2026-04-19 04:45:00,summer,4.75,0.25,0.116,0.0,0.0,27.0,2.14,0.0,0.465,0.465,0.116,2.6,0.302
2026-04-19 05:00:00,summer,5.0,0.25,0.116,0.0,0.0,27.3,1.73,0.0,0.515,0.515,0.129,2.6,0.335
2026-04-19 05:15:00,summer,5.25,0.25,0.116,0.0,0.0,28.1,1.44,0.0,0.591,0.591,0.148,2.6,0.384
2026-04-19 05:30:00,summer,5.5,0.25,0.116,0.0,0.0,27.8,1.39,0.0,0.652,0.652,0.163,2.6,0.424
2026-04-19 05:45:00,summer,5.75,0.25,0.116,0.0,0.0,28.6,2.69,0.0,0.742,0.742,0.185,2.6,0.482
2026-04-19 06:00:00,summer,6.0,0.25,0.116,0.0,0.0,28.8,2.12,0.0,0.828,0.828,0.207,2.6,0.538
2026-04-19 06:15:00,summer,6.25,0.25,0.083,0.036,6.2,29.0,0.99,0.0,0.931,0.931,0.233,2.6,0.605
2026-04-19 06:30:00,summer,6.5,0.25,0.025,0.0984,46.1,30.0,1.37,0.225,1.06,0.835,0.209,2.6,0.543
2026-04-19 06:45:00,summer,6.75,0.25,0.012,0.1605,105.9,30.0,2.27,0.513,1.171,0.658,0.165,2.6,0.428
2026-04-19 07:00:00,summer,7.0,0.25,0.058,0.2222,166.4,30.9,2.0,0.798,1.262,0.464,0.116,2.6,0.302
2026-04-19 07:15:00,summer,7.25,0.25,0.0,0.2831,240.8,31.3,2.0,1.144,1.358,0.214,0.054,2.6,0.139
2026-04-19 07:30:00,summer,7.5,0.25,0.0,0.343,308.8,32.0,1.74,1.449,1.454,0.005,0.001,2.6,0.003
2026-04-19 07:45:00,summer,7.75,0.25,0.072,0.4016,355.4,32.7,1.76,1.654,1.518,0.0,0.0,2.6,0.0
2026-04-19 08:00:00,summer,8.0,0.25,0.067,0.4587,418.2,33.7,1.1,1.911,1.572,0.0,0.0,2.6,0.0
2026-04-19 08:15:00,summer,8.25,0.25,0.058,0.5141,482.0,33.7,1.77,2.201,1.615,0.0,0.0,2.6,0.0
2026-04-19 08:30:00,summer,8.5,0.25,0.058,0.5674,540.0,34.8,2.56,2.457,1.637,0.0,0.0,2.6,0.0
2026-04-19 08:45:00,summer,8.75,0.25,0.068,0.6184,590.9,35.2,1.79,2.647,1.617,0.0,0.0,2.6,0.0
2026-04-19 09:00:00,summer,9.0,0.25,0.185,0.6671,576.1,35.4,3.13,2.618,1.607,0.0,0.0,2.6,0.0
2026-04-19 09:15:00,summer,9.25,0.25,0.174,0.713,626.9,35.9,1.41,2.771,1.556,0.0,0.0,2.6,0.0
2026-04-19 09:30:00,summer,9.5,0.25,0.16,0.7561,678.2,37.1,1.4,2.961,1.5,0.0,0.0,2.6,0.0
2026-04-19 09:45:00,summer,9.75,0.25,0.223,0.7962,672.3,37.2,1.1,2.92,1.449,0.0,0.0,2.6,0.0
2026-04-19 10:00:00,summer,10.0,0.25,0.281,0.833,660.5,38.0,1.66,2.891,1.372,0.0,0.0,2.6,0.0
2026-04-19 10:15:00,summer,10.25,0.25,0.257,0.8664,708.8,38.2,1.25,3.058,1.273,0.0,0.0,2.6,0.0
2026-04-19 10:30:00,summer,10.5,0.25,0.35,0.8964,654.6,38.5,0.53,2.797,1.188,0.0,0.0,2.6,0.0
2026-04-19 10:45:00,summer,10.75,0.25,0.298,0.9227,721.9,39.0,1.82,3.129,1.083,0.0,0.0,2.6,0.0
2026-04-19 11:00:00,summer,11.0,0.25,0.35,0.9452,692.9,39.3,2.08,3.022,1.004,0.0,0.0,2.6,0.0
2026-04-19 11:15:00,summer,11.25,0.25,0.39,0.9639,669.3,39.4,2.52,2.942,0.914,0.0,0.0,2.6,0.0
2026-04-19 11:30:00,summer,11.5,0.25,0.362,0.9786,707.4,40.5,2.0,3.059,0.819,0.0,0.0,2.6,0.0
2026-04-19 11:45:00,summer,11.75,0.25,0.406,0.9894,672.4,40.9,2.44,2.931,0.715,0.0,0.0,2.6,0.0
2026-04-19 12:00:00,summer,12.0,0.25,0.357,0.9961,726.1,41.2,1.29,3.083,0.646,0.0,0.0,2.6,0.0
2026-04-19 12:15:00,summer,12.25,0.25,0.272,0.9987,810.1,41.1,1.2,3.395,0.577,0.0,0.0,2.6,0.0
2026-04-19 12:30:00,summer,12.5,0.25,0.317,0.9973,765.5,41.2,1.08,3.218,0.528,0.0,0.0,2.6,0.0
2026-04-19 12:45:00,summer,12.75,0.25,0.239,0.9917,836.1,42.0,2.26,3.551,0.483,0.0,0.0,2.6,0.0
2026-04-19 13:00:00,summer,13.0,0.25,0.244,0.9821,823.0,42.2,2.34,3.502,0.464,0.0,0.0,2.6,0.0
2026-04-19 13:15:00,summer,13.25,0.25,0.217,0.9685,835.3,42.0,1.84,3.521,0.452,0.0,0.0,2.6,0.0
2026-04-19 13:30:00,summer,13.5,0.25,0.189,0.951,844.8,42.4,1.57,3.531,0.453,0.0,0.0,2.6,0.0
2026-04-19 13:45:00,summer,13.75,0.25,0.234,0.9295,784.5,42.3,1.22,3.282,0.474,0.0,0.0,2.6,0.0
2026-04-19 14:00:00,summer,14.0,0.25,0.273,0.9043,728.0,42.1,2.08,3.121,0.505,0.0,0.0,2.6,0.0
2026-04-19 14:15:00,summer,14.25,0.25,0.228,0.8754,740.1,42.1,1.53,3.139,0.526,0.0,0.0,2.6,0.0
2026-04-19 14:30:00,summer,14.5,0.25,0.227,0.843,712.0,42.1,2.66,3.082,0.591,0.0,0.0,2.6,0.0
2026-04-19 14:45:00,summer,14.75,0.25,0.189,0.8071,707.0,42.4,1.54,3.008,0.627,0.0,0.0,2.6,0.0
2026-04-19 15:00:00,summer,15.0,0.25,0.096,0.7679,734.3,42.1,2.28,3.155,0.693,0.0,0.0,2.6,0.0
2026-04-19 15:15:00,summer,15.25,0.25,0.249,0.7257,590.4,41.9,1.45,2.553,0.768,0.0,0.0,2.6,0.0
2026-04-19 15:30:00,summer,15.5,0.25,0.178,0.6805,593.3,41.6,1.62,2.575,0.838,0.0,0.0,2.6,0.0
2026-04-19 15:45:00,summer,15.75,0.25,0.193,0.6327,538.4,41.1,1.84,2.365,0.954,0.0,0.0,2.6,0.0
2026-04-19 16:00:00,summer,16.0,0.25,0.182,0.5823,496.3,41.1,1.98,2.194,1.073,0.0,0.0,2.6,0.0
2026-04-19 16:15:00,summer,16.25,0.25,0.139,0.5296,464.3,40.5,1.34,2.052,1.208,0.0,0.0,2.6,0.0
2026-04-19 16:30:00,summer,16.5,0.25,0.113,0.4748,419.0,40.6,1.14,1.857,1.347,0.0,0.0,2.6,0.0
2026-04-19 16:45:00,summer,16.75,0.25,0.032,0.4182,385.2,39.9,2.0,1.735,1.475,0.0,0.0,2.6,0.0
2026-04-19 17:00:00,summer,17.0,0.25,0.091,0.36,305.8,39.5,2.98,1.399,1.626,0.227,0.057,2.6,0.148
2026-04-19 17:15:00,summer,17.25,0.25,0.035,0.3004,254.0,39.0,2.32,1.167,1.772,0.605,0.151,2.6,0.393
2026-04-19 17:30:00,summer,17.5,0.25,0.0,0.2398,192.3,38.5,1.67,0.889,1.894,1.005,0.251,2.6,0.653
2026-04-19 17:45:00,summer,17.75,0.25,0.06,0.1783,120.8,37.8,2.24,0.566,2.061,1.495,0.374,2.6,0.972
2026-04-19 18:00:00,summer,18.0,0.25,0.013,0.1163,62.3,37.4,1.8,0.294,2.188,1.894,0.474,2.6,1.231
2026-04-19 18:15:00,summer,18.25,0.25,0.0,0.0539,14.4,37.2,1.84,0.068,2.316,2.248,0.562,2.6,1.461
2026-04-19 18:30:00,summer,18.5,0.25,0.0,0.0,0.0,36.9,1.64,0.0,2.406,2.406,0.602,2.6,1.564
2026-04-19 18:45:00,summer,18.75,0.25,0.0,0.0,0.0,36.0,2.22,0.0,2.514,2.514,0.628,2.6,1.634
2026-04-19 19:00:00,summer,19.0,0.25,0.0,0.0,0.0,35.7,1.61,0.0,2.574,2.574,0.643,2.6,1.673
2026-04-19 19:15:00,summer,19.25,0.25,0.0,0.0,0.0,35.2,1.39,0.0,2.649,2.649,0.662,2.6,1.722
2026-04-19 19:30:00,summer,19.5,0.25,0.0,0.0,0.0,35.0,1.45,0.0,2.679,2.679,0.67,2.6,1.741
2026-04-19 19:45:00,summer,19.75,0.25,0.0,0.0,0.0,34.7,1.24,0.0,2.681,2.681,0.67,2.6,1.743
2026-04-19 20:00:00,summer,20.0,0.25,0.0,0.0,0.0,33.9,2.22,0.0,2.685,2.685,0.671,2.6,1.745
2026-04-19 20:15:00,summer,20.25,0.25,0.0,0.0,0.0,33.3,1.55,0.0,2.627,2.627,0.657,2.6,1.708
2026-04-19 20:30:00,summer,20.5,0.25,0.0,0.0,0.0,33.1,0.37,0.0,2.562,2.562,0.64,2.6,1.665
2026-04-19 20:45:00,summer,20.75,0.25,0.0,0.0,0.0,32.6,2.25,0.0,2.476,2.476,0.619,2.6,1.609
2026-04-19 21:00:00,summer,21.0,0.25,0.0,0.0,0.0,32.0,2.28,0.0,2.375,2.375,0.594,2.6,1.544
2026-04-19 21:15:00,summer,21.25,0.25,0.0,0.0,0.0,31.0,1.56,0.0,2.281,2.281,0.57,2.6,1.483
2026-04-19 21:30:00,summer,21.5,0.25,0.0,0.0,0.0,31.2,2.43,0.0,2.134,2.134,0.533,2.6,1.387
2026-04-19 21:45:00,summer,21.75,0.25,0.0,0.0,0.0,30.8,1.93,0.0,1.997,1.997,0.499,2.6,1.298
2026-04-19 22:00:00,summer,22.0,0.25,0.0,0.0,0.0,30.2,2.06,0.0,1.829,1.829,0.457,2.6,1.189
2026-04-19 22:15:00,summer,22.25,0.25,0.0,0.0,0.0,29.6,1.64,0.0,1.684,1.684,0.421,2.6,1.095
2026-04-19 22:30:00,summer,22.5,0.25,0.0,0.0,0.0,29.8,2.02,0.0,1.541,1.541,0.385,2.6,1.002
2026-04-19 22:45:00,summer,22.75,0.25,0.0,0.0,0.0,29.1,1.98,0.0,1.405,1.405,0.351,2.6,0.913
2026-04-19 23:00:00,summer,23.0,0.25,0.0,0.0,0.0,28.8,2.03,0.0,1.287,1.287,0.322,2.6,0.837
2026-04-19 23:15:00,summer,23.25,0.25,0.0,0.0,0.0,28.4,2.35,0.0,1.156,1.156,0.289,2.6,0.751
2026-04-19 23:30:00,summer,23.5,0.25,0.0,0.0,0.0,27.9,2.36,0.0,1.041,1.041,0.26,2.6,0.677
2026-04-19 23:45:00,summer,23.75,0.25,0.0,0.0,0.0,27.6,2.17,0.0,0.94,0.94,0.235,2.6,0.611
2026-04-20 00:00:00,summer,0.0,0.25,0.0,0.0,0.0,27.3,1.87,0.0,0.755,0.755,0.189,2.6,0.491
2026-04-20 00:15:00,summer,0.25,0.25,0.0,0.0,0.0,27.1,0.98,0.0,0.628,0.628,0.157,2.6,0.408
2026-04-20 00:30:00,summer,0.5,0.25,0.0,0.0,0.0,27.1,1.82,0.0,0.517,0.517,0.129,2.6,0.336
2026-04-20 00:45:00,summer,0.75,0.25,0.0,0.0,0.0,27.1,1.63,0.0,0.425,0.425,0.106,2.6,0.276
2026-04-20 01:00:00,summer,1.0,0.25,0.0,0.0,0.0,26.7,1.28,0.0,0.371,0.371,0.093,2.6,0.241
2026-04-20 01:15:00,summer,1.25,0.25,0.0,0.0,0.0,26.3,2.1,0.0,0.316,0.316,0.079,2.6,0.205
2026-04-20 01:30:00,summer,1.5,0.25,0.0,0.0,0.0,25.9,1.66,0.0,0.275,0.275,0.069,2.6,0.179
2026-04-20 01:45:00,summer,1.75,0.25,0.0,0.0,0.0,26.4,2.14,0.0,0.244,0.244,0.061,2.6,0.159
2026-04-20 02:00:00,summer,2.0,0.25,0.0,0.0,0.0,26.1,1.5,0.0,0.236,0.236,0.059,2.6,0.153
2026-04-20 02:15:00,summer,2.25,0.25,0.0,0.0,0.0,26.3,1.7,0.0,0.214,0.214,0.053,2.6,0.139
2026-04-20 02:30:00,summer,2.5,0.25,0.0,0.0,0.0,26.4,2.95,0.0,0.23,0.23,0.058,2.6,0.15
2026-04-20 02:45:00,summer,2.75,0.25,0.0,0.0,0.0,26.0,1.84,0.0,0.224,0.224,0.056,2.6,0.146
2026-04-20 03:00:00,summer,3.0,0.25,0.0,0.0,0.0,25.8,1.97,0.0,0.218,0.218,0.054,2.6,0.142
2026-04-20 03:15:00,summer,3.25,0.25,0.0,0.0,0.0,26.2,1.72,0.0,0.232,0.232,0.058,2.6,0.151
2026-04-20 03:30:00,summer,3.5,0.25,0.0,0.0,0.0,26.2,1.22,0.0,0.24,0.24,0.06,2.6,0.156
2026-04-20 03:45:00,summer,3.75,0.25,0.0,0.0,0.0,26.4,1.93,0.0,0.24,0.24,0.06,2.6,0.156
2026-04-20 04:00:00,summer,4.0,0.25,0.0,0.0,0.0,27.0,1.65,0.0,0.284,0.284,0.071,2.6,0.185
2026-04-20 04:15:00,summer,4.25,0.25,0.0,0.0,0.0,26.7,2.66,0.0,0.33,0.33,0.083,2.6,0.215
2026-04-20 04:30:00,summer,4.5,0.25,0.0,0.0,0.0,27.2,2.25,0.0,0.366,0.366,0.091,2.6,0.238
2026-04-20 04:45:00,summer,4.75,0.25,0.0,0.0,0.0,27.4,1.75,0.0,0.417,0.417,0.104,2.6,0.271
2026-04-20 05:00:00,summer,5.0,0.25,0.0,0.0,0.0,27.1,2.41,0.0,0.485,0.485,0.121,2.6,0.315
2026-04-20 05:15:00,summer,5.25,0.25,0.0,0.0,0.0,27.9,1.22,0.0,0.567,0.567,0.142,2.6,0.369
2026-04-20 05:30:00,summer,5.5,0.25,0.0,0.0,0.0,28.1,2.55,0.0,0.637,0.637,0.159,2.6,0.414
2026-04-20 05:45:00,summer,5.75,0.25,0.0,0.0,0.0,28.6,1.23,0.0,0.708,0.708,0.177,2.6,0.46
2026-04-20 06:00:00,summer,6.0,0.25,0.0,0.0,0.0,29.0,1.7,0.0,0.818,0.818,0.204,2.6,0.532
2026-04-20 06:15:00,summer,6.25,0.25,0.0,0.0383,7.2,29.2,1.4,0.0,0.932,0.932,0.233,2.6,0.606
2026-04-20 06:30:00,summer,6.5,0.25,0.0,0.1007,48.6,29.2,1.58,0.238,1.051,0.813,0.203,2.6,0.528
2026-04-20 06:45:00,summer,6.75,0.25,0.065,0.1628,104.9,30.3,1.71,0.507,1.13,0.623,0.156,2.6,0.405
2026-04-20 07:00:00,summer,7.0,0.25,0.086,0.2244,165.4,30.6,1.49,0.793,1.209,0.416,0.104,2.6,0.27
2026-04-20 07:15:00,summer,7.25,0.25,0.083,0.2852,229.0,31.5,1.77,1.087,1.3,0.213,0.053,2.6,0.138
2026-04-20 07:30:00,summer,7.5,0.25,0.137,0.345,279.2,32.0,1.02,1.308,1.406,0.098,0.024,2.6,0.064
2026-04-20 07:45:00,summer,7.75,0.25,0.089,0.4035,352.3,32.6,1.76,1.641,1.475,0.0,0.0,2.6,0.0
2026-04-20 08:00:00,summer,8.0,0.25,0.213,0.4605,367.5,33.2,1.24,1.697,1.533,0.0,0.0,2.6,0.0
2026-04-20 08:15:00,summer,8.25,0.25,0.23,0.5158,411.4,34.1,2.14,1.897,1.592,0.0,0.0,2.6,0.0
2026-04-20 08:30:00,summer,8.5,0.25,0.16,0.569,493.8,34.7,2.36,2.255,1.613,0.0,0.0,2.6,0.0
2026-04-20 08:45:00,summer,8.75,0.25,0.226,0.6199,508.4,34.5,1.89,2.309,1.634,0.0,0.0,2.6,0.0
2026-04-20 09:00:00,summer,9.0,0.25,0.212,0.6685,561.4,36.2,2.37,2.529,1.613,0.0,0.0,4.18,0.0
2026-04-20 09:15:00,summer,9.25,0.25,0.235,0.7143,588.9,36.1,1.99,2.634,1.561,0.0,0.0,4.18,0.0
2026-04-20 09:30:00,summer,9.5,0.25,0.231,0.7573,630.6,36.5,1.16,2.767,1.5,0.0,0.0,4.18,0.0
2026-04-20 09:45:00,summer,9.75,0.25,0.185,0.7973,700.7,37.8,1.71,3.057,1.402,0.0,0.0,4.18,0.0
2026-04-20 10:00:00,summer,10.0,0.25,0.248,0.834,687.2,37.6,1.55,2.998,1.316,0.0,0.0,4.18,0.0
2026-04-20 10:15:00,summer,10.25,0.25,0.056,0.8674,870.6,38.7,2.44,3.751,1.248,0.0,0.0,4.18,0.0
2026-04-20 10:30:00,summer,10.5,0.25,0.071,0.8972,890.6,39.6,1.7,3.76,1.157,0.0,0.0,4.18,0.0
2026-04-20 10:45:00,summer,10.75,0.25,0.054,0.9234,933.9,40.0,2.04,3.942,1.054,0.0,0.0,4.18,0.0
2026-04-20 11:00:00,summer,11.0,0.25,0.076,0.9459,939.1,40.3,1.25,3.883,0.94,0.0,0.0,4.18,0.0
2026-04-20 11:15:00,summer,11.25,0.25,0.016,0.9645,1012.7,40.7,2.21,4.235,0.867,0.0,0.0,4.18,0.0
2026-04-20 11:30:00,summer,11.5,0.25,0.078,0.9791,973.2,40.9,1.4,4.009,0.79,0.0,0.0,4.18,0.0
2026-04-20 11:45:00,summer,11.75,0.25,0.007,0.9898,1049.5,41.2,2.27,4.364,0.708,0.0,0.0,4.18,0.0
2026-04-20 12:00:00,summer,12.0,0.25,0.0,0.9964,1063.5,42.0,0.9,4.23,0.652,0.0,0.0,4.18,0.0
2026-04-20 12:15:00,summer,12.25,0.25,0.013,0.999,1054.5,41.5,2.25,4.374,0.584,0.0,0.0,4.18,0.0
2026-04-20 12:30:00,summer,12.5,0.25,0.063,0.9975,1006.3,42.0,1.79,4.146,0.533,0.0,0.0,4.18,0.0
2026-04-20 12:45:00,summer,12.75,0.25,0.0,0.9919,1058.2,42.6,1.3,4.258,0.492,0.0,0.0,4.18,0.0
2026-04-20 13:00:00,summer,13.0,0.25,0.05,0.9823,1001.5,42.2,2.02,4.147,0.458,0.0,0.0,4.18,0.0
2026-04-20 13:15:00,summer,13.25,0.25,0.0,0.9686,1031.2,42.7,1.62,4.202,0.448,0.0,0.0,4.18,0.0
2026-04-20 13:30:00,summer,13.5,0.25,0.0,0.951,1010.9,42.7,1.34,4.099,0.445,0.0,0.0,4.18,0.0
2026-04-20 13:45:00,summer,13.75,0.25,0.046,0.9295,946.6,42.6,2.23,3.955,0.455,0.0,0.0,4.18,0.0
2026-04-20 14:00:00,summer,14.0,0.25,0.03,0.9043,931.8,42.8,1.9,3.87,0.469,0.0,0.0,4.18,0.0
2026-04-20 14:15:00,summer,14.25,0.25,0.042,0.8754,890.0,42.4,2.4,3.758,0.516,0.0,0.0,4.18,0.0
2026-04-20 14:30:00,summer,14.5,0.25,0.0,0.8429,885.6,42.4,2.77,3.763,0.54,0.0,0.0,4.18,0.0
2026-04-20 14:45:00,summer,14.75,0.25,0.0,0.807,844.0,42.7,1.58,3.523,0.59,0.0,0.0,4.18,0.0
2026-04-20 15:00:00,summer,15.0,0.25,0.116,0.7679,720.4,41.9,1.51,3.065,0.66,0.0,0.0,4.18,0.0
2026-04-20 15:15:00,summer,15.25,0.25,0.064,0.7256,709.6,42.4,1.44,3.012,0.747,0.0,0.0,4.18,0.0
2026-04-20 15:30:00,summer,15.5,0.25,0.075,0.6805,654.2,41.6,2.14,2.838,0.837,0.0,0.0,4.18,0.0
2026-04-20 15:45:00,summer,15.75,0.25,0.086,0.6326,596.4,41.2,1.42,2.584,0.942,0.0,0.0,4.18,0.0
2026-04-20 16:00:00,summer,16.0,0.25,0.122,0.5823,525.8,40.8,1.39,2.303,1.097,0.0,0.0,4.18,0.0
2026-04-20 16:15:00,summer,16.25,0.25,0.165,0.5296,453.1,40.8,1.22,1.999,1.203,0.0,0.0,4.18,0.0
2026-04-20 16:30:00,summer,16.5,0.25,0.127,0.4749,413.8,39.9,1.1,1.841,1.339,0.0,0.0,4.18,0.0
2026-04-20 16:45:00,summer,16.75,0.25,0.108,0.4183,361.9,39.9,1.67,1.63,1.49,0.0,0.0,4.18,0.0
2026-04-20 17:00:00,summer,17.0,0.25,0.127,0.3601,296.9,39.0,2.12,1.357,1.636,0.279,0.07,4.18,0.292
2026-04-20 17:15:00,summer,17.25,0.25,0.193,0.3006,223.5,38.6,2.43,1.033,1.795,0.762,0.191,4.18,0.796
2026-04-20 17:30:00,summer,17.5,0.25,0.261,0.24,156.6,38.7,2.02,0.727,1.945,1.218,0.304,4.18,1.273
2026-04-20 17:45:00,summer,17.75,0.25,0.23,0.1786,106.9,37.8,1.57,0.501,2.092,1.591,0.398,4.18,1.663
2026-04-20 18:00:00,summer,18.0,0.25,0.246,0.1166,54.4,37.5,2.41,0.257,2.195,1.938,0.484,4.18,2.025
2026-04-20 18:15:00,summer,18.25,0.25,0.137,0.0543,14.1,37.0,1.68,0.067,2.322,2.255,0.564,4.18,2.356
2026-04-20 18:30:00,summer,18.5,0.25,0.137,0.0,0.0,36.7,2.15,0.0,2.462,2.462,0.616,4.18,2.573
2026-04-20 18:45:00,summer,18.75,0.25,0.137,0.0,0.0,35.6,1.63,0.0,2.554,2.554,0.638,4.18,2.669
2026-04-20 19:00:00,summer,19.0,0.25,0.137,0.0,0.0,35.8,1.89,0.0,2.604,2.604,0.651,4.18,2.721
2026-04-20 19:15:00,summer,19.25,0.25,0.137,0.0,0.0,35.3,1.9,0.0,2.648,2.648,0.662,4.18,2.767
2026-04-20 19:30:00,summer,19.5,0.25,0.137,0.0,0.0,35.0,1.26,0.0,2.686,2.686,0.671,4.18,2.807
2026-04-20 19:45:00,summer,19.75,0.25,0.137,0.0,0.0,34.5,0.6,0.0,2.693,2.693,0.673,4.18,2.814
2026-04-20 20:00:00,summer,20.0,0.25,0.137,0.0,0.0,33.8,0.84,0.0,2.662,2.662,0.665,4.18,2.782
2026-04-20 20:15:00,summer,20.25,0.25,0.137,0.0,0.0,33.2,2.68,0.0,2.617,2.617,0.654,4.18,2.735
2026-04-20 20:30:00,summer,20.5,0.25,0.137,0.0,0.0,33.1,2.76,0.0,2.558,2.558,0.639,4.18,2.673
2026-04-20 20:45:00,summer,20.75,0.25,0.137,0.0,0.0,32.4,1.82,0.0,2.476,2.476,0.619,4.18,2.587
2026-04-20 21:00:00,summer,21.0,0.25,0.137,0.0,0.0,32.5,1.6,0.0,2.379,2.379,0.595,4.18,2.486
2026-04-20 21:15:00,summer,21.25,0.25,0.137,0.0,0.0,31.4,1.83,0.0,2.254,2.254,0.564,4.18,2.355
2026-04-20 21:30:00,summer,21.5,0.25,0.137,0.0,0.0,31.0,1.96,0.0,2.115,2.115,0.529,4.18,2.21
2026-04-20 21:45:00,summer,21.75,0.25,0.137,0.0,0.0,30.5,2.34,0.0,1.999,1.999,0.5,4.18,2.089
2026-04-20 22:00:00,summer,22.0,0.25,0.137,0.0,0.0,30.1,2.0,0.0,1.867,1.867,0.467,2.6,1.214
2026-04-20 22:15:00,summer,22.25,0.25,0.137,0.0,0.0,29.9,1.86,0.0,1.714,1.714,0.428,2.6,1.114
2026-04-20 22:30:00,summer,22.5,0.25,0.137,0.0,0.0,29.7,1.81,0.0,1.577,1.577,0.394,2.6,1.025
2026-04-20 22:45:00,summer,22.75,0.25,0.137,0.0,0.0,29.1,1.95,0.0,1.446,1.446,0.361,2.6,0.94
2026-04-20 23:00:00,summer,23.0,0.25,0.137,0.0,0.0,28.7,1.93,0.0,1.28,1.28,0.32,2.6,0.832
2026-04-20 23:15:00,summer,23.25,0.25,0.137,0.0,0.0,28.2,2.65,0.0,1.15,1.15,0.287,2.6,0.747
2026-04-20 23:30:00,summer,23.5,0.25,0.137,0.0,0.0,28.1,2.26,0.0,1.034,1.034,0.259,2.6,0.672
2026-04-20 23:45:00,summer,23.75,0.25,0.137,0.0,0.0,27.9,2.81,0.0,0.933,0.933,0.233,2.6,0.606
2026-04-21 00:00:00,summer,0.0,0.25,0.137,0.0,0.0,27.0,1.72,0.0,0.757,0.757,0.189,2.6,0.492
2026-04-21 00:15:00,summer,0.25,0.25,0.137,0.0,0.0,27.1,1.23,0.0,0.605,0.605,0.151,2.6,0.393
2026-04-21 00:30:00,summer,0.5,0.25,0.137,0.0,0.0,26.9,1.23,0.0,0.492,0.492,0.123,2.6,0.32
2026-04-21 00:45:00,summer,0.75,0.25,0.137,0.0,0.0,26.7,1.91,0.0,0.415,0.415,0.104,2.6,0.27
2026-04-21 01:00:00,summer,1.0,0.25,0.137,0.0,0.0,26.1,1.84,0.0,0.359,0.359,0.09,2.6,0.233
2026-04-21 01:15:00,summer,1.25,0.25,0.137,0.0,0.0,25.8,3.02,0.0,0.323,0.323,0.081,2.6,0.21
2026-04-21 01:30:00,summer,1.5,0.25,0.137,0.0,0.0,26.1,2.0,0.0,0.28,0.28,0.07,2.6,0.182
2026-04-21 01:45:00,summer,1.75,0.25,0.137,0.0,0.0,25.7,1.5,0.0,0.247,0.247,0.062,2.6,0.161
2026-04-21 02:00:00,summer,2.0,0.25,0.137,0.0,0.0,26.0,1.1,0.0,0.223,0.223,0.056,2.6,0.145
2026-04-21 02:15:00,summer,2.25,0.25,0.137,0.0,0.0,25.7,2.04,0.0,0.218,0.218,0.054,2.6,0.142
2026-04-21 02:30:00,summer,2.5,0.25,0.137,0.0,0.0,25.9,2.56,0.0,0.201,0.201,0.05,2.6,0.131
2026-04-21 02:45:00,summer,2.75,0.25,0.137,0.0,0.0,26.4,2.01,0.0,0.217,0.217,0.054,2.6,0.141
2026-04-21 03:00:00,summer,3.0,0.25,0.137,0.0,0.0,26.0,1.64,0.0,0.218,0.218,0.054,2.6,0.142
2026-04-21 03:15:00,summer,3.25,0.25,0.137,0.0,0.0,26.1,1.08,0.0,0.231,0.231,0.058,2.6,0.15
2026-04-21 03:30:00,summer,3.5,0.25,0.137,0.0,0.0,26.1,1.96,0.0,0.242,0.242,0.06,2.6,0.157
2026-04-21 03:45:00,summer,3.75,0.25,0.137,0.0,0.0,26.3,2.68,0.0,0.265,0.265,0.066,2.6,0.172
2026-04-21 04:00:00,summer,4.0,0.25,0.137,0.0,0.0,26.9,0.65,0.0,0.3,0.3,0.075,2.6,0.195
2026-04-21 04:15:00,summer,4.25,0.25,0.137,0.0,0.0,26.9,0.76,0.0,0.329,0.329,0.082,2.6,0.214
2026-04-21 04:30:00,summer,4.5,0.25,0.137,0.0,0.0,26.6,1.74,0.0,0.371,0.371,0.093,2.6,0.241
2026-04-21 04:45:00,summer,4.75,0.25,0.137,0.0,0.0,27.4,1.79,0.0,0.429,0.429,0.107,2.6,0.279
2026-04-21 05:00:00,summer,5.0,0.25,0.137,0.0,0.0,27.6,3.09,0.0,0.512,0.512,0.128,2.6,0.333
2026-04-21 05:15:00,summer,5.25,0.25,0.137,0.0,0.0,27.7,2.1,0.0,0.573,0.573,0.143,2.6,0.372
2026-04-21 05:30:00,summer,5.5,0.25,0.137,0.0,0.0,28.4,1.51,0.0,0.666,0.666,0.167,2.6,0.433
2026-04-21 05:45:00,summer,5.75,0.25,0.137,0.0,0.0,28.6,1.34,0.0,0.754,0.754,0.189,2.6,0.49
2026-04-21 06:00:00,summer,6.0,0.25,0.137,0.0,0.0,28.9,2.21,0.0,0.85,0.85,0.212,2.6,0.552
2026-04-21 06:15:00,summer,6.25,0.25,0.195,0.0407,7.7,29.3,2.15,0.0,0.961,0.961,0.24,2.6,0.625
2026-04-21 06:30:00,summer,6.5,0.25,0.105,0.1029,48.1,29.9,0.73,0.234,1.054,0.82,0.205,2.6,0.533
2026-04-21 06:45:00,summer,6.75,0.25,0.149,0.1649,101.2,30.4,2.97,0.491,1.184,0.693,0.173,2.6,0.45
2026-04-21 07:00:00,summer,7.0,0.25,0.195,0.2265,153.8,30.8,0.51,0.735,1.285,0.55,0.137,2.6,0.357
2026-04-21 07:15:00,summer,7.25,0.25,0.217,0.2872,206.2,31.4,2.11,0.983,1.371,0.388,0.097,2.6,0.252
2026-04-21 07:30:00,summer,7.5,0.25,0.125,0.3469,284.1,32.5,2.0,1.336,1.459,0.123,0.031,2.6,0.08
2026-04-21 07:45:00,summer,7.75,0.25,0.192,0.4054,323.1,32.5,1.25,1.505,1.529,0.024,0.006,2.6,0.016
2026-04-21 08:00:00,summer,8.0,0.25,0.267,0.4623,348.8,33.2,2.16,1.626,1.58,0.0,0.0,2.6,0.0
2026-04-21 08:15:00,summer,8.25,0.25,0.172,0.5174,438.2,33.9,1.69,2.008,1.626,0.0,0.0,2.6,0.0
2026-04-21 08:30:00,summer,8.5,0.25,0.1,0.5705,524.2,35.1,1.44,2.358,1.656,0.0,0.0,2.6,0.0
2026-04-21 08:45:00,summer,8.75,0.25,0.046,0.6214,605.4,35.2,2.09,2.717,1.655,0.0,0.0,2.6,0.0
2026-04-21 09:00:00,summer,9.0,0.25,0.077,0.6698,641.7,35.6,1.49,2.838,1.619,0.0,0.0,4.18,0.0
2026-04-21 09:15:00,summer,9.25,0.25,0.108,0.7156,671.4,36.6,1.39,2.94,1.572,0.0,0.0,4.18,0.0
2026-04-21 09:30:00,summer,9.5,0.25,0.095,0.7585,724.6,36.6,2.19,3.193,1.512,0.0,0.0,4.18,0.0
2026-04-21 09:45:00,summer,9.75,0.25,0.006,0.7983,829.6,37.9,2.22,3.592,1.423,0.0,0.0,4.18,0.0
2026-04-21 10:00:00,summer,10.0,0.25,0.0,0.835,876.4,37.8,1.31,3.705,1.329,0.0,0.0,4.18,0.0
2026-04-21 10:15:00,summer,10.25,0.25,0.0,0.8683,915.0,38.6,2.0,3.893,1.26,0.0,0.0,4.18,0.0
2026-04-21 10:30:00,summer,10.5,0.25,0.08,0.898,884.5,39.3,0.96,3.674,1.168,0.0,0.0,4.18,0.0
2026-04-21 10:45:00,summer,10.75,0.25,0.184,0.9241,823.3,39.0,1.69,3.516,1.089,0.0,0.0,4.18,0.0
2026-04-21 11:00:00,summer,11.0,0.25,0.129,0.9465,893.2,40.0,1.85,3.774,1.006,0.0,0.0,4.18,0.0
2026-04-21 11:15:00,summer,11.25,0.25,0.103,0.965,935.4,40.3,1.95,3.935,0.9,0.0,0.0,4.18,0.0
2026-04-21 11:30:00,summer,11.5,0.25,0.143,0.9796,914.5,40.7,1.67,3.826,0.799,0.0,0.0,4.18,0.0
2026-04-21 11:45:00,summer,11.75,0.25,0.176,0.9902,894.2,40.5,1.82,3.767,0.713,0.0,0.0,4.18,0.0
2026-04-21 12:00:00,summer,12.0,0.25,0.155,0.9968,920.0,41.2,1.48,3.82,0.648,0.0,0.0,4.18,0.0
2026-04-21 12:15:00,summer,12.25,0.25,0.213,0.9993,867.2,41.6,1.72,3.64,0.575,0.0,0.0,4.18,0.0
2026-04-21 12:30:00,summer,12.5,0.25,0.37,0.9977,714.1,41.1,1.9,3.072,0.537,0.0,0.0,4.18,0.0
2026-04-21 12:45:00,summer,12.75,0.25,0.252,0.992,824.3,41.8,1.97,3.492,0.499,0.0,0.0,4.18,0.0
2026-04-21 13:00:00,summer,13.0,0.25,0.328,0.9824,743.1,41.9,1.21,3.133,0.461,0.0,0.0,4.18,0.0
2026-04-21 13:15:00,summer,13.25,0.25,0.379,0.9687,683.1,41.8,2.24,2.955,0.452,0.0,0.0,4.18,0.0
2026-04-21 13:30:00,summer,13.5,0.25,0.286,0.951,756.6,41.6,1.98,3.235,0.429,0.0,0.0,4.18,0.0
2026-04-21 13:45:00,summer,13.75,0.25,0.321,0.9295,707.1,42.2,2.51,3.055,0.447,0.0,0.0,4.18,0.0
2026-04-21 14:00:00,summer,14.0,0.25,0.232,0.9042,763.2,42.0,3.17,3.307,0.468,0.0,0.0,4.18,0.0
2026-04-21 14:15:00,summer,14.25,0.25,0.391,0.8753,603.7,41.9,1.75,2.618,0.479,0.0,0.0,4.18,0.0
2026-04-21 14:30:00,summer,14.5,0.25,0.311,0.8428,645.0,41.6,2.21,2.804,0.533,0.0,0.0,4.18,0.0
2026-04-21 14:45:00,summer,14.75,0.25,0.212,0.8069,690.3,42.7,1.77,2.951,0.59,0.0,0.0,4.18,0.0
2026-04-21 15:00:00,summer,15.0,0.25,0.25,0.7678,626.9,41.7,1.74,2.713,0.664,0.0,0.0,4.18,0.0
2026-04-21 15:15:00,summer,15.25,0.25,0.065,0.7255,709.2,42.0,1.61,3.026,0.734,0.0,0.0,4.18,0.0
2026-04-21 15:30:00,summer,15.5,0.25,0.039,0.6804,674.9,41.7,2.35,2.928,0.858,0.0,0.0,4.18,0.0
2026-04-21 15:45:00,summer,15.75,0.25,0.004,0.6326,640.1,41.4,0.93,2.729,0.968,0.0,0.0,4.18,0.0
2026-04-21 16:00:00,summer,16.0,0.25,0.0,0.5822,583.9,41.4,0.98,2.513,1.103,0.0,0.0,4.18,0.0
2026-04-21 16:15:00,summer,16.25,0.25,0.0,0.5296,523.1,41.1,2.15,2.309,1.228,0.0,0.0,4.18,0.0
2026-04-21 16:30:00,summer,16.5,0.25,0.077,0.4749,432.3,40.7,1.96,1.929,1.372,0.0,0.0,4.18,0.0
2026-04-21 16:45:00,summer,16.75,0.25,0.089,0.4184,367.9,40.1,2.28,1.662,1.524,0.0,0.0,4.18,0.0
2026-04-21 17:00:00,summer,17.0,0.25,0.101,0.3603,303.6,39.5,2.06,1.383,1.676,0.293,0.073,4.18,0.306
2026-04-21 17:15:00,summer,17.25,0.25,0.087,0.3008,244.6,39.4,1.76,1.12,1.807,0.687,0.172,4.18,0.718
2026-04-21 17:30:00,summer,17.5,0.25,0.051,0.2403,186.4,38.4,1.45,0.862,1.942,1.08,0.27,4.18,1.129
2026-04-21 17:45:00,summer,17.75,0.25,0.138,0.1789,115.2,38.1,2.14,0.539,2.075,1.536,0.384,4.18,1.605
2026-04-21 18:00:00,summer,18.0,0.25,0.153,0.117,58.4,37.2,1.76,0.276,2.217,1.941,0.485,4.18,2.028
2026-04-21 18:15:00,summer,18.25,0.25,0.18,0.0548,14.0,36.7,1.87,0.067,2.328,2.261,0.565,4.18,2.363
2026-04-21 18:30:00,summer,18.5,0.25,0.18,0.0,0.0,36.8,1.59,0.0,2.415,2.415,0.604,4.18,2.524
2026-04-21 18:45:00,summer,18.75,0.25,0.18,0.0,0.0,36.2,1.14,0.0,2.515,2.515,0.629,4.18,2.628
2026-04-21 19:00:00,summer,19.0,0.25,0.18,0.0,0.0,35.6,2.41,0.0,2.557,2.557,0.639,4.18,2.672
2026-04-21 19:15:00,summer,19.25,0.25,0.18,0.0,0.0,35.5,1.45,0.0,2.614,2.614,0.653,4.18,2.732
2026-04-21 19:30:00,summer,19.5,0.25,0.18,0.0,0.0,34.7,1.04,0.0,2.629,2.629,0.657,4.18,2.747
2026-04-21 19:45:00,summer,19.75,0.25,0.18,0.0,0.0,34.3,1.62,0.0,2.653,2.653,0.663,4.18,2.772
2026-04-21 20:00:00,summer,20.0,0.25,0.18,0.0,0.0,33.9,0.75,0.0,2.639,2.639,0.66,4.18,2.758
2026-04-21 20:15:00,summer,20.25,0.25,0.18,0.0,0.0,33.8,2.16,0.0,2.586,2.586,0.646,4.18,2.702
2026-04-21 20:30:00,summer,20.5,0.25,0.18,0.0,0.0,33.2,1.63,0.0,2.522,2.522,0.63,4.18,2.635
2026-04-21 20:45:00,summer,20.75,0.25,0.18,0.0,0.0,32.6,1.2,0.0,2.46,2.46,0.615,4.18,2.571
2026-04-21 21:00:00,summer,21.0,0.25,0.18,0.0,0.0,32.4,2.63,0.0,2.338,2.338,0.585,4.18,2.443
2026-04-21 21:15:00,summer,21.25,0.25,0.18,0.0,0.0,31.6,2.0,0.0,2.242,2.242,0.56,4.18,2.343
2026-04-21 21:30:00,summer,21.5,0.25,0.18,0.0,0.0,31.3,2.52,0.0,2.149,2.149,0.537,4.18,2.246
2026-04-21 21:45:00,summer,21.75,0.25,0.18,0.0,0.0,30.8,1.23,0.0,2.033,2.033,0.508,4.18,2.124
2026-04-21 22:00:00,summer,22.0,0.25,0.18,0.0,0.0,30.1,1.4,0.0,1.892,1.892,0.473,2.6,1.23
2026-04-21 22:15:00,summer,22.25,0.25,0.18,0.0,0.0,30.0,2.27,0.0,1.756,1.756,0.439,2.6,1.141
2026-04-21 22:30:00,summer,22.5,0.25,0.18,0.0,0.0,29.5,1.82,0.0,1.598,1.598,0.4,2.6,1.039
2026-04-21 22:45:00,summer,22.75,0.25,0.18,0.0,0.0,29.4,1.62,0.0,1.451,1.451,0.363,2.6,0.943
2026-04-21 23:00:00,summer,23.0,0.25,0.18,0.0,0.0,29.1,0.85,0.0,1.304,1.304,0.326,2.6,0.848
2026-04-21 23:15:00,summer,23.25,0.25,0.18,0.0,0.0,28.2,0.6,0.0,1.157,1.157,0.289,2.6,0.752
2026-04-21 23:30:00,summer,23.5,0.25,0.18,0.0,0.0,27.8,2.12,0.0,1.022,1.022,0.256,2.6,0.664
2026-04-21 23:45:00,summer,23.75,0.25,0.18,0.0,0.0,27.7,1.89,0.0,0.917,0.917,0.229,2.6,0.596
2026-04-22 00:00:00,summer,0.0,0.25,0.18,0.0,0.0,27.4,2.6,0.0,0.727,0.727,0.182,2.6,0.473
2026-04-22 00:15:00,summer,0.25,0.25,0.18,0.0,0.0,27.4,2.16,0.0,0.598,0.598,0.149,2.6,0.389
2026-04-22 00:30:00,summer,0.5,0.25,0.18,0.0,0.0,26.8,2.27,0.0,0.486,0.486,0.121,2.6,0.316
2026-04-22 00:45:00,summer,0.75,0.25,0.18,0.0,0.0,27.1,1.77,0.0,0.421,0.421,0.105,2.6,0.274
2026-04-22 01:00:00,summer,1.0,0.25,0.18,0.0,0.0,26.7,1.61,0.0,0.363,0.363,0.091,2.6,0.236
2026-04-22 01:15:00,summer,1.25,0.25,0.18,0.0,0.0,26.1,2.03,0.0,0.311,0.311,0.078,2.6,0.202
2026-04-22 01:30:00,summer,1.5,0.25,0.18,0.0,0.0,26.3,2.33,0.0,0.276,0.276,0.069,2.6,0.179
2026-04-22 01:45:00,summer,1.75,0.25,0.18,0.0,0.0,26.0,1.93,0.0,0.265,0.265,0.066,2.6,0.172
2026-04-22 02:00:00,summer,2.0,0.25,0.18,0.0,0.0,26.5,2.28,0.0,0.259,0.259,0.065,2.6,0.168
2026-04-22 02:15:00,summer,2.25,0.25,0.18,0.0,0.0,26.0,1.63,0.0,0.232,0.232,0.058,2.6,0.151
2026-04-22 02:30:00,summer,2.5,0.25,0.18,0.0,0.0,25.8,1.98,0.0,0.211,0.211,0.053,2.6,0.137
2026-04-22 02:45:00,summer,2.75,0.25,0.18,0.0,0.0,25.7,1.79,0.0,0.196,0.196,0.049,2.6,0.127
2026-04-22 03:00:00,summer,3.0,0.25,0.18,0.0,0.0,26.3,2.55,0.0,0.206,0.206,0.051,2.6,0.134
2026-04-22 03:15:00,summer,3.25,0.25,0.18,0.0,0.0,25.7,1.68,0.0,0.203,0.203,0.051,2.6,0.132
2026-04-22 03:30:00,summer,3.5,0.25,0.18,0.0,0.0,26.4,2.26,0.0,0.209,0.209,0.052,2.6,0.136
2026-04-22 03:45:00,summer,3.75,0.25,0.18,0.0,0.0,26.7,1.38,0.0,0.258,0.258,0.065,2.6,0.168
2026-04-22 04:00:00,summer,4.0,0.25,0.18,0.0,0.0,26.5,2.48,0.0,0.269,0.269,0.067,2.6,0.175
2026-04-22 04:15:00,summer,4.25,0.25,0.18,0.0,0.0,26.8,1.87,0.0,0.309,0.309,0.077,2.6,0.201
2026-04-22 04:30:00,summer,4.5,0.25,0.18,0.0,0.0,27.1,1.49,0.0,0.358,0.358,0.089,2.6,0.233
2026-04-22 04:45:00,summer,4.75,0.25,0.18,0.0,0.0,27.0,2.42,0.0,0.408,0.408,0.102,2.6,0.265
2026-04-22 05:00:00,summer,5.0,0.25,0.18,0.0,0.0,27.4,2.28,0.0,0.458,0.458,0.115,2.6,0.298
2026-04-22 05:15:00,summer,5.25,0.25,0.18,0.0,0.0,27.7,2.43,0.0,0.527,0.527,0.132,2.6,0.343
2026-04-22 05:30:00,summer,5.5,0.25,0.18,0.0,0.0,28.0,1.66,0.0,0.629,0.629,0.157,2.6,0.409
2026-04-22 05:45:00,summer,5.75,0.25,0.18,0.0,0.0,28.7,1.14,0.0,0.725,0.725,0.181,2.6,0.471
2026-04-22 06:00:00,summer,6.0,0.25,0.18,0.0,0.0,29.0,1.89,0.0,0.808,0.808,0.202,2.6,0.525
2026-04-22 06:15:00,summer,6.25,0.25,0.223,0.043,8.4,29.2,1.7,0.0,0.915,0.915,0.229,2.6,0.595
2026-04-22 06:30:00,summer,6.5,0.25,0.181,0.1051,47.8,29.5,2.2,0.234,1.029,0.795,0.199,2.6,0.517
2026-04-22 06:45:00,summer,6.75,0.25,0.229,0.1671,97.0,30.5,1.89,0.469,1.123,0.654,0.164,2.6,0.425
2026-04-22 07:00:00,summer,7.0,0.25,0.299,0.2285,141.2,31.2,1.36,0.677,1.236,0.559,0.14,2.6,0.363
2026-04-22 07:15:00,summer,7.25,0.25,0.218,0.2892,207.9,31.5,2.58,0.992,1.325,0.333,0.083,2.6,0.216
2026-04-22 07:30:00,summer,7.5,0.25,0.186,0.3488,270.9,31.8,1.37,1.275,1.42,0.145,0.036,2.6,0.094
2026-04-22 07:45:00,summer,7.75,0.25,0.229,0.4071,312.9,32.0,1.56,1.466,1.477,0.011,0.003,2.6,0.007
2026-04-22 08:00:00,summer,8.0,0.25,0.146,0.4639,395.5,33.3,1.38,1.821,1.539,0.0,0.0,2.6,0.0
2026-04-22 08:15:00,summer,8.25,0.25,0.157,0.519,445.8,33.8,2.41,2.055,1.572,0.0,0.0,2.6,0.0
2026-04-22 08:30:00,summer,8.5,0.25,0.14,0.572,506.3,34.7,1.1,2.276,1.619,0.0,0.0,2.6,0.0
2026-04-22 08:45:00,summer,8.75,0.25,0.16,0.6228,547.2,35.2,2.42,2.48,1.621,0.0,0.0,2.6,0.0
2026-04-22 09:00:00,summer,9.0,0.25,0.185,0.6711,579.7,35.8,2.09,2.603,1.605,0.0,0.0,4.18,0.0
2026-04-22 09:15:00,summer,9.25,0.25,0.119,0.7168,665.3,37.0,2.52,2.957,1.577,0.0,0.0,4.18,0.0
2026-04-22 09:30:00,summer,9.5,0.25,0.15,0.7596,688.7,36.8,2.41,3.052,1.515,0.0,0.0,4.18,0.0
2026-04-22 09:45:00,summer,9.75,0.25,0.191,0.7993,698.2,37.6,1.99,3.063,1.459,0.0,0.0,4.18,0.0
2026-04-22 10:00:00,summer,10.0,0.25,0.09,0.8359,810.5,38.3,2.33,3.516,1.358,0.0,0.0,4.18,0.0
2026-04-22 10:15:00,summer,10.25,0.25,0.177,0.8691,776.2,38.1,2.34,3.384,1.249,0.0,0.0,4.18,0.0
2026-04-22 10:30:00,summer,10.5,0.25,0.184,0.8988,798.9,39.0,1.85,3.432,1.149,0.0,0.0,4.18,0.0
2026-04-22 10:45:00,summer,10.75,0.25,0.253,0.9248,763.7,39.6,1.64,3.273,1.072,0.0,0.0,4.18,0.0
2026-04-22 11:00:00,summer,11.0,0.25,0.274,0.9471,764.1,39.2,2.32,3.318,0.973,0.0,0.0,4.18,0.0
2026-04-22 11:15:00,summer,11.25,0.25,0.358,0.9655,701.2,39.5,2.3,3.061,0.872,0.0,0.0,4.18,0.0
2026-04-22 11:30:00,summer,11.5,0.25,0.412,0.98,659.9,40.0,1.35,2.847,0.812,0.0,0.0,4.18,0.0
2026-04-22 11:45:00,summer,11.75,0.25,0.324,0.9905,753.1,40.5,1.71,3.223,0.744,0.0,0.0,4.18,0.0
2026-04-22 12:00:00,summer,12.0,0.25,0.44,0.997,643.8,40.3,2.06,2.81,0.662,0.0,0.0,4.18,0.0
2026-04-22 12:15:00,summer,12.25,0.25,0.508,0.9995,577.9,40.5,1.83,2.533,0.606,0.0,0.0,4.18,0.0
2026-04-22 12:30:00,summer,12.5,0.25,0.519,0.9978,565.0,41.0,1.98,2.479,0.551,0.0,0.0,4.18,0.0
2026-04-22 12:45:00,summer,12.75,0.25,0.484,0.9921,597.1,40.7,2.32,2.624,0.507,0.0,0.0,4.18,0.0
2026-04-22 13:00:00,summer,13.0,0.25,0.559,0.9824,515.9,40.8,1.75,2.273,0.476,0.0,0.0,4.18,0.0
2026-04-22 13:15:00,summer,13.25,0.25,0.548,0.9687,520.1,41.5,1.04,2.261,0.428,0.0,0.0,4.18,0.0
2026-04-22 13:30:00,summer,13.5,0.25,0.444,0.951,609.5,41.4,2.12,2.66,0.438,0.0,0.0,4.18,0.0
2026-04-22 13:45:00,summer,13.75,0.25,0.348,0.9295,682.7,41.9,1.16,2.9,0.438,0.0,0.0,4.18,0.0
2026-04-22 14:00:00,summer,14.0,0.25,0.373,0.9042,640.6,41.9,1.9,2.771,0.459,0.0,0.0,4.18,0.0
2026-04-22 14:15:00,summer,14.25,0.25,0.331,0.8752,654.9,42.3,1.26,2.793,0.511,0.0,0.0,4.18,0.0
2026-04-22 14:30:00,summer,14.5,0.25,0.37,0.8427,596.6,41.6,1.45,2.581,0.529,0.0,0.0,4.18,0.0
2026-04-22 14:45:00,summer,14.75,0.25,0.326,0.8068,603.4,42.1,2.28,2.632,0.578,0.0,0.0,4.18,0.0
2026-04-22 15:00:00,summer,15.0,0.25,0.368,0.7677,541.3,41.7,2.82,2.394,0.654,0.0,0.0,4.18,0.0
2026-04-22 15:15:00,summer,15.25,0.25,0.457,0.7255,447.5,41.1,1.86,1.988,0.752,0.0,0.0,4.18,0.0
2026-04-22 15:30:00,summer,15.5,0.25,0.423,0.6803,439.9,41.2,1.49,1.947,0.849,0.0,0.0,4.18,0.0
2026-04-22 15:45:00,summer,15.75,0.25,0.349,0.6325,449.8,40.7,2.2,2.007,0.948,0.0,0.0,4.18,0.0
2026-04-22 16:00:00,summer,16.0,0.25,0.42,0.5822,372.9,40.7,1.83,1.673,1.077,0.0,0.0,4.18,0.0
2026-04-22 16:15:00,summer,16.25,0.25,0.407,0.5296,342.1,40.4,1.97,1.544,1.186,0.0,0.0,4.18,0.0
2026-04-22 16:30:00,summer,16.5,0.25,0.438,0.4749,289.3,39.4,1.15,1.312,1.347,0.035,0.009,4.18,0.037
2026-04-22 16:45:00,summer,16.75,0.25,0.451,0.4185,245.9,39.2,1.39,1.125,1.49,0.365,0.091,4.18,0.381
2026-04-22 17:00:00,summer,17.0,0.25,0.42,0.3604,216.1,39.0,2.06,0.996,1.637,0.641,0.16,4.18,0.67
2026-04-22 17:15:00,summer,17.25,0.25,0.404,0.301,177.6,38.6,2.27,0.824,1.787,0.963,0.241,4.18,1.006
2026-04-22 17:30:00,summer,17.5,0.25,0.37,0.2405,139.6,38.4,0.5,0.647,1.934,1.287,0.322,4.18,1.345
2026-04-22 17:45:00,summer,17.75,0.25,0.347,0.1792,95.9,38.1,2.67,0.45,2.059,1.609,0.402,4.18,1.681
2026-04-22 18:00:00,summer,18.0,0.25,0.203,0.1174,56.7,37.4,2.15,0.268,2.18,1.912,0.478,4.18,1.998
2026-04-22 18:15:00,summer,18.25,0.25,0.266,0.0552,13.6,36.7,2.57,0.065,2.289,2.224,0.556,4.18,2.324
2026-04-22 18:30:00,summer,18.5,0.25,0.266,0.0,0.0,36.5,1.97,0.0,2.398,2.398,0.6,4.18,2.506
2026-04-22 18:45:00,summer,18.75,0.25,0.266,0.0,0.0,35.6,1.45,0.0,2.484,2.484,0.621,4.18,2.596
2026-04-22 19:00:00,summer,19.0,0.25,0.266,0.0,0.0,36.2,1.9,0.0,2.554,2.554,0.638,4.18,2.669
2026-04-22 19:15:00,summer,19.25,0.25,0.266,0.0,0.0,35.4,2.26,0.0,2.61,2.61,0.652,4.18,2.727
2026-04-22 19:30:00,summer,19.5,0.25,0.266,0.0,0.0,35.0,2.04,0.0,2.621,2.621,0.655,4.18,2.739
2026-04-22 19:45:00,summer,19.75,0.25,0.266,0.0,0.0,34.1,2.36,0.0,2.64,2.64,0.66,4.18,2.759
2026-04-22 20:00:00,summer,20.0,0.25,0.266,0.0,0.0,33.9,1.74,0.0,2.632,2.632,0.658,4.18,2.75
2026-04-22 20:15:00,summer,20.25,0.25,0.266,0.0,0.0,33.6,1.65,0.0,2.59,2.59,0.647,4.18,2.707
2026-04-22 20:30:00,summer,20.5,0.25,0.266,0.0,0.0,32.6,1.96,0.0,2.524,2.524,0.631,4.18,2.638
2026-04-22 20:45:00,summer,20.75,0.25,0.266,0.0,0.0,32.6,2.74,0.0,2.441,2.441,0.61,4.18,2.551
2026-04-22 21:00:00,summer,21.0,0.25,0.266,0.0,0.0,31.9,2.44,0.0,2.365,2.365,0.591,4.18,2.471
2026-04-22 21:15:00,summer,21.25,0.25,0.266,0.0,0.0,31.7,2.92,0.0,2.235,2.235,0.559,4.18,2.336
2026-04-22 21:30:00,summer,21.5,0.25,0.266,0.0,0.0,31.6,0.4,0.0,2.135,2.135,0.534,4.18,2.231
2026-04-22 21:45:00,summer,21.75,0.25,0.266,0.0,0.0,30.8,1.89,0.0,1.995,1.995,0.499,4.18,2.085
2026-04-22 22:00:00,summer,22.0,0.25,0.266,0.0,0.0,30.6,2.23,0.0,1.835,1.835,0.459,2.6,1.193
2026-04-22 22:15:00,summer,22.25,0.25,0.266,0.0,0.0,29.8,2.29,0.0,1.696,1.696,0.424,2.6,1.102
2026-04-22 22:30:00,summer,22.5,0.25,0.266,0.0,0.0,29.5,2.34,0.0,1.559,1.559,0.39,2.6,1.013
2026-04-22 22:45:00,summer,22.75,0.25,0.266,0.0,0.0,29.1,1.64,0.0,1.408,1.408,0.352,2.6,0.915
2026-04-22 23:00:00,summer,23.0,0.25,0.266,0.0,0.0,28.7,2.05,0.0,1.29,1.29,0.323,2.6,0.839
2026-04-22 23:15:00,summer,23.25,0.25,0.266,0.0,0.0,28.5,0.75,0.0,1.158,1.158,0.289,2.6,0.753
2026-04-22 23:30:00,summer,23.5,0.25,0.266,0.0,0.0,27.9,1.83,0.0,1.043,1.043,0.261,2.6,0.678
2026-04-22 23:45:00,summer,23.75,0.25,0.266,0.0,0.0,27.5,2.31,0.0,0.931,0.931,0.233,2.6,0.605
2026-04-23 00:00:00,summer,0.0,0.25,0.266,0.0,0.0,27.1,1.75,0.0,0.737,0.737,0.184,2.6,0.479
2026-04-23 00:15:00,summer,0.25,0.25,0.266,0.0,0.0,27.6,1.76,0.0,0.591,0.591,0.148,2.6,0.384
2026-04-23 00:30:00,summer,0.5,0.25,0.266,0.0,0.0,27.0,0.76,0.0,0.5,0.5,0.125,2.6,0.325
2026-04-23 00:45:00,summer,0.75,0.25,0.266,0.0,0.0,27.1,1.29,0.0,0.413,0.413,0.103,2.6,0.268
2026-04-23 01:00:00,summer,1.0,0.25,0.266,0.0,0.0,26.6,1.34,0.0,0.347,0.347,0.087,2.6,0.226
2026-04-23 01:15:00,summer,1.25,0.25,0.266,0.0,0.0,26.5,2.56,0.0,0.298,0.298,0.074,2.6,0.194
2026-04-23 01:30:00,summer,1.5,0.25,0.266,0.0,0.0,26.4,1.72,0.0,0.261,0.261,0.065,2.6,0.17
2026-04-23 01:45:00,summer,1.75,0.25,0.266,0.0,0.0,26.6,1.8,0.0,0.242,0.242,0.06,2.6,0.157
2026-04-23 02:00:00,summer,2.0,0.25,0.266,0.0,0.0,26.0,1.81,0.0,0.226,0.226,0.057,2.6,0.147
2026-04-23 02:15:00,summer,2.25,0.25,0.266,0.0,0.0,26.0,2.33,0.0,0.232,0.232,0.058,2.6,0.151
2026-04-23 02:30:00,summer,2.5,0.25,0.266,0.0,0.0,26.0,1.76,0.0,0.222,0.222,0.056,2.6,0.144
2026-04-23 02:45:00,summer,2.75,0.25,0.266,0.0,0.0,25.9,1.47,0.0,0.204,0.204,0.051,2.6,0.133
2026-04-23 03:00:00,summer,3.0,0.25,0.266,0.0,0.0,26.2,2.1,0.0,0.232,0.232,0.058,2.6,0.151
2026-04-23 03:15:00,summer,3.25,0.25,0.266,0.0,0.0,26.0,2.58,0.0,0.234,0.234,0.059,2.6,0.152
2026-04-23 03:30:00,summer,3.5,0.25,0.266,0.0,0.0,26.5,2.46,0.0,0.269,0.269,0.067,2.6,0.175
2026-04-23 03:45:00,summer,3.75,0.25,0.266,0.0,0.0,26.4,2.18,0.0,0.286,0.286,0.071,2.6,0.186
2026-04-23 04:00:00,summer,4.0,0.25,0.266,0.0,0.0,26.7,1.6,0.0,0.285,0.285,0.071,2.6,0.185
2026-04-23 04:15:00,summer,4.25,0.25,0.266,0.0,0.0,26.7,3.22,0.0,0.322,0.322,0.081,2.6,0.209
2026-04-23 04:30:00,summer,4.5,0.25,0.266,0.0,0.0,27.0,1.42,0.0,0.355,0.355,0.089,2.6,0.231
2026-04-23 04:45:00,summer,4.75,0.25,0.266,0.0,0.0,26.7,1.75,0.0,0.4,0.4,0.1,2.6,0.26
2026-04-23 05:00:00,summer,5.0,0.25,0.266,0.0,0.0,27.7,1.74,0.0,0.485,0.485,0.121,2.6,0.315
2026-04-23 05:15:00,summer,5.25,0.25,0.266,0.0,0.0,27.9,2.35,0.0,0.534,0.534,0.134,2.6,0.347
2026-04-23 05:30:00,summer,5.5,0.25,0.266,0.0,0.0,27.8,1.91,0.0,0.586,0.586,0.146,2.6,0.381
2026-04-23 05:45:00,summer,5.75,0.25,0.266,0.0,0.0,28.6,2.07,0.0,0.698,0.698,0.174,2.6,0.454
2026-04-23 06:00:00,summer,6.0,0.25,0.266,0.0,0.0,28.6,2.18,0.0,0.836,0.836,0.209,2.6,0.543
2026-04-23 06:15:00,summer,6.25,0.25,0.281,0.0452,9.0,29.3,0.95,0.0,0.943,0.943,0.236,2.6,0.613
2026-04-23 06:30:00,summer,6.5,0.25,0.237,0.1073,47.6,29.2,1.31,0.233,1.039,0.806,0.201,2.6,0.524
2026-04-23 06:45:00,summer,6.75,0.25,0.203,0.1692,100.9,30.5,2.61,0.489,1.137,0.648,0.162,2.6,0.421
2026-04-23 07:00:00,summer,7.0,0.25,0.169,0.2305,161.0,30.6,2.26,0.774,1.241,0.467,0.117,2.6,0.304
2026-04-23 07:15:00,summer,7.25,0.25,0.099,0.2911,232.3,31.4,2.25,1.105,1.323,0.218,0.054,2.6,0.142
2026-04-23 07:30:00,summer,7.5,0.25,0.182,0.3506,273.5,32.1,2.36,1.292,1.424,0.132,0.033,2.6,0.086
2026-04-23 07:45:00,summer,7.75,0.25,0.142,0.4089,341.8,32.6,1.52,1.591,1.502,0.0,0.0,2.6,0.0
2026-04-23 08:00:00,summer,8.0,0.25,0.146,0.4656,397.1,33.2,1.7,1.835,1.569,0.0,0.0,2.6,0.0
2026-04-23 08:15:00,summer,8.25,0.25,0.176,0.5205,439.2,34.5,2.77,2.025,1.592,0.0,0.0,2.6,0.0
2026-04-23 08:30:00,summer,8.5,0.25,0.226,0.5734,466.1,34.0,2.29,2.14,1.638,0.0,0.0,2.6,0.0
2026-04-23 08:45:00,summer,8.75,0.25,0.213,0.6241,519.4,35.2,1.51,2.338,1.641,0.0,0.0,2.6,0.0
2026-04-23 09:00:00,summer,9.0,0.25,0.212,0.6724,564.9,35.1,1.96,2.545,1.62,0.0,0.0,4.18,0.0
2026-04-23 09:15:00,summer,9.25,0.25,0.06,0.7179,703.7,36.7,2.05,3.1,1.568,0.0,0.0,4.18,0.0
2026-04-23 09:30:00,summer,9.5,0.25,0.003,0.7606,788.1,37.2,1.3,3.382,1.525,0.0,0.0,4.18,0.0
2026-04-23 09:45:00,summer,9.75,0.25,0.024,0.8003,819.6,37.8,2.08,3.546,1.452,0.0,0.0,4.18,0.0
2026-04-23 10:00:00,summer,10.0,0.25,0.022,0.8368,862.4,38.5,1.31,3.641,1.378,0.0,0.0,4.18,0.0
2026-04-23 10:15:00,summer,10.25,0.25,0.176,0.8699,777.8,38.5,2.76,3.403,1.299,0.0,0.0,4.18,0.0
2026-04-23 10:30:00,summer,10.5,0.25,0.144,0.8994,833.1,39.1,1.34,3.525,1.203,0.0,0.0,4.18,0.0
2026-04-23 10:45:00,summer,10.75,0.25,0.207,0.9254,804.6,39.4,1.89,3.45,1.1,0.0,0.0,4.18,0.0
2026-04-23 11:00:00,summer,11.0,0.25,0.205,0.9476,826.7,39.8,2.19,3.547,1.024,0.0,0.0,4.18,0.0
2026-04-23 11:15:00,summer,11.25,0.25,0.094,0.9659,944.8,40.3,1.97,3.971,0.902,0.0,0.0,4.18,0.0
2026-04-23 11:30:00,summer,11.5,0.25,0.121,0.9804,935.3,41.1,1.85,3.911,0.819,0.0,0.0,4.18,0.0
2026-04-23 11:45:00,summer,11.75,0.25,0.162,0.9908,907.4,41.1,2.57,3.859,0.745,0.0,0.0,4.18,0.0
2026-04-23 12:00:00,summer,12.0,0.25,0.301,0.9973,781.2,40.7,1.83,3.336,0.647,0.0,0.0,4.18,0.0
2026-04-23 12:15:00,summer,12.25,0.25,0.234,0.9996,848.2,40.9,1.44,3.558,0.582,0.0,0.0,4.18,0.0
2026-04-23 12:30:00,summer,12.5,0.25,0.247,0.998,834.1,41.8,1.96,3.528,0.532,0.0,0.0,4.18,0.0
2026-04-23 12:45:00,summer,12.75,0.25,0.203,0.9922,870.5,42.1,2.1,3.67,0.486,0.0,0.0,4.18,0.0
2026-04-23 13:00:00,summer,13.0,0.25,0.244,0.9824,823.0,41.8,2.03,3.49,0.435,0.0,0.0,4.18,0.0
2026-04-23 13:15:00,summer,13.25,0.25,0.226,0.9687,827.4,42.0,1.82,3.49,0.44,0.0,0.0,4.18,0.0
2026-04-23 13:30:00,summer,13.5,0.25,0.271,0.951,770.0,41.8,1.2,3.235,0.436,0.0,0.0,4.18,0.0
2026-04-23 13:45:00,summer,13.75,0.25,0.356,0.9294,674.9,41.6,1.52,2.893,0.427,0.0,0.0,4.18,0.0
2026-04-23 14:00:00,summer,14.0,0.25,0.416,0.9041,602.6,41.7,1.2,2.593,0.451,0.0,0.0,4.18,0.0
2026-04-23 14:15:00,summer,14.25,0.25,0.422,0.8751,576.8,41.7,2.15,2.524,0.483,0.0,0.0,4.18,0.0
2026-04-23 14:30:00,summer,14.5,0.25,0.396,0.8426,576.0,41.8,1.14,2.484,0.531,0.0,0.0,4.18,0.0
2026-04-23 14:45:00,summer,14.75,0.25,0.266,0.8067,649.4,41.6,1.77,2.804,0.62,0.0,0.0,4.18,0.0
2026-04-23 15:00:00,summer,15.0,0.25,0.211,0.7676,654.1,41.8,1.41,2.804,0.714,0.0,0.0,4.18,0.0
2026-04-23 15:15:00,summer,15.25,0.25,0.187,0.7254,630.6,41.3,1.36,2.716,0.786,0.0,0.0,4.18,0.0
2026-04-23 15:30:00,summer,15.5,0.25,0.146,0.6803,612.0,41.5,2.23,2.672,0.895,0.0,0.0,4.18,0.0
2026-04-23 15:45:00,summer,15.75,0.25,0.162,0.6325,555.3,41.1,1.61,2.427,0.999,0.0,0.0,4.18,0.0
2026-04-23 16:00:00,summer,16.0,0.25,0.229,0.5822,472.5,40.8,1.85,2.095,1.121,0.0,0.0,4.18,0.0
2026-04-23 16:15:00,summer,16.25,0.25,0.154,0.5296,457.9,40.5,1.0,2.016,1.248,0.0,0.0,4.18,0.0
2026-04-23 16:30:00,summer,16.5,0.25,0.138,0.475,409.6,40.4,1.13,1.819,1.382,0.0,0.0,4.18,0.0
2026-04-23 16:45:00,summer,16.75,0.25,0.099,0.4186,364.9,39.5,1.19,1.638,1.511,0.0,0.0,4.18,0.0
2026-04-23 17:00:00,summer,17.0,0.25,0.142,0.3606,293.6,39.4,1.98,1.339,1.656,0.317,0.079,4.18,0.331
2026-04-23 17:15:00,summer,17.25,0.25,0.098,0.3012,243.0,38.7,1.82,1.117,1.811,0.694,0.173,4.18,0.725
2026-04-23 17:30:00,summer,17.5,0.25,0.0,0.2408,193.5,38.4,2.38,0.898,1.949,1.051,0.263,4.18,1.098
2026-04-23 17:45:00,summer,17.75,0.25,0.01,0.1796,125.9,38.2,1.69,0.588,2.087,1.499,0.375,4.18,1.566
2026-04-23 18:00:00,summer,18.0,0.25,0.0,0.1178,64.2,37.3,1.55,0.303,2.209,1.906,0.477,4.18,1.992
2026-04-23 18:15:00,summer,18.25,0.25,0.035,0.0557,15.3,36.9,1.6,0.073,2.311,2.238,0.559,4.18,2.339
2026-04-23 18:30:00,summer,18.5,0.25,0.035,0.0,0.0,36.3,2.07,0.0,2.434,2.434,0.609,4.18,2.544
2026-04-23 18:45:00,summer,18.75,0.25,0.035,0.0,0.0,36.4,2.69,0.0,2.522,2.522,0.63,4.18,2.635
2026-04-23 19:00:00,summer,19.0,0.25,0.035,0.0,0.0,35.6,1.69,0.0,2.601,2.601,0.65,4.18,2.718
2026-04-23 19:15:00,summer,19.25,0.25,0.035,0.0,0.0,35.1,1.87,0.0,2.653,2.653,0.663,4.18,2.772
2026-04-23 19:30:00,summer,19.5,0.25,0.035,0.0,0.0,35.1,2.5,0.0,2.668,2.668,0.667,4.18,2.788
2026-04-23 19:45:00,summer,19.75,0.25,0.035,0.0,0.0,34.6,2.58,0.0,2.673,2.673,0.668,4.18,2.793
2026-04-23 20:00:00,summer,20.0,0.25,0.035,0.0,0.0,34.0,1.77,0.0,2.657,2.657,0.664,4.18,2.777
2026-04-23 20:15:00,summer,20.25,0.25,0.035,0.0,0.0,33.3,1.92,0.0,2.61,2.61,0.652,4.18,2.727
2026-04-23 20:30:00,summer,20.5,0.25,0.035,0.0,0.0,32.7,2.35,0.0,2.538,2.538,0.634,4.18,2.652
2026-04-23 20:45:00,summer,20.75,0.25,0.035,0.0,0.0,32.6,2.29,0.0,2.461,2.461,0.615,4.18,2.572
2026-04-23 21:00:00,summer,21.0,0.25,0.035,0.0,0.0,31.9,1.54,0.0,2.36,2.36,0.59,4.18,2.466
2026-04-23 21:15:00,summer,21.25,0.25,0.035,0.0,0.0,31.5,1.58,0.0,2.227,2.227,0.557,4.18,2.327
2026-04-23 21:30:00,summer,21.5,0.25,0.035,0.0,0.0,31.2,2.37,0.0,2.096,2.096,0.524,4.18,2.19
2026-04-23 21:45:00,summer,21.75,0.25,0.035,0.0,0.0,30.4,2.94,0.0,1.987,1.987,0.497,4.18,2.076
2026-04-23 22:00:00,summer,22.0,0.25,0.035,0.0,0.0,30.6,1.98,0.0,1.862,1.862,0.466,2.6,1.21
2026-04-23 22:15:00,summer,22.25,0.25,0.035,0.0,0.0,29.8,1.63,0.0,1.738,1.738,0.434,2.6,1.13
2026-04-23 22:30:00,summer,22.5,0.25,0.035,0.0,0.0,29.7,1.89,0.0,1.584,1.584,0.396,2.6,1.03
2026-04-23 22:45:00,summer,22.75,0.25,0.035,0.0,0.0,29.2,1.43,0.0,1.428,1.428,0.357,2.6,0.928
2026-04-23 23:00:00,summer,23.0,0.25,0.035,0.0,0.0,28.8,1.37,0.0,1.293,1.293,0.323,2.6,0.84
2026-04-23 23:15:00,summer,23.25,0.25,0.035,0.0,0.0,28.2,1.35,0.0,1.188,1.188,0.297,2.6,0.772
2026-04-23 23:30:00,summer,23.5,0.25,0.035,0.0,0.0,28.2,1.83,0.0,1.065,1.065,0.266,2.6,0.692
2026-04-23 23:45:00,summer,23.75,0.25,0.035,0.0,0.0,27.9,1.56,0.0,0.946,0.946,0.236,2.6,0.615
2026-04-24 00:00:00,summer,0.0,0.25,0.035,0.0,0.0,27.4,0.93,0.0,0.748,0.748,0.187,2.6,0.486
2026-04-24 00:15:00,summer,0.25,0.25,0.035,0.0,0.0,27.2,1.32,0.0,0.605,0.605,0.151,2.6,0.393
2026-04-24 00:30:00,summer,0.5,0.25,0.035,0.0,0.0,27.1,1.3,0.0,0.502,0.502,0.126,2.6,0.326
2026-04-24 00:45:00,summer,0.75,0.25,0.035,0.0,0.0,26.6,2.02,0.0,0.416,0.416,0.104,2.6,0.27
2026-04-24 01:00:00,summer,1.0,0.25,0.035,0.0,0.0,26.2,1.7,0.0,0.367,0.367,0.092,2.6,0.239
2026-04-24 01:15:00,summer,1.25,0.25,0.035,0.0,0.0,26.2,1.87,0.0,0.318,0.318,0.08,2.6,0.207
2026-04-24 01:30:00,summer,1.5,0.25,0.035,0.0,0.0,26.2,2.99,0.0,0.276,0.276,0.069,2.6,0.179
2026-04-24 01:45:00,summer,1.75,0.25,0.035,0.0,0.0,26.1,1.7,0.0,0.254,0.254,0.064,2.6,0.165
2026-04-24 02:00:00,summer,2.0,0.25,0.035,0.0,0.0,26.2,2.12,0.0,0.233,0.233,0.058,2.6,0.151
2026-04-24 02:15:00,summer,2.25,0.25,0.035,0.0,0.0,26.2,2.17,0.0,0.232,0.232,0.058,2.6,0.151
2026-04-24 02:30:00,summer,2.5,0.25,0.035,0.0,0.0,26.1,1.59,0.0,0.239,0.239,0.06,2.6,0.155
2026-04-24 02:45:00,summer,2.75,0.25,0.035,0.0,0.0,25.7,1.53,0.0,0.219,0.219,0.055,2.6,0.142
2026-04-24 03:00:00,summer,3.0,0.25,0.035,0.0,0.0,25.8,1.19,0.0,0.221,0.221,0.055,2.6,0.144
2026-04-24 03:15:00,summer,3.25,0.25,0.035,0.0,0.0,25.8,2.28,0.0,0.228,0.228,0.057,2.6,0.148
2026-04-24 03:30:00,summer,3.5,0.25,0.035,0.0,0.0,26.0,2.07,0.0,0.244,0.244,0.061,2.6,0.159
2026-04-24 03:45:00,summer,3.75,0.25,0.035,0.0,0.0,26.4,2.1,0.0,0.25,0.25,0.062,2.6,0.163
2026-04-24 04:00:00,summer,4.0,0.25,0.035,0.0,0.0,26.8,2.2,0.0,0.291,0.291,0.073,2.6,0.189
2026-04-24 04:15:00,summer,4.25,0.25,0.035,0.0,0.0,26.9,2.11,0.0,0.318,0.318,0.08,2.6,0.207
2026-04-24 04:30:00,summer,4.5,0.25,0.035,0.0,0.0,26.9,1.61,0.0,0.372,0.372,0.093,2.6,0.242
2026-04-24 04:45:00,summer,4.75,0.25,0.035,0.0,0.0,27.0,3.07,0.0,0.445,0.445,0.111,2.6,0.289
2026-04-24 05:00:00,summer,5.0,0.25,0.035,0.0,0.0,27.7,1.41,0.0,0.512,0.512,0.128,2.6,0.333
2026-04-24 05:15:00,summer,5.25,0.25,0.035,0.0,0.0,27.7,1.18,0.0,0.565,0.565,0.141,2.6,0.367
2026-04-24 05:30:00,summer,5.5,0.25,0.035,0.0,0.0,28.1,2.12,0.0,0.657,0.657,0.164,2.6,0.427
2026-04-24 05:45:00,summer,5.75,0.25,0.035,0.0,0.0,28.0,1.88,0.0,0.755,0.755,0.189,2.6,0.491
2026-04-24 06:00:00,summer,6.0,0.25,0.035,0.0,0.0,28.7,1.81,0.0,0.834,0.834,0.208,2.6,0.542
2026-04-24 06:15:00,summer,6.25,0.25,0.0,0.0474,11.1,29.7,1.47,0.054,0.944,0.89,0.222,2.6,0.578
2026-04-24 06:30:00,summer,6.5,0.25,0.0,0.1094,56.4,29.0,2.35,0.276,1.044,0.768,0.192,2.6,0.499
2026-04-24 06:45:00,summer,6.75,0.25,0.0,0.1712,117.8,29.9,1.33,0.569,1.159,0.59,0.148,2.6,0.384
2026-04-24 07:00:00,summer,7.0,0.25,0.0,0.2324,184.2,30.9,1.6,0.88,1.253,0.373,0.093,2.6,0.242
2026-04-24 07:15:00,summer,7.25,0.25,0.0,0.2929,251.9,31.9,0.7,1.182,1.34,0.158,0.04,2.6,0.103
2026-04-24 07:30:00,summer,7.5,0.25,0.0,0.3524,319.4,32.0,1.43,1.494,1.415,0.0,0.0,2.6,0.0
2026-04-24 07:45:00,summer,7.75,0.25,0.08,0.4105,362.3,32.4,1.88,1.689,1.489,0.0,0.0,2.6,0.0
2026-04-24 08:00:00,summer,8.0,0.25,0.045,0.4671,435.2,33.3,1.51,1.997,1.545,0.0,0.0,2.6,0.0
2026-04-24 08:15:00,summer,8.25,0.25,0.123,0.522,463.5,33.8,1.16,2.106,1.586,0.0,0.0,2.6,0.0
2026-04-24 08:30:00,summer,8.5,0.25,0.107,0.5748,525.3,34.4,1.58,2.374,1.627,0.0,0.0,2.6,0.0
2026-04-24 08:45:00,summer,8.75,0.25,0.113,0.6254,574.5,34.9,2.11,2.591,1.627,0.0,0.0,2.6,0.0
2026-04-24 09:00:00,summer,9.0,0.25,0.03,0.6735,672.6,36.1,1.8,2.972,1.595,0.0,0.0,4.18,0.0
2026-04-24 09:15:00,summer,9.25,0.25,0.082,0.719,691.3,36.6,1.71,3.036,1.57,0.0,0.0,4.18,0.0
2026-04-24 09:30:00,summer,9.5,0.25,0.058,0.7616,753.2,37.0,1.52,3.265,1.523,0.0,0.0,4.18,0.0
2026-04-24 09:45:00,summer,9.75,0.25,0.101,0.8012,765.8,37.4,0.9,3.263,1.469,0.0,0.0,4.18,0.0
2026-04-24 10:00:00,summer,10.0,0.25,0.067,0.8376,829.1,38.2,2.54,3.603,1.402,0.0,0.0,4.18,0.0
2026-04-24 10:15:00,summer,10.25,0.25,0.088,0.8706,848.9,38.6,2.52,3.673,1.318,0.0,0.0,4.18,0.0
2026-04-24 10:30:00,summer,10.5,0.25,0.114,0.9001,858.8,38.8,1.61,3.648,1.222,0.0,0.0,4.18,0.0
2026-04-24 10:45:00,summer,10.75,0.25,0.111,0.9259,887.9,39.4,1.27,3.716,1.132,0.0,0.0,4.18,0.0
2026-04-24 11:00:00,summer,11.0,0.25,0.119,0.9481,903.5,39.8,2.19,3.842,1.016,0.0,0.0,4.18,0.0
2026-04-24 11:15:00,summer,11.25,0.25,0.083,0.9663,954.9,40.5,1.73,3.984,0.919,0.0,0.0,4.18,0.0
2026-04-24 11:30:00,summer,11.5,0.25,0.013,0.9807,1033.2,41.0,1.69,4.252,0.829,0.0,0.0,4.18,0.0
2026-04-24 11:45:00,summer,11.75,0.25,0.136,0.9911,931.8,40.9,2.12,3.923,0.72,0.0,0.0,4.18,0.0
2026-04-24 12:00:00,summer,12.0,0.25,0.172,0.9975,904.5,41.4,1.67,3.777,0.636,0.0,0.0,4.18,0.0
2026-04-24 12:15:00,summer,12.25,0.25,0.162,0.9998,916.5,41.3,1.36,3.794,0.585,0.0,0.0,4.18,0.0
2026-04-24 12:30:00,summer,12.5,0.25,0.143,0.998,932.3,41.6,2.04,3.906,0.524,0.0,0.0,4.18,0.0
2026-04-24 12:45:00,summer,12.75,0.25,0.086,0.9923,980.0,42.6,2.19,4.075,0.467,0.0,0.0,4.18,0.0
2026-04-24 13:00:00,summer,13.0,0.25,0.083,0.9824,972.2,43.0,1.57,3.982,0.43,0.0,0.0,4.18,0.0
2026-04-24 13:15:00,summer,13.25,0.25,0.046,0.9686,990.4,42.5,2.36,4.129,0.416,0.0,0.0,4.18,0.0
2026-04-24 13:30:00,summer,13.5,0.25,0.076,0.9509,944.7,42.8,1.95,3.922,0.425,0.0,0.0,4.18,0.0
2026-04-24 13:45:00,summer,13.75,0.25,0.004,0.9293,982.3,43.2,1.78,4.035,0.431,0.0,0.0,4.18,0.0
2026-04-24 14:00:00,summer,14.0,0.25,0.006,0.904,951.8,43.1,2.27,3.968,0.471,0.0,0.0,4.18,0.0
2026-04-24 14:15:00,summer,14.25,0.25,0.026,0.875,902.6,42.6,1.17,3.702,0.498,0.0,0.0,4.18,0.0
2026-04-24 14:30:00,summer,14.5,0.25,0.134,0.8425,783.4,42.5,2.13,3.333,0.558,0.0,0.0,4.18,0.0
2026-04-24 14:45:00,summer,14.75,0.25,0.261,0.8066,653.1,42.0,0.85,2.767,0.616,0.0,0.0,4.18,0.0
2026-04-24 15:00:00,summer,15.0,0.25,0.29,0.7675,597.8,41.9,1.92,2.6,0.68,0.0,0.0,4.18,0.0
2026-04-24 15:15:00,summer,15.25,0.25,0.217,0.7253,611.0,41.5,1.51,2.642,0.764,0.0,0.0,4.18,0.0
2026-04-24 15:30:00,summer,15.5,0.25,0.183,0.6802,589.9,41.6,1.21,2.545,0.868,0.0,0.0,4.18,0.0
2026-04-24 15:45:00,summer,15.75,0.25,0.234,0.6324,515.6,41.0,1.69,2.268,0.954,0.0,0.0,4.18,0.0
2026-04-24 16:00:00,summer,16.0,0.25,0.256,0.5822,458.8,41.1,1.87,2.035,1.08,0.0,0.0,4.18,0.0
2026-04-24 16:15:00,summer,16.25,0.25,0.186,0.5296,443.6,40.5,1.59,1.971,1.197,0.0,0.0,4.18,0.0
2026-04-24 16:30:00,summer,16.5,0.25,0.159,0.4751,401.9,40.3,1.77,1.8,1.332,0.0,0.0,4.18,0.0
2026-04-24 16:45:00,summer,16.75,0.25,0.099,0.4187,365.3,40.1,1.76,1.644,1.465,0.0,0.0,4.18,0.0
2026-04-24 17:00:00,summer,17.0,0.25,0.184,0.3607,282.7,39.8,2.35,1.291,1.626,0.335,0.084,4.18,0.35
2026-04-24 17:15:00,summer,17.25,0.25,0.196,0.3014,223.7,38.7,1.11,1.027,1.779,0.752,0.188,4.18,0.786
2026-04-24 17:30:00,summer,17.5,0.25,0.187,0.2411,168.7,38.7,2.43,0.784,1.917,1.133,0.283,4.18,1.184
2026-04-24 17:45:00,summer,17.75,0.25,0.255,0.1799,105.7,37.9,2.71,0.496,2.056,1.56,0.39,4.18,1.63
2026-04-24 18:00:00,summer,18.0,0.25,0.237,0.1182,56.0,37.4,1.19,0.264,2.179,1.915,0.479,4.18,2.001
2026-04-24 18:15:00,summer,18.25,0.25,0.28,0.0562,13.9,36.9,2.73,0.066,2.337,2.271,0.568,4.18,2.373
2026-04-24 18:30:00,summer,18.5,0.25,0.28,0.0,0.0,36.8,0.57,0.0,2.468,2.468,0.617,4.18,2.579
2026-04-24 18:45:00,summer,18.75,0.25,0.28,0.0,0.0,35.9,2.59,0.0,2.55,2.55,0.637,4.18,2.665
2026-04-24 19:00:00,summer,19.0,0.25,0.28,0.0,0.0,35.8,2.21,0.0,2.624,2.624,0.656,4.18,2.742
2026-04-24 19:15:00,summer,19.25,0.25,0.28,0.0,0.0,34.9,1.88,0.0,2.649,2.649,0.662,4.18,2.768
2026-04-24 19:30:00,summer,19.5,0.25,0.28,0.0,0.0,34.5,1.77,0.0,2.69,2.69,0.672,4.18,2.811
2026-04-24 19:45:00,summer,19.75,0.25,0.28,0.0,0.0,34.1,2.76,0.0,2.69,2.69,0.672,4.18,2.811
2026-04-24 20:00:00,summer,20.0,0.25,0.28,0.0,0.0,34.1,1.85,0.0,2.678,2.678,0.669,4.18,2.799
2026-04-24 20:15:00,summer,20.25,0.25,0.28,0.0,0.0,34.0,2.76,0.0,2.639,2.639,0.66,4.18,2.758
2026-04-24 20:30:00,summer,20.5,0.25,0.28,0.0,0.0,32.8,0.59,0.0,2.57,2.57,0.642,4.18,2.686
2026-04-24 20:45:00,summer,20.75,0.25,0.28,0.0,0.0,32.3,2.31,0.0,2.467,2.467,0.617,4.18,2.578
2026-04-24 21:00:00,summer,21.0,0.25,0.28,0.0,0.0,32.3,1.29,0.0,2.378,2.378,0.595,4.18,2.485
2026-04-24 21:15:00,summer,21.25,0.25,0.28,0.0,0.0,32.2,3.18,0.0,2.242,2.242,0.56,4.18,2.343
2026-04-24 21:30:00,summer,21.5,0.25,0.28,0.0,0.0,31.4,1.73,0.0,2.122,2.122,0.53,4.18,2.217
2026-04-24 21:45:00,summer,21.75,0.25,0.28,0.0,0.0,30.4,1.68,0.0,2.001,2.001,0.5,4.18,2.091
2026-04-24 22:00:00,summer,22.0,0.25,0.28,0.0,0.0,30.3,1.71,0.0,1.856,1.856,0.464,2.6,1.206
2026-04-24 22:15:00,summer,22.25,0.25,0.28,0.0,0.0,29.8,1.85,0.0,1.722,1.722,0.43,2.6,1.119
2026-04-24 22:30:00,summer,22.5,0.25,0.28,0.0,0.0,29.6,2.11,0.0,1.59,1.59,0.398,2.6,1.034
2026-04-24 22:45:00,summer,22.75,0.25,0.28,0.0,0.0,29.0,1.72,0.0,1.462,1.462,0.365,2.6,0.95
2026-04-24 23:00:00,summer,23.0,0.25,0.28,0.0,0.0,28.6,1.8,0.0,1.328,1.328,0.332,2.6,0.863
2026-04-24 23:15:00,summer,23.25,0.25,0.28,0.0,0.0,29.1,2.32,0.0,1.183,1.183,0.296,2.6,0.769
2026-04-24 23:30:00,summer,23.5,0.25,0.28,0.0,0.0,28.1,1.06,0.0,1.044,1.044,0.261,2.6,0.679
2026-04-24 23:45:00,summer,23.75,0.25,0.28,0.0,0.0,27.9,2.01,0.0,0.938,0.938,0.234,2.6,0.61
2026-04-25 00:00:00,summer,0.0,0.25,0.28,0.0,0.0,27.5,0.71,0.0,0.741,0.741,0.185,2.6,0.482
2026-04-25 00:15:00,summer,0.25,0.25,0.28,0.0,0.0,27.2,1.59,0.0,0.593,0.593,0.148,2.6,0.385
2026-04-25 00:30:00,summer,0.5,0.25,0.28,0.0,0.0,27.0,2.57,0.0,0.483,0.483,0.121,2.6,0.314
2026-04-25 00:45:00,summer,0.75,0.25,0.28,0.0,0.0,26.5,2.13,0.0,0.4,0.4,0.1,2.6,0.26
2026-04-25 01:00:00,summer,1.0,0.25,0.28,0.0,0.0,26.7,2.62,0.0,0.341,0.341,0.085,2.6,0.222
2026-04-25 01:15:00,summer,1.25,0.25,0.28,0.0,0.0,26.5,0.87,0.0,0.294,0.294,0.073,2.6,0.191
2026-04-25 01:30:00,summer,1.5,0.25,0.28,0.0,0.0,26.4,1.9,0.0,0.281,0.281,0.07,2.6,0.183
2026-04-25 01:45:00,summer,1.75,0.25,0.28,0.0,0.0,25.7,1.64,0.0,0.251,0.251,0.063,2.6,0.163
2026-04-25 02:00:00,summer,2.0,0.25,0.28,0.0,0.0,25.7,2.07,0.0,0.239,0.239,0.06,2.6,0.155
2026-04-25 02:15:00,summer,2.25,0.25,0.28,0.0,0.0,25.6,1.1,0.0,0.224,0.224,0.056,2.6,0.146
2026-04-25 02:30:00,summer,2.5,0.25,0.28,0.0,0.0,25.9,1.54,0.0,0.206,0.206,0.051,2.6,0.134
2026-04-25 02:45:00,summer,2.75,0.25,0.28,0.0,0.0,25.7,2.17,0.0,0.196,0.196,0.049,2.6,0.127
2026-04-25 03:00:00,summer,3.0,0.25,0.28,0.0,0.0,26.1,1.93,0.0,0.211,0.211,0.053,2.6,0.137
2026-04-25 03:15:00,summer,3.25,0.25,0.28,0.0,0.0,26.2,1.1,0.0,0.224,0.224,0.056,2.6,0.146
2026-04-25 03:30:00,summer,3.5,0.25,0.28,0.0,0.0,26.3,1.07,0.0,0.241,0.241,0.06,2.6,0.157
2026-04-25 03:45:00,summer,3.75,0.25,0.28,0.0,0.0,26.2,2.54,0.0,0.26,0.26,0.065,2.6,0.169
2026-04-25 04:00:00,summer,4.0,0.25,0.28,0.0,0.0,26.9,2.11,0.0,0.282,0.282,0.07,2.6,0.183
2026-04-25 04:15:00,summer,4.25,0.25,0.28,0.0,0.0,26.5,2.4,0.0,0.312,0.312,0.078,2.6,0.203
2026-04-25 04:30:00,summer,4.5,0.25,0.28,0.0,0.0,27.2,1.87,0.0,0.365,0.365,0.091,2.6,0.237
2026-04-25 04:45:00,summer,4.75,0.25,0.28,0.0,0.0,27.1,2.48,0.0,0.403,0.403,0.101,2.6,0.262
2026-04-25 05:00:00,summer,5.0,0.25,0.28,0.0,0.0,27.4,2.43,0.0,0.463,0.463,0.116,2.6,0.301
2026-04-25 05:15:00,summer,5.25,0.25,0.28,0.0,0.0,27.7,2.24,0.0,0.557,0.557,0.139,2.6,0.362
2026-04-25 05:30:00,summer,5.5,0.25,0.28,0.0,0.0,28.0,1.48,0.0,0.632,0.632,0.158,2.6,0.411
2026-04-25 05:45:00,summer,5.75,0.25,0.28,0.0,0.0,28.5,1.07,0.0,0.718,0.718,0.179,2.6,0.467
2026-04-25 06:00:00,summer,6.0,0.25,0.28,0.0,0.0,28.6,1.89,0.0,0.798,0.798,0.2,2.6,0.519
2026-04-25 06:15:00,summer,6.25,0.25,0.163,0.0495,11.6,28.9,1.54,0.057,0.888,0.831,0.208,2.6,0.54
2026-04-25 06:30:00,summer,6.5,0.25,0.161,0.1115,53.5,29.7,1.64,0.261,0.986,0.725,0.181,2.6,0.471
2026-04-25 06:45:00,summer,6.75,0.25,0.231,0.1732,102.1,30.6,1.72,0.493,1.11,0.617,0.154,2.6,0.401
2026-04-25 07:00:00,summer,7.0,0.25,0.235,0.2343,155.4,30.4,1.45,0.746,1.233,0.487,0.122,2.6,0.317
2026-04-25 07:15:00,summer,7.25,0.25,0.129,0.2947,230.4,31.4,2.37,1.097,1.33,0.233,0.058,2.6,0.151
2026-04-25 07:30:00,summer,7.5,0.25,0.065,0.3541,305.9,32.0,1.9,1.437,1.414,0.0,0.0,2.6,0.0
2026-04-25 07:45:00,summer,7.75,0.25,0.009,0.4121,385.2,32.6,2.09,1.792,1.496,0.0,0.0,2.6,0.0
2026-04-25 08:00:00,summer,8.0,0.25,0.005,0.4686,451.0,33.3,1.59,2.067,1.563,0.0,0.0,2.6,0.0
2026-04-25 08:15:00,summer,8.25,0.25,0.055,0.5234,493.3,34.2,1.72,2.244,1.604,0.0,0.0,2.6,0.0
2026-04-25 08:30:00,summer,8.5,0.25,0.044,0.5761,556.3,34.9,2.36,2.521,1.595,0.0,0.0,2.6,0.0
2026-04-25 08:45:00,summer,8.75,0.25,0.118,0.6266,573.1,35.4,2.07,2.579,1.621,0.0,0.0,2.6,0.0
2026-04-25 09:00:00,summer,9.0,0.25,0.065,0.6747,653.7,35.9,2.91,2.936,1.595,0.0,0.0,2.6,0.0
2026-04-25 09:15:00,summer,9.25,0.25,0.004,0.72,740.8,36.6,2.03,3.25,1.557,0.0,0.0,2.6,0.0
2026-04-25 09:30:00,summer,9.5,0.25,0.077,0.7626,741.1,36.8,1.59,3.225,1.531,0.0,0.0,2.6,0.0
2026-04-25 09:45:00,summer,9.75,0.25,0.103,0.8021,765.3,37.4,3.25,3.389,1.459,0.0,0.0,2.6,0.0
2026-04-25 10:00:00,summer,10.0,0.25,0.195,0.8383,732.7,38.3,1.6,3.17,1.375,0.0,0.0,2.6,0.0
2026-04-25 10:15:00,summer,10.25,0.25,0.25,0.8712,718.6,38.7,1.72,3.115,1.288,0.0,0.0,2.6,0.0
2026-04-25 10:30:00,summer,10.5,0.25,0.279,0.9007,720.0,38.2,1.61,3.122,1.199,0.0,0.0,2.6,0.0
2026-04-25 10:45:00,summer,10.75,0.25,0.182,0.9264,827.0,39.6,1.9,3.534,1.1,0.0,0.0,2.6,0.0
2026-04-25 11:00:00,summer,11.0,0.25,0.192,0.9485,839.5,39.6,2.19,3.6,0.996,0.0,0.0,2.6,0.0
2026-04-25 11:15:00,summer,11.25,0.25,0.21,0.9667,840.2,40.0,1.43,3.543,0.913,0.0,0.0,2.6,0.0
2026-04-25 11:30:00,summer,11.5,0.25,0.267,0.981,800.0,40.3,2.64,3.458,0.838,0.0,0.0,2.6,0.0
2026-04-25 11:45:00,summer,11.75,0.25,0.244,0.9913,831.1,40.5,2.15,3.55,0.744,0.0,0.0,2.6,0.0
2026-04-25 12:00:00,summer,12.0,0.25,0.183,0.9976,894.6,41.5,1.32,3.708,0.652,0.0,0.0,2.6,0.0
2026-04-25 12:15:00,summer,12.25,0.25,0.196,0.9999,884.7,41.6,1.89,3.718,0.575,0.0,0.0,2.6,0.0
2026-04-25 12:30:00,summer,12.5,0.25,0.217,0.9981,862.4,41.7,1.35,3.59,0.531,0.0,0.0,2.6,0.0
2026-04-25 12:45:00,summer,12.75,0.25,0.299,0.9923,778.7,41.6,2.02,3.323,0.49,0.0,0.0,2.6,0.0
2026-04-25 13:00:00,summer,13.0,0.25,0.307,0.9824,763.2,42.2,1.53,3.225,0.447,0.0,0.0,2.6,0.0
2026-04-25 13:15:00,summer,13.25,0.25,0.382,0.9686,680.1,42.1,1.96,2.927,0.432,0.0,0.0,2.6,0.0
2026-04-25 13:30:00,summer,13.5,0.25,0.244,0.9508,794.8,41.9,1.31,3.333,0.428,0.0,0.0,2.6,0.0
2026-04-25 13:45:00,summer,13.75,0.25,0.207,0.9292,808.2,42.4,2.57,3.453,0.445,0.0,0.0,2.6,0.0
2026-04-25 14:00:00,summer,14.0,0.25,0.157,0.9039,826.5,42.6,2.39,3.511,0.471,0.0,0.0,2.6,0.0
2026-04-25 14:15:00,summer,14.25,0.25,0.069,0.8749,868.0,42.3,1.9,3.643,0.525,0.0,0.0,2.6,0.0
2026-04-25 14:30:00,summer,14.5,0.25,0.046,0.8423,850.0,43.1,2.63,3.606,0.566,0.0,0.0,2.6,0.0
2026-04-25 14:45:00,summer,14.75,0.25,0.0,0.8065,843.4,42.3,1.57,3.527,0.638,0.0,0.0,2.6,0.0
2026-04-25 15:00:00,summer,15.0,0.25,0.0,0.7673,798.1,42.4,2.06,3.387,0.695,0.0,0.0,2.6,0.0
2026-04-25 15:15:00,summer,15.25,0.25,0.0,0.7252,749.2,41.9,1.57,3.179,0.784,0.0,0.0,2.6,0.0
2026-04-25 15:30:00,summer,15.5,0.25,0.0,0.6801,697.1,41.9,1.57,2.978,0.866,0.0,0.0,2.6,0.0
2026-04-25 15:45:00,summer,15.75,0.25,0.0,0.6324,641.9,41.7,1.94,2.78,0.98,0.0,0.0,2.6,0.0
2026-04-25 16:00:00,summer,16.0,0.25,0.0,0.5821,583.8,40.9,1.81,2.551,1.076,0.0,0.0,2.6,0.0
2026-04-25 16:15:00,summer,16.25,0.25,0.0,0.5297,523.2,40.9,1.74,2.302,1.21,0.0,0.0,2.6,0.0
2026-04-25 16:30:00,summer,16.5,0.25,0.061,0.4751,438.2,40.3,1.86,1.955,1.346,0.0,0.0,2.6,0.0
2026-04-25 16:45:00,summer,16.75,0.25,0.198,0.4188,333.7,39.6,2.25,1.516,1.498,0.0,0.0,2.6,0.0
2026-04-25 17:00:00,summer,17.0,0.25,0.229,0.3609,270.9,39.5,1.35,1.233,1.657,0.424,0.106,2.6,0.276
2026-04-25 17:15:00,summer,17.25,0.25,0.253,0.3017,212.0,39.3,1.61,0.974,1.796,0.822,0.206,2.6,0.534
2026-04-25 17:30:00,summer,17.5,0.25,0.222,0.2414,163.8,38.3,2.26,0.762,1.941,1.179,0.295,2.6,0.766
2026-04-25 17:45:00,summer,17.75,0.25,0.11,0.1803,118.9,38.1,2.33,0.556,2.048,1.492,0.373,2.6,0.97
2026-04-25 18:00:00,summer,18.0,0.25,0.143,0.1187,60.2,37.2,1.45,0.284,2.189,1.905,0.476,2.6,1.238
2026-04-25 18:15:00,summer,18.25,0.25,0.092,0.0568,15.6,36.7,2.03,0.074,2.326,2.252,0.563,2.6,1.464
2026-04-25 18:30:00,summer,18.5,0.25,0.092,0.0,0.0,37.0,1.23,0.0,2.422,2.422,0.606,2.6,1.574
2026-04-25 18:45:00,summer,18.75,0.25,0.092,0.0,0.0,36.2,2.57,0.0,2.512,2.512,0.628,2.6,1.633
2026-04-25 19:00:00,summer,19.0,0.25,0.092,0.0,0.0,35.7,2.67,0.0,2.612,2.612,0.653,2.6,1.698
2026-04-25 19:15:00,summer,19.25,0.25,0.092,0.0,0.0,35.2,1.66,0.0,2.668,2.668,0.667,2.6,1.734
2026-04-25 19:30:00,summer,19.5,0.25,0.092,0.0,0.0,34.7,1.21,0.0,2.718,2.718,0.679,2.6,1.767
2026-04-25 19:45:00,summer,19.75,0.25,0.092,0.0,0.0,34.2,2.04,0.0,2.694,2.694,0.673,2.6,1.751
2026-04-25 20:00:00,summer,20.0,0.25,0.092,0.0,0.0,34.0,1.77,0.0,2.667,2.667,0.667,2.6,1.734
2026-04-25 20:15:00,summer,20.25,0.25,0.092,0.0,0.0,33.5,1.64,0.0,2.638,2.638,0.659,2.6,1.715
2026-04-25 20:30:00,summer,20.5,0.25,0.092,0.0,0.0,33.1,2.25,0.0,2.565,2.565,0.641,2.6,1.667
2026-04-25 20:45:00,summer,20.75,0.25,0.092,0.0,0.0,32.3,2.46,0.0,2.483,2.483,0.621,2.6,1.614
2026-04-25 21:00:00,summer,21.0,0.25,0.092,0.0,0.0,32.3,1.93,0.0,2.395,2.395,0.599,2.6,1.557
2026-04-25 21:15:00,summer,21.25,0.25,0.092,0.0,0.0,31.5,1.75,0.0,2.266,2.266,0.567,2.6,1.473
2026-04-25 21:30:00,summer,21.5,0.25,0.092,0.0,0.0,31.1,2.1,0.0,2.155,2.155,0.539,2.6,1.401
2026-04-25 21:45:00,summer,21.75,0.25,0.092,0.0,0.0,30.9,1.53,0.0,2.017,2.017,0.504,2.6,1.311
2026-04-25 22:00:00,summer,22.0,0.25,0.092,0.0,0.0,30.4,1.7,0.0,1.861,1.861,0.465,2.6,1.21
2026-04-25 22:15:00,summer,22.25,0.25,0.092,0.0,0.0,29.9,1.89,0.0,1.724,1.724,0.431,2.6,1.121
2026-04-25 22:30:00,summer,22.5,0.25,0.092,0.0,0.0,29.1,2.22,0.0,1.595,1.595,0.399,2.6,1.037
2026-04-25 22:45:00,summer,22.75,0.25,0.092,0.0,0.0,29.0,1.81,0.0,1.461,1.461,0.365,2.6,0.95
2026-04-25 23:00:00,summer,23.0,0.25,0.092,0.0,0.0,29.0,2.36,0.0,1.314,1.314,0.329,2.6,0.854
2026-04-25 23:15:00,summer,23.25,0.25,0.092,0.0,0.0,28.4,2.05,0.0,1.203,1.203,0.301,2.6,0.782
2026-04-25 23:30:00,summer,23.5,0.25,0.092,0.0,0.0,28.4,1.25,0.0,1.06,1.06,0.265,2.6,0.689
2026-04-25 23:45:00,summer,23.75,0.25,0.092,0.0,0.0,27.8,1.66,0.0,0.944,0.944,0.236,2.6,0.614
2026-04-26 00:00:00,summer,0.0,0.25,0.092,0.0,0.0,27.4,1.73,0.0,0.745,0.745,0.186,2.6,0.484
2026-04-26 00:15:00,summer,0.25,0.25,0.092,0.0,0.0,27.0,1.99,0.0,0.615,0.615,0.154,2.6,0.4
2026-04-26 00:30:00,summer,0.5,0.25,0.092,0.0,0.0,26.8,1.95,0.0,0.499,0.499,0.125,2.6,0.324
2026-04-26 00:45:00,summer,0.75,0.25,0.092,0.0,0.0,26.8,2.07,0.0,0.421,0.421,0.105,2.6,0.274
2026-04-26 01:00:00,summer,1.0,0.25,0.092,0.0,0.0,26.6,2.53,0.0,0.353,0.353,0.088,2.6,0.229
2026-04-26 01:15:00,summer,1.25,0.25,0.092,0.0,0.0,26.2,1.5,0.0,0.303,0.303,0.076,2.6,0.197
2026-04-26 01:30:00,summer,1.5,0.25,0.092,0.0,0.0,26.5,2.34,0.0,0.266,0.266,0.067,2.6,0.173
2026-04-26 01:45:00,summer,1.75,0.25,0.092,0.0,0.0,26.0,1.75,0.0,0.237,0.237,0.059,2.6,0.154
2026-04-26 02:00:00,summer,2.0,0.25,0.092,0.0,0.0,25.9,1.77,0.0,0.223,0.223,0.056,2.6,0.145
2026-04-26 02:15:00,summer,2.25,0.25,0.092,0.0,0.0,26.0,2.38,0.0,0.22,0.22,0.055,2.6,0.143
2026-04-26 02:30:00,summer,2.5,0.25,0.092,0.0,0.0,26.0,1.93,0.0,0.221,0.221,0.055,2.6,0.144
2026-04-26 02:45:00,summer,2.75,0.25,0.092,0.0,0.0,26.0,2.09,0.0,0.231,0.231,0.058,2.6,0.15
2026-04-26 03:00:00,summer,3.0,0.25,0.092,0.0,0.0,26.0,1.96,0.0,0.243,0.243,0.061,2.6,0.158
2026-04-26 03:15:00,summer,3.25,0.25,0.092,0.0,0.0,25.9,1.0,0.0,0.246,0.246,0.061,2.6,0.16
2026-04-26 03:30:00,summer,3.5,0.25,0.092,0.0,0.0,26.2,1.51,0.0,0.248,0.248,0.062,2.6,0.161
2026-04-26 03:45:00,summer,3.75,0.25,0.092,0.0,0.0,26.1,2.48,0.0,0.269,0.269,0.067,2.6,0.175
2026-04-26 04:00:00,summer,4.0,0.25,0.092,0.0,0.0,26.2,2.69,0.0,0.299,0.299,0.075,2.6,0.194
2026-04-26 04:15:00,summer,4.25,0.25,0.092,0.0,0.0,26.2,1.66,0.0,0.338,0.338,0.085,2.6,0.22
2026-04-26 04:30:00,summer,4.5,0.25,0.092,0.0,0.0,26.9,0.8,0.0,0.381,0.381,0.095,2.6,0.248
2026-04-26 04:45:00,summer,4.75,0.25,0.092,0.0,0.0,27.5,2.39,0.0,0.404,0.404,0.101,2.6,0.263
2026-04-26 05:00:00,summer,5.0,0.25,0.092,0.0,0.0,27.7,1.22,0.0,0.451,0.451,0.113,2.6,0.293
2026-04-26 05:15:00,summer,5.25,0.25,0.092,0.0,0.0,27.6,1.86,0.0,0.522,0.522,0.131,2.6,0.339
2026-04-26 05:30:00,summer,5.5,0.25,0.092,0.0,0.0,28.2,2.35,0.0,0.609,0.609,0.152,2.6,0.396
2026-04-26 05:45:00,summer,5.75,0.25,0.092,0.0,0.0,28.5,2.38,0.0,0.681,0.681,0.17,2.6,0.443
2026-04-26 06:00:00,summer,6.0,0.25,0.092,0.0,0.0,28.7,1.7,0.0,0.821,0.821,0.205,2.6,0.534
2026-04-26 06:15:00,summer,6.25,0.25,0.122,0.0516,12.8,29.1,1.87,0.063,0.912,0.849,0.212,2.6,0.552
2026-04-26 06:30:00,summer,6.5,0.25,0.101,0.1135,57.1,29.8,0.96,0.278,1.013,0.735,0.184,2.6,0.478
2026-04-26 06:45:00,summer,6.75,0.25,0.121,0.1751,112.9,30.9,0.8,0.543,1.152,0.609,0.152,2.6,0.396
2026-04-26 07:00:00,summer,7.0,0.25,0.183,0.2361,164.5,30.8,1.28,0.787,1.262,0.475,0.119,2.6,0.309
2026-04-26 07:15:00,summer,7.25,0.25,0.272,0.2964,203.4,31.5,1.17,0.966,1.349,0.383,0.096,2.6,0.249
2026-04-26 07:30:00,summer,7.5,0.25,0.35,0.3557,233.0,32.0,1.46,1.101,1.456,0.355,0.089,2.6,0.231
2026-04-26 07:45:00,summer,7.75,0.25,0.327,0.4137,286.4,32.4,2.07,1.348,1.539,0.191,0.048,2.6,0.124
2026-04-26 08:00:00,summer,8.0,0.25,0.299,0.4701,342.9,33.2,1.48,1.591,1.581,0.0,0.0,2.6,0.0
2026-04-26 08:15:00,summer,8.25,0.25,0.329,0.5248,374.9,33.6,2.17,1.74,1.601,0.0,0.0,2.6,0.0
2026-04-26 08:30:00,summer,8.5,0.25,0.276,0.5774,444.4,34.3,1.79,2.033,1.631,0.0,0.0,2.6,0.0
2026-04-26 08:45:00,summer,8.75,0.25,0.31,0.6278,468.5,34.4,1.8,2.137,1.635,0.0,0.0,2.6,0.0
2026-04-26 09:00:00,summer,9.0,0.25,0.169,0.6757,594.0,35.5,1.3,2.637,1.616,0.0,0.0,2.6,0.0
2026-04-26 09:15:00,summer,9.25,0.25,0.206,0.721,613.8,36.3,1.81,2.729,1.59,0.0,0.0,2.6,0.0
2026-04-26 09:30:00,summer,9.5,0.25,0.171,0.7634,678.0,37.0,2.52,3.01,1.521,0.0,0.0,2.6,0.0
2026-04-26 09:45:00,summer,9.75,0.25,0.175,0.8028,713.5,37.8,2.45,3.141,1.442,0.0,0.0,2.6,0.0
2026-04-26 10:00:00,summer,10.0,0.25,0.039,0.839,851.7,38.2,1.3,3.606,1.347,0.0,0.0,2.6,0.0
2026-04-26 10:15:00,summer,10.25,0.25,0.101,0.8719,839.3,39.1,2.18,3.607,1.25,0.0,0.0,2.6,0.0
2026-04-26 10:30:00,summer,10.5,0.25,0.037,0.9012,922.6,39.1,1.39,3.86,1.144,0.0,0.0,2.6,0.0
2026-04-26 10:45:00,summer,10.75,0.25,0.039,0.9269,950.2,40.0,2.09,4.006,1.039,0.0,0.0,2.6,0.0
2026-04-26 11:00:00,summer,11.0,0.25,0.148,0.9489,879.2,40.0,2.71,3.777,0.952,0.0,0.0,2.6,0.0
2026-04-26 11:15:00,summer,11.25,0.25,0.152,0.967,893.2,39.9,1.16,3.716,0.847,0.0,0.0,2.6,0.0
2026-04-26 11:30:00,summer,11.5,0.25,0.078,0.9812,975.1,40.5,1.25,4.007,0.764,0.0,0.0,2.6,0.0
2026-04-26 11:45:00,summer,11.75,0.25,0.094,0.9915,971.3,41.2,1.41,3.998,0.679,0.0,0.0,2.6,0.0
2026-04-26 12:00:00,summer,12.0,0.25,0.167,0.9977,910.1,42.0,2.83,3.868,0.625,0.0,0.0,2.6,0.0
2026-04-26 12:15:00,summer,12.25,0.25,0.165,1.0,914.2,41.6,2.1,3.843,0.57,0.0,0.0,2.6,0.0
2026-04-26 12:30:00,summer,12.5,0.25,0.233,0.9981,847.1,41.2,0.83,3.493,0.51,0.0,0.0,2.6,0.0
2026-04-26 12:45:00,summer,12.75,0.25,0.114,0.9922,954.1,42.2,1.58,3.934,0.476,0.0,0.0,2.6,0.0
2026-04-26 13:00:00,summer,13.0,0.25,0.145,0.9823,915.1,42.4,1.26,3.759,0.477,0.0,0.0,2.6,0.0
2026-04-26 13:15:00,summer,13.25,0.25,0.061,0.9685,977.2,42.5,2.35,4.08,0.494,0.0,0.0,2.6,0.0
2026-04-26 13:30:00,summer,13.5,0.25,0.11,0.9507,914.7,42.3,1.99,3.824,0.464,0.0,0.0,2.6,0.0
2026-04-26 13:45:00,summer,13.75,0.25,0.199,0.9291,814.7,42.3,1.85,3.44,0.47,0.0,0.0,2.6,0.0
2026-04-26 14:00:00,summer,14.0,0.25,0.182,0.9037,805.7,42.8,1.81,3.395,0.476,0.0,0.0,2.6,0.0
2026-04-26 14:15:00,summer,14.25,0.25,0.208,0.8747,756.4,41.8,1.54,3.206,0.505,0.0,0.0,2.6,0.0
2026-04-26 14:30:00,summer,14.5,0.25,0.219,0.8422,717.1,42.4,0.96,3.011,0.555,0.0,0.0,2.6,0.0
2026-04-26 14:45:00,summer,14.75,0.25,0.177,0.8063,715.1,42.6,1.54,3.036,0.615,0.0,0.0,2.6,0.0
2026-04-26 15:00:00,summer,15.0,0.25,0.101,0.7672,729.9,42.5,0.96,3.057,0.714,0.0,0.0,2.6,0.0
2026-04-26 15:15:00,summer,15.25,0.25,0.0,0.7251,749.1,42.5,1.75,3.18,0.786,0.0,0.0,2.6,0.0
2026-04-26 15:30:00,summer,15.5,0.25,0.111,0.68,632.5,42.0,1.43,2.718,0.877,0.0,0.0,2.6,0.0
2026-04-26 15:45:00,summer,15.75,0.25,0.117,0.6323,579.8,41.2,1.31,2.514,0.986,0.0,0.0,2.6,0.0
2026-04-26 16:00:00,summer,16.0,0.25,0.043,0.5821,563.6,41.3,2.48,2.483,1.113,0.0,0.0,2.6,0.0
2026-04-26 16:15:00,summer,16.25,0.25,0.14,0.5297,464.1,41.0,1.98,2.06,1.233,0.0,0.0,2.6,0.0
2026-04-26 16:30:00,summer,16.5,0.25,0.116,0.4752,418.3,40.4,1.61,1.866,1.373,0.0,0.0,2.6,0.0
2026-04-26 16:45:00,summer,16.75,0.25,0.154,0.4189,348.3,40.0,2.51,1.58,1.508,0.0,0.0,2.6,0.0
2026-04-26 17:00:00,summer,17.0,0.25,0.116,0.3611,300.6,39.2,0.85,1.359,1.636,0.277,0.069,2.6,0.18
2026-04-26 17:15:00,summer,17.25,0.25,0.198,0.3019,223.7,38.7,1.31,1.028,1.783,0.755,0.189,2.6,0.491
2026-04-26 17:30:00,summer,17.5,0.25,0.162,0.2417,172.8,38.5,1.3,0.8,1.945,1.145,0.286,2.6,0.744
2026-04-26 17:45:00,summer,17.75,0.25,0.047,0.1807,124.3,37.8,2.22,0.582,2.093,1.511,0.378,2.6,0.982
2026-04-26 18:00:00,summer,18.0,0.25,0.015,0.1192,65.0,37.5,1.19,0.306,2.205,1.899,0.475,2.6,1.234
2026-04-26 18:15:00,summer,18.25,0.25,0.109,0.0573,15.8,36.7,2.23,0.075,2.321,2.246,0.561,2.6,1.46
2026-04-26 18:30:00,summer,18.5,0.25,0.109,0.0,0.0,36.3,2.1,0.0,2.42,2.42,0.605,2.6,1.573
2026-04-26 18:45:00,summer,18.75,0.25,0.109,0.0,0.0,36.5,1.21,0.0,2.494,2.494,0.624,2.6,1.621
2026-04-26 19:00:00,summer,19.0,0.25,0.109,0.0,0.0,35.5,1.13,0.0,2.586,2.586,0.646,2.6,1.681
2026-04-26 19:15:00,summer,19.25,0.25,0.109,0.0,0.0,35.3,1.32,0.0,2.635,2.635,0.659,2.6,1.713
2026-04-26 19:30:00,summer,19.5,0.25,0.109,0.0,0.0,34.4,2.28,0.0,2.679,2.679,0.67,2.6,1.741
2026-04-26 19:45:00,summer,19.75,0.25,0.109,0.0,0.0,34.2,2.03,0.0,2.675,2.675,0.669,2.6,1.739
2026-04-26 20:00:00,summer,20.0,0.25,0.109,0.0,0.0,34.1,2.14,0.0,2.679,2.679,0.67,2.6,1.741
2026-04-26 20:15:00,summer,20.25,0.25,0.109,0.0,0.0,33.3,1.77,0.0,2.641,2.641,0.66,2.6,1.717
2026-04-26 20:30:00,summer,20.5,0.25,0.109,0.0,0.0,32.8,1.75,0.0,2.571,2.571,0.643,2.6,1.671
2026-04-26 20:45:00,summer,20.75,0.25,0.109,0.0,0.0,32.4,1.41,0.0,2.45,2.45,0.613,2.6,1.593
2026-04-26 21:00:00,summer,21.0,0.25,0.109,0.0,0.0,32.6,2.03,0.0,2.343,2.343,0.586,2.6,1.523
2026-04-26 21:15:00,summer,21.25,0.25,0.109,0.0,0.0,31.2,1.34,0.0,2.243,2.243,0.561,2.6,1.458
2026-04-26 21:30:00,summer,21.5,0.25,0.109,0.0,0.0,31.0,1.2,0.0,2.118,2.118,0.529,2.6,1.377
2026-04-26 21:45:00,summer,21.75,0.25,0.109,0.0,0.0,31.0,2.35,0.0,1.985,1.985,0.496,2.6,1.29
2026-04-26 22:00:00,summer,22.0,0.25,0.109,0.0,0.0,30.3,2.93,0.0,1.845,1.845,0.461,2.6,1.199
2026-04-26 22:15:00,summer,22.25,0.25,0.109,0.0,0.0,29.4,1.65,0.0,1.709,1.709,0.427,2.6,1.111
2026-04-26 22:30:00,summer,22.5,0.25,0.109,0.0,0.0,29.6,1.22,0.0,1.551,1.551,0.388,2.6,1.008
2026-04-26 22:45:00,summer,22.75,0.25,0.109,0.0,0.0,29.5,1.45,0.0,1.426,1.426,0.356,2.6,0.927
2026-04-26 23:00:00,summer,23.0,0.25,0.109,0.0,0.0,28.5,1.98,0.0,1.294,1.294,0.324,2.6,0.841
2026-04-26 23:15:00,summer,23.25,0.25,0.109,0.0,0.0,28.7,2.12,0.0,1.155,1.155,0.289,2.6,0.751
2026-04-26 23:30:00,summer,23.5,0.25,0.109,0.0,0.0,28.1,0.91,0.0,1.031,1.031,0.258,2.6,0.67
2026-04-26 23:45:00,summer,23.75,0.25,0.109,0.0,0.0,27.5,2.77,0.0,0.915,0.915,0.229,2.6,0.595
2026-04-27 00:00:00,summer,0.0,0.25,0.109,0.0,0.0,27.4,1.87,0.0,0.723,0.723,0.181,2.6,0.47
2026-04-27 00:15:00,summer,0.25,0.25,0.109,0.0,0.0,27.0,2.01,0.0,0.588,0.588,0.147,2.6,0.382
2026-04-27 00:30:00,summer,0.5,0.25,0.109,0.0,0.0,26.7,1.76,0.0,0.482,0.482,0.12,2.6,0.313
2026-04-27 00:45:00,summer,0.75,0.25,0.109,0.0,0.0,26.6,1.28,0.0,0.41,0.41,0.102,2.6,0.267
2026-04-27 01:00:00,summer,1.0,0.25,0.109,0.0,0.0,26.5,1.74,0.0,0.345,0.345,0.086,2.6,0.224
2026-04-27 01:15:00,summer,1.25,0.25,0.109,0.0,0.0,26.7,1.69,0.0,0.304,0.304,0.076,2.6,0.198
2026-04-27 01:30:00,summer,1.5,0.25,0.109,0.0,0.0,26.1,2.78,0.0,0.285,0.285,0.071,2.6,0.185
2026-04-27 01:45:00,summer,1.75,0.25,0.109,0.0,0.0,26.0,1.74,0.0,0.258,0.258,0.065,2.6,0.168
2026-04-27 02:00:00,summer,2.0,0.25,0.109,0.0,0.0,26.3,1.69,0.0,0.231,0.231,0.058,2.6,0.15
2026-04-27 02:15:00,summer,2.25,0.25,0.109,0.0,0.0,26.4,2.72,0.0,0.211,0.211,0.053,2.6,0.137
2026-04-27 02:30:00,summer,2.5,0.25,0.109,0.0,0.0,26.2,2.04,0.0,0.21,0.21,0.052,2.6,0.137
2026-04-27 02:45:00,summer,2.75,0.25,0.109,0.0,0.0,25.9,2.22,0.0,0.21,0.21,0.052,2.6,0.137
2026-04-27 03:00:00,summer,3.0,0.25,0.109,0.0,0.0,26.4,1.1,0.0,0.195,0.195,0.049,2.6,0.127
2026-04-27 03:15:00,summer,3.25,0.25,0.109,0.0,0.0,26.2,1.55,0.0,0.196,0.196,0.049,2.6,0.127
2026-04-27 03:30:00,summer,3.5,0.25,0.109,0.0,0.0,26.1,1.52,0.0,0.206,0.206,0.051,2.6,0.134
2026-04-27 03:45:00,summer,3.75,0.25,0.109,0.0,0.0,26.2,2.19,0.0,0.215,0.215,0.054,2.6,0.14
2026-04-27 04:00:00,summer,4.0,0.25,0.109,0.0,0.0,26.7,1.2,0.0,0.245,0.245,0.061,2.6,0.159
2026-04-27 04:15:00,summer,4.25,0.25,0.109,0.0,0.0,26.8,1.63,0.0,0.289,0.289,0.072,2.6,0.188
2026-04-27 04:30:00,summer,4.5,0.25,0.109,0.0,0.0,26.7,1.42,0.0,0.331,0.331,0.083,2.6,0.215
2026-04-27 04:45:00,summer,4.75,0.25,0.109,0.0,0.0,26.8,1.86,0.0,0.38,0.38,0.095,2.6,0.247
2026-04-27 05:00:00,summer,5.0,0.25,0.109,0.0,0.0,27.2,1.95,0.0,0.462,0.462,0.116,2.6,0.3
2026-04-27 05:15:00,summer,5.25,0.25,0.109,0.0,0.0,28.2,1.36,0.0,0.552,0.552,0.138,2.6,0.359
2026-04-27 05:30:00,summer,5.5,0.25,0.109,0.0,0.0,28.1,1.64,0.0,0.637,0.637,0.159,2.6,0.414
2026-04-27 05:45:00,summer,5.75,0.25,0.109,0.0,0.0,28.7,1.77,0.0,0.724,0.724,0.181,2.6,0.471
2026-04-27 06:00:00,summer,6.0,0.25,0.109,0.0,0.0,29.0,1.99,0.0,0.804,0.804,0.201,2.6,0.523
2026-04-27 06:15:00,summer,6.25,0.25,0.163,0.0537,13.6,29.4,1.93,0.067,0.928,0.861,0.215,2.6,0.56
2026-04-27 06:30:00,summer,6.5,0.25,0.158,0.1154,56.9,30.2,2.73,0.277,1.046,0.769,0.192,2.6,0.5
2026-04-27 06:45:00,summer,6.75,0.25,0.126,0.1769,114.3,29.8,1.81,0.554,1.132,0.578,0.144,2.6,0.376
2026-04-27 07:00:00,summer,7.0,0.25,0.137,0.2379,172.5,30.7,1.47,0.826,1.238,0.412,0.103,2.6,0.268
2026-04-27 07:15:00,summer,7.25,0.25,0.08,0.2981,243.1,31.6,1.64,1.151,1.319,0.168,0.042,2.6,0.109
2026-04-27 07:30:00,summer,7.5,0.25,0.119,0.3573,296.0,32.7,2.02,1.389,1.412,0.023,0.006,2.6,0.015
2026-04-27 07:45:00,summer,7.75,0.25,0.176,0.4152,337.5,32.7,1.83,1.575,1.475,0.0,0.0,2.6,0.0
2026-04-27 08:00:00,summer,8.0,0.25,0.157,0.4715,399.2,33.6,1.7,1.84,1.532,0.0,0.0,2.6,0.0
2026-04-27 08:15:00,summer,8.25,0.25,0.086,0.5261,483.2,34.3,1.83,2.202,1.58,0.0,0.0,2.6,0.0
2026-04-27 08:30:00,summer,8.5,0.25,0.048,0.5786,557.1,35.0,2.48,2.526,1.625,0.0,0.0,2.6,0.0
2026-04-27 08:45:00,summer,8.75,0.25,0.07,0.6289,601.4,34.9,2.97,2.729,1.616,0.0,0.0,2.6,0.0
2026-04-27 09:00:00,summer,9.0,0.25,0.032,0.6767,674.6,35.4,1.53,2.976,1.604,0.0,0.0,4.18,0.0
2026-04-27 09:15:00,summer,9.25,0.25,0.083,0.7219,694.0,36.7,0.71,2.985,1.556,0.0,0.0,4.18,0.0
2026-04-27 09:30:00,summer,9.5,0.25,0.121,0.7643,713.4,37.4,2.5,3.148,1.509,0.0,0.0,4.18,0.0
2026-04-27 09:45:00,summer,9.75,0.25,0.105,0.8036,765.2,37.2,1.38,3.3,1.447,0.0,0.0,4.18,0.0
2026-04-27 10:00:00,summer,10.0,0.25,0.112,0.8397,797.9,37.9,2.0,3.455,1.38,0.0,0.0,4.18,0.0
2026-04-27 10:15:00,summer,10.25,0.25,0.025,0.8724,900.0,38.8,2.38,3.859,1.276,0.0,0.0,4.18,0.0
2026-04-27 10:30:00,summer,10.5,0.25,0.04,0.9017,920.7,39.1,1.59,3.871,1.188,0.0,0.0,4.18,0.0
2026-04-27 10:45:00,summer,10.75,0.25,0.054,0.9273,937.4,39.9,2.3,3.976,1.099,0.0,0.0,4.18,0.0
2026-04-27 11:00:00,summer,11.0,0.25,0.0,0.9492,1008.8,40.4,1.95,4.202,1.012,0.0,0.0,4.18,0.0
2026-04-27 11:15:00,summer,11.25,0.25,0.035,0.9673,998.2,40.1,1.47,4.122,0.919,0.0,0.0,4.18,0.0
2026-04-27 11:30:00,summer,11.5,0.25,0.104,0.9814,952.1,40.8,0.84,3.87,0.812,0.0,0.0,4.18,0.0
2026-04-27 11:45:00,summer,11.75,0.25,0.17,0.9916,901.3,40.5,1.39,3.757,0.741,0.0,0.0,4.18,0.0
2026-04-27 12:00:00,summer,12.0,0.25,0.266,0.9978,815.6,40.7,1.77,3.463,0.652,0.0,0.0,4.18,0.0
2026-04-27 12:15:00,summer,12.25,0.25,0.286,1.0,798.2,41.1,1.56,3.377,0.559,0.0,0.0,4.18,0.0
2026-04-27 12:30:00,summer,12.5,0.25,0.245,0.9981,835.6,41.2,2.21,3.559,0.534,0.0,0.0,4.18,0.0
2026-04-27 12:45:00,summer,12.75,0.25,0.241,0.9922,834.9,41.7,2.29,3.553,0.496,0.0,0.0,4.18,0.0
2026-04-27 13:00:00,summer,13.0,0.25,0.116,0.9823,942.0,42.4,1.46,3.875,0.457,0.0,0.0,4.18,0.0
2026-04-27 13:15:00,summer,13.25,0.25,0.079,0.9684,960.4,42.9,2.11,3.991,0.445,0.0,0.0,4.18,0.0
2026-04-27 13:30:00,summer,13.5,0.25,0.147,0.9506,881.7,42.1,1.36,3.654,0.432,0.0,0.0,4.18,0.0
2026-04-27 13:45:00,summer,13.75,0.25,0.126,0.9289,877.8,42.4,2.26,3.703,0.421,0.0,0.0,4.18,0.0
2026-04-27 14:00:00,summer,14.0,0.25,0.066,0.9036,901.9,42.2,1.33,3.722,0.453,0.0,0.0,4.18,0.0
2026-04-27 14:15:00,summer,14.25,0.25,0.226,0.8746,741.5,42.3,1.42,3.134,0.486,0.0,0.0,4.18,0.0
2026-04-27 14:30:00,summer,14.5,0.25,0.155,0.842,767.1,42.4,2.38,3.284,0.541,0.0,0.0,4.18,0.0
2026-04-27 14:45:00,summer,14.75,0.25,0.121,0.8062,756.2,41.9,1.46,3.199,0.606,0.0,0.0,4.18,0.0
2026-04-27 15:00:00,summer,15.0,0.25,0.032,0.7671,776.2,42.0,2.9,3.349,0.666,0.0,0.0,4.18,0.0
2026-04-27 15:15:00,summer,15.25,0.25,0.083,0.7249,697.0,42.0,1.62,2.979,0.758,0.0,0.0,4.18,0.0
2026-04-27 15:30:00,summer,15.5,0.25,0.246,0.6799,551.5,41.6,1.15,2.39,0.851,0.0,0.0,4.18,0.0
2026-04-27 15:45:00,summer,15.75,0.25,0.169,0.6323,551.3,41.3,1.06,2.389,0.98,0.0,0.0,4.18,0.0
2026-04-27 16:00:00,summer,16.0,0.25,0.217,0.5821,478.5,40.8,2.06,2.124,1.094,0.0,0.0,4.18,0.0
2026-04-27 16:15:00,summer,16.25,0.25,0.134,0.5297,466.4,40.8,1.87,2.07,1.218,0.0,0.0,4.18,0.0
2026-04-27 16:30:00,summer,16.5,0.25,0.156,0.4753,403.4,40.5,2.27,1.812,1.359,0.0,0.0,4.18,0.0
2026-04-27 16:45:00,summer,16.75,0.25,0.253,0.4191,315.9,39.8,1.67,1.431,1.492,0.061,0.015,4.18,0.064
2026-04-27 17:00:00,summer,17.0,0.25,0.199,0.3613,279.4,39.3,1.45,1.272,1.636,0.364,0.091,4.18,0.38
2026-04-27 17:15:00,summer,17.25,0.25,0.346,0.3022,191.9,38.4,2.13,0.89,1.795,0.905,0.226,4.18,0.946
2026-04-27 17:30:00,summer,17.5,0.25,0.332,0.2421,147.1,38.4,1.55,0.684,1.947,1.263,0.316,4.18,1.32
2026-04-27 17:45:00,summer,17.75,0.25,0.36,0.1811,96.0,37.7,1.31,0.45,2.086,1.636,0.409,4.18,1.71
2026-04-27 18:00:00,summer,18.0,0.25,0.374,0.1197,50.4,37.1,2.56,0.239,2.2,1.961,0.49,4.18,2.049
2026-04-27 18:15:00,summer,18.25,0.25,0.35,0.0579,14.0,37.3,0.29,0.066,2.305,2.239,0.56,4.18,2.34
2026-04-27 18:30:00,summer,18.5,0.25,0.35,0.0,0.0,36.1,2.12,0.0,2.399,2.399,0.6,4.18,2.507
2026-04-27 18:45:00,summer,18.75,0.25,0.35,0.0,0.0,36.3,1.81,0.0,2.492,2.492,0.623,4.18,2.604
2026-04-27 19:00:00,summer,19.0,0.25,0.35,0.0,0.0,35.8,2.55,0.0,2.572,2.572,0.643,4.18,2.688
2026-04-27 19:15:00,summer,19.25,0.25,0.35,0.0,0.0,35.9,1.42,0.0,2.602,2.602,0.65,4.18,2.719
2026-04-27 19:30:00,summer,19.5,0.25,0.35,0.0,0.0,34.5,1.36,0.0,2.635,2.635,0.659,4.18,2.754
2026-04-27 19:45:00,summer,19.75,0.25,0.35,0.0,0.0,34.2,1.51,0.0,2.656,2.656,0.664,4.18,2.776
2026-04-27 20:00:00,summer,20.0,0.25,0.35,0.0,0.0,33.5,0.69,0.0,2.614,2.614,0.653,4.18,2.732
2026-04-27 20:15:00,summer,20.25,0.25,0.35,0.0,0.0,33.2,2.07,0.0,2.572,2.572,0.643,4.18,2.688
2026-04-27 20:30:00,summer,20.5,0.25,0.35,0.0,0.0,33.0,2.75,0.0,2.51,2.51,0.627,4.18,2.623
2026-04-27 20:45:00,summer,20.75,0.25,0.35,0.0,0.0,32.7,2.11,0.0,2.435,2.435,0.609,4.18,2.545
2026-04-27 21:00:00,summer,21.0,0.25,0.35,0.0,0.0,32.0,1.85,0.0,2.347,2.347,0.587,4.18,2.453
2026-04-27 21:15:00,summer,21.25,0.25,0.35,0.0,0.0,31.7,1.23,0.0,2.237,2.237,0.559,4.18,2.338
2026-04-27 21:30:00,summer,21.5,0.25,0.35,0.0,0.0,31.3,2.33,0.0,2.127,2.127,0.532,4.18,2.223
2026-04-27 21:45:00,summer,21.75,0.25,0.35,0.0,0.0,31.0,2.26,0.0,1.991,1.991,0.498,4.18,2.081
2026-04-27 22:00:00,summer,22.0,0.25,0.35,0.0,0.0,30.4,2.21,0.0,1.866,1.866,0.467,2.6,1.213
2026-04-27 22:15:00,summer,22.25,0.25,0.35,0.0,0.0,29.4,2.11,0.0,1.704,1.704,0.426,2.6,1.108
2026-04-27 22:30:00,summer,22.5,0.25,0.35,0.0,0.0,29.4,1.28,0.0,1.558,1.558,0.39,2.6,1.013
2026-04-27 22:45:00,summer,22.75,0.25,0.35,0.0,0.0,28.7,2.2,0.0,1.44,1.44,0.36,2.6,0.936
2026-04-27 23:00:00,summer,23.0,0.25,0.35,0.0,0.0,28.7,1.01,0.0,1.273,1.273,0.318,2.6,0.827
2026-04-27 23:15:00,summer,23.25,0.25,0.35,0.0,0.0,28.1,2.25,0.0,1.139,1.139,0.285,2.6,0.74
2026-04-27 23:30:00,summer,23.5,0.25,0.35,0.0,0.0,28.2,1.98,0.0,1.028,1.028,0.257,2.6,0.668
2026-04-27 23:45:00,summer,23.75,0.25,0.35,0.0,0.0,27.9,2.15,0.0,0.902,0.902,0.226,2.6,0.586
2026-04-28 00:00:00,summer,0.0,0.25,0.35,0.0,0.0,27.3,1.45,0.0,0.715,0.715,0.179,2.6,0.465
2026-04-28 00:15:00,summer,0.25,0.25,0.35,0.0,0.0,27.3,1.77,0.0,0.574,0.574,0.143,2.6,0.373
2026-04-28 00:30:00,summer,0.5,0.25,0.35,0.0,0.0,27.2,1.64,0.0,0.47,0.47,0.117,2.6,0.305
2026-04-28 00:45:00,summer,0.75,0.25,0.35,0.0,0.0,26.5,2.06,0.0,0.404,0.404,0.101,2.6,0.263
2026-04-28 01:00:00,summer,1.0,0.25,0.35,0.0,0.0,26.3,1.46,0.0,0.357,0.357,0.089,2.6,0.232
2026-04-28 01:15:00,summer,1.25,0.25,0.35,0.0,0.0,26.5,1.52,0.0,0.325,0.325,0.081,2.6,0.211
2026-04-28 01:30:00,summer,1.5,0.25,0.35,0.0,0.0,26.3,1.83,0.0,0.281,0.281,0.07,2.6,0.183
2026-04-28 01:45:00,summer,1.75,0.25,0.35,0.0,0.0,26.0,1.03,0.0,0.267,0.267,0.067,2.6,0.174
2026-04-28 02:00:00,summer,2.0,0.25,0.35,0.0,0.0,26.0,1.81,0.0,0.258,0.258,0.065,2.6,0.168
2026-04-28 02:15:00,summer,2.25,0.25,0.35,0.0,0.0,26.1,2.74,0.0,0.231,0.231,0.058,2.6,0.15
2026-04-28 02:30:00,summer,2.5,0.25,0.35,0.0,0.0,26.0,1.16,0.0,0.231,0.231,0.058,2.6,0.15
2026-04-28 02:45:00,summer,2.75,0.25,0.35,0.0,0.0,25.8,1.48,0.0,0.226,0.226,0.057,2.6,0.147
2026-04-28 03:00:00,summer,3.0,0.25,0.35,0.0,0.0,26.5,1.59,0.0,0.23,0.23,0.058,2.6,0.15
2026-04-28 03:15:00,summer,3.25,0.25,0.35,0.0,0.0,26.4,1.47,0.0,0.219,0.219,0.055,2.6,0.142
2026-04-28 03:30:00,summer,3.5,0.25,0.35,0.0,0.0,26.6,2.41,0.0,0.241,0.241,0.06,2.6,0.157
2026-04-28 03:45:00,summer,3.75,0.25,0.35,0.0,0.0,25.9,2.28,0.0,0.244,0.244,0.061,2.6,0.159
2026-04-28 04:00:00,summer,4.0,0.25,0.35,0.0,0.0,26.2,1.59,0.0,0.298,0.298,0.074,2.6,0.194
2026-04-28 04:15:00,summer,4.25,0.25,0.35,0.0,0.0,27.1,1.72,0.0,0.326,0.326,0.082,2.6,0.212
2026-04-28 04:30:00,summer,4.5,0.25,0.35,0.0,0.0,26.6,2.34,0.0,0.377,0.377,0.094,2.6,0.245
2026-04-28 04:45:00,summer,4.75,0.25,0.35,0.0,0.0,27.3,2.05,0.0,0.422,0.422,0.105,2.6,0.274
2026-04-28 05:00:00,summer,5.0,0.25,0.35,0.0,0.0,27.5,1.58,0.0,0.471,0.471,0.118,2.6,0.306
2026-04-28 05:15:00,summer,5.25,0.25,0.35,0.0,0.0,28.1,1.61,0.0,0.526,0.526,0.132,2.6,0.342
2026-04-28 05:30:00,summer,5.5,0.25,0.35,0.0,0.0,27.8,1.96,0.0,0.59,0.59,0.147,2.6,0.384
2026-04-28 05:45:00,summer,5.75,0.25,0.35,0.0,0.0,28.3,2.16,0.0,0.698,0.698,0.174,2.6,0.454
2026-04-28 06:00:00,summer,6.0,0.25,0.35,0.0,0.0,28.8,1.74,0.0,0.816,0.816,0.204,2.6,0.53
2026-04-28 06:15:00,summer,6.25,0.25,0.324,0.0556,13.2,29.1,2.75,0.065,0.943,0.878,0.219,2.6,0.571
2026-04-28 06:30:00,summer,6.5,0.25,0.285,0.1173,53.1,29.6,1.9,0.259,1.033,0.774,0.193,2.6,0.503
2026-04-28 06:45:00,summer,6.75,0.25,0.245,0.1787,105.6,30.3,1.47,0.51,1.134,0.624,0.156,2.6,0.406
2026-04-28 07:00:00,summer,7.0,0.25,0.252,0.2396,157.6,30.8,2.12,0.757,1.245,0.488,0.122,2.6,0.317
2026-04-28 07:15:00,summer,7.25,0.25,0.161,0.2997,229.1,31.6,2.2,1.089,1.338,0.249,0.062,2.6,0.162
2026-04-28 07:30:00,summer,7.5,0.25,0.104,0.3588,301.4,31.7,1.56,1.416,1.431,0.015,0.004,2.6,0.01
2026-04-28 07:45:00,summer,7.75,0.25,0.0,0.4166,393.0,33.0,1.78,1.819,1.507,0.0,0.0,2.6,0.0
2026-04-28 08:00:00,summer,8.0,0.25,0.043,0.4728,442.2,33.0,2.07,2.041,1.567,0.0,0.0,2.6,0.0
2026-04-28 08:15:00,summer,8.25,0.25,0.07,0.5273,491.5,34.1,1.52,2.232,1.632,0.0,0.0,2.6,0.0
2026-04-28 08:30:00,summer,8.5,0.25,0.105,0.5797,531.2,34.3,1.36,2.393,1.651,0.0,0.0,2.6,0.0
2026-04-28 08:45:00,summer,8.75,0.25,0.123,0.63,573.8,35.5,2.12,2.582,1.649,0.0,0.0,2.6,0.0
2026-04-28 09:00:00,summer,9.0,0.25,0.205,0.6777,574.5,35.5,1.63,2.57,1.628,0.0,0.0,4.18,0.0
2026-04-28 09:15:00,summer,9.25,0.25,0.259,0.7228,580.7,36.0,1.23,2.574,1.599,0.0,0.0,4.18,0.0
2026-04-28 09:30:00,summer,9.5,0.25,0.256,0.7651,620.4,36.7,2.36,2.77,1.54,0.0,0.0,4.18,0.0
2026-04-28 09:45:00,summer,9.75,0.25,0.304,0.8043,618.6,36.9,1.8,2.741,1.468,0.0,0.0,4.18,0.0
2026-04-28 10:00:00,summer,10.0,0.25,0.272,0.8403,673.5,37.5,2.28,2.976,1.379,0.0,0.0,4.18,0.0
2026-04-28 10:15:00,summer,10.25,0.25,0.225,0.873,740.5,38.3,2.14,3.229,1.268,0.0,0.0,4.18,0.0
2026-04-28 10:30:00,summer,10.5,0.25,0.255,0.9021,741.6,38.8,1.48,3.191,1.177,0.0,0.0,4.18,0.0
2026-04-28 10:45:00,summer,10.75,0.25,0.25,0.9277,768.7,39.3,1.15,3.265,1.063,0.0,0.0,4.18,0.0
2026-04-28 11:00:00,summer,11.0,0.25,0.232,0.9495,804.4,39.8,1.75,3.434,0.968,0.0,0.0,4.18,0.0
2026-04-28 11:15:00,summer,11.25,0.25,0.281,0.9675,774.9,39.8,1.73,3.319,0.894,0.0,0.0,4.18,0.0
2026-04-28 11:30:00,summer,11.5,0.25,0.226,0.9816,838.8,40.3,1.59,3.545,0.801,0.0,0.0,4.18,0.0
2026-04-28 11:45:00,summer,11.75,0.25,0.233,0.9917,841.5,40.7,1.61,3.55,0.729,0.0,0.0,4.18,0.0
2026-04-28 12:00:00,summer,12.0,0.25,0.329,0.9979,754.3,40.8,2.19,3.249,0.656,0.0,0.0,4.18,0.0
2026-04-28 12:15:00,summer,12.25,0.25,0.371,1.0,714.8,40.8,2.31,3.098,0.583,0.0,0.0,4.18,0.0
2026-04-28 12:30:00,summer,12.5,0.25,0.464,0.9981,621.3,40.9,2.04,2.711,0.524,0.0,0.0,4.18,0.0
2026-04-28 12:45:00,summer,12.75,0.25,0.387,0.9921,693.0,41.1,2.22,3.003,0.491,0.0,0.0,4.18,0.0
2026-04-28 13:00:00,summer,13.0,0.25,0.481,0.9822,593.3,41.4,2.11,2.594,0.436,0.0,0.0,4.18,0.0
2026-04-28 13:15:00,summer,13.25,0.25,0.45,0.9682,615.4,41.8,2.26,2.683,0.419,0.0,0.0,4.18,0.0
2026-04-28 13:30:00,summer,13.5,0.25,0.466,0.9504,587.5,41.2,1.57,2.554,0.407,0.0,0.0,4.18,0.0
2026-04-28 13:45:00,summer,13.75,0.25,0.488,0.9288,553.1,41.7,1.63,2.412,0.421,0.0,0.0,4.18,0.0
2026-04-28 14:00:00,summer,14.0,0.25,0.499,0.9034,527.4,41.4,2.43,2.331,0.465,0.0,0.0,4.18,0.0
2026-04-28 14:15:00,summer,14.25,0.25,0.571,0.8744,446.8,41.1,1.86,1.985,0.506,0.0,0.0,4.18,0.0
2026-04-28 14:30:00,summer,14.5,0.25,0.537,0.8419,458.0,41.4,2.43,2.039,0.54,0.0,0.0,4.18,0.0
2026-04-28 14:45:00,summer,14.75,0.25,0.477,0.806,485.1,41.5,2.54,2.155,0.596,0.0,0.0,4.18,0.0
2026-04-28 15:00:00,summer,15.0,0.25,0.343,0.7669,559.2,41.3,2.65,2.469,0.664,0.0,0.0,4.18,0.0
2026-04-28 15:15:00,summer,15.25,0.25,0.345,0.7248,524.5,41.5,1.62,2.297,0.76,0.0,0.0,4.18,0.0
2026-04-28 15:30:00,summer,15.5,0.25,0.281,0.6799,529.4,41.4,2.91,2.349,0.856,0.0,0.0,4.18,0.0
2026-04-28 15:45:00,summer,15.75,0.25,0.23,0.6322,517.9,41.4,1.22,2.259,0.987,0.0,0.0,4.18,0.0
2026-04-28 16:00:00,summer,16.0,0.25,0.298,0.5821,437.4,41.0,1.18,1.931,1.11,0.0,0.0,4.18,0.0
2026-04-28 16:15:00,summer,16.25,0.25,0.303,0.5298,391.0,40.2,2.31,1.761,1.224,0.0,0.0,4.18,0.0
2026-04-28 16:30:00,summer,16.5,0.25,0.32,0.4754,338.9,40.0,1.39,1.526,1.372,0.0,0.0,4.18,0.0
2026-04-28 16:45:00,summer,16.75,0.25,0.272,0.4192,309.6,40.1,1.4,1.399,1.503,0.104,0.026,4.18,0.109
2026-04-28 17:00:00,summer,17.0,0.25,0.304,0.3615,250.6,39.6,2.34,1.149,1.654,0.505,0.126,4.18,0.528
2026-04-28 17:15:00,summer,17.25,0.25,0.268,0.3025,209.6,39.1,2.47,0.968,1.793,0.825,0.206,4.18,0.862
2026-04-28 17:30:00,summer,17.5,0.25,0.209,0.2424,166.6,38.4,1.88,0.774,1.932,1.158,0.289,4.18,1.21
2026-04-28 17:45:00,summer,17.75,0.25,0.235,0.1816,109.0,38.0,2.1,0.511,2.064,1.553,0.388,4.18,1.623
2026-04-28 18:00:00,summer,18.0,0.25,0.208,0.1202,58.8,37.2,2.52,0.278,2.185,1.907,0.477,4.18,1.993
2026-04-28 18:15:00,summer,18.25,0.25,0.121,0.0585,16.4,37.1,2.04,0.078,2.299,2.221,0.555,4.18,2.321
2026-04-28 18:30:00,summer,18.5,0.25,0.121,0.0,0.0,36.2,2.5,0.0,2.421,2.421,0.605,4.18,2.53
2026-04-28 18:45:00,summer,18.75,0.25,0.121,0.0,0.0,36.5,1.35,0.0,2.522,2.522,0.63,4.18,2.635
2026-04-28 19:00:00,summer,19.0,0.25,0.121,0.0,0.0,36.0,2.19,0.0,2.593,2.593,0.648,4.18,2.71
2026-04-28 19:15:00,summer,19.25,0.25,0.121,0.0,0.0,35.2,0.4,0.0,2.647,2.647,0.662,4.18,2.766
2026-04-28 19:30:00,summer,19.5,0.25,0.121,0.0,0.0,34.5,1.57,0.0,2.656,2.656,0.664,4.18,2.776
2026-04-28 19:45:00,summer,19.75,0.25,0.121,0.0,0.0,34.2,2.17,0.0,2.664,2.664,0.666,4.18,2.784
2026-04-28 20:00:00,summer,20.0,0.25,0.121,0.0,0.0,33.7,2.44,0.0,2.643,2.643,0.661,4.18,2.762
2026-04-28 20:15:00,summer,20.25,0.25,0.121,0.0,0.0,33.2,1.22,0.0,2.617,2.617,0.654,4.18,2.735
2026-04-28 20:30:00,summer,20.5,0.25,0.121,0.0,0.0,32.6,1.49,0.0,2.546,2.546,0.636,4.18,2.661
2026-04-28 20:45:00,summer,20.75,0.25,0.121,0.0,0.0,32.3,1.59,0.0,2.466,2.466,0.617,4.18,2.577
2026-04-28 21:00:00,summer,21.0,0.25,0.121,0.0,0.0,31.6,2.4,0.0,2.364,2.364,0.591,4.18,2.47
2026-04-28 21:15:00,summer,21.25,0.25,0.121,0.0,0.0,31.6,1.22,0.0,2.251,2.251,0.563,4.18,2.352
2026-04-28 21:30:00,summer,21.5,0.25,0.121,0.0,0.0,31.0,2.37,0.0,2.115,2.115,0.529,4.18,2.21
2026-04-28 21:45:00,summer,21.75,0.25,0.121,0.0,0.0,30.3,2.28,0.0,1.999,1.999,0.5,4.18,2.089
2026-04-28 22:00:00,summer,22.0,0.25,0.121,0.0,0.0,30.1,1.1,0.0,1.855,1.855,0.464,2.6,1.206
2026-04-28 22:15:00,summer,22.25,0.25,0.121,0.0,0.0,29.7,1.86,0.0,1.704,1.704,0.426,2.6,1.108
2026-04-28 22:30:00,summer,22.5,0.25,0.121,0.0,0.0,29.8,1.62,0.0,1.567,1.567,0.392,2.6,1.019
2026-04-28 22:45:00,summer,22.75,0.25,0.121,0.0,0.0,29.0,2.71,0.0,1.425,1.425,0.356,2.6,0.926
2026-04-28 23:00:00,summer,23.0,0.25,0.121,0.0,0.0,28.7,2.39,0.0,1.28,1.28,0.32,2.6,0.832
2026-04-28 23:15:00,summer,23.25,0.25,0.121,0.0,0.0,28.3,2.28,0.0,1.141,1.141,0.285,2.6,0.742
2026-04-28 23:30:00,summer,23.5,0.25,0.121,0.0,0.0,28.3,2.37,0.0,1.031,1.031,0.258,2.6,0.67
2026-04-28 23:45:00,summer,23.75,0.25,0.121,0.0,0.0,27.4,1.8,0.0,0.947,0.947,0.237,2.6,0.616
2026-04-29 00:00:00,summer,0.0,0.25,0.121,0.0,0.0,27.3,2.5,0.0,0.748,0.748,0.187,2.6,0.486
2026-04-29 00:15:00,summer,0.25,0.25,0.121,0.0,0.0,27.3,2.33,0.0,0.599,0.599,0.15,2.6,0.389
2026-04-29 00:30:00,summer,0.5,0.25,0.121,0.0,0.0,27.3,1.72,0.0,0.505,0.505,0.126,2.6,0.328
2026-04-29 00:45:00,summer,0.75,0.25,0.121,0.0,0.0,26.6,1.04,0.0,0.42,0.42,0.105,2.6,0.273
2026-04-29 01:00:00,summer,1.0,0.25,0.121,0.0,0.0,26.7,1.37,0.0,0.365,0.365,0.091,2.6,0.237
2026-04-29 01:15:00,summer,1.25,0.25,0.121,0.0,0.0,26.6,1.65,0.0,0.314,0.314,0.079,2.6,0.204
2026-04-29 01:30:00,summer,1.5,0.25,0.121,0.0,0.0,26.4,1.11,0.0,0.273,0.273,0.068,2.6,0.177
2026-04-29 01:45:00,summer,1.75,0.25,0.121,0.0,0.0,26.3,1.4,0.0,0.25,0.25,0.062,2.6,0.163
2026-04-29 02:00:00,summer,2.0,0.25,0.121,0.0,0.0,26.0,1.76,0.0,0.225,0.225,0.056,2.6,0.146
2026-04-29 02:15:00,summer,2.25,0.25,0.121,0.0,0.0,26.0,1.66,0.0,0.22,0.22,0.055,2.6,0.143
2026-04-29 02:30:00,summer,2.5,0.25,0.121,0.0,0.0,26.2,1.41,0.0,0.22,0.22,0.055,2.6,0.143
2026-04-29 02:45:00,summer,2.75,0.25,0.121,0.0,0.0,26.0,2.07,0.0,0.21,0.21,0.052,2.6,0.137
2026-04-29 03:00:00,summer,3.0,0.25,0.121,0.0,0.0,26.0,1.37,0.0,0.213,0.213,0.053,2.6,0.138
2026-04-29 03:15:00,summer,3.25,0.25,0.121,0.0,0.0,26.5,1.19,0.0,0.219,0.219,0.055,2.6,0.142
2026-04-29 03:30:00,summer,3.5,0.25,0.121,0.0,0.0,26.4,1.42,0.0,0.241,0.241,0.06,2.6,0.157
2026-04-29 03:45:00,summer,3.75,0.25,0.121,0.0,0.0,26.5,2.14,0.0,0.249,0.249,0.062,2.6,0.162
2026-04-29 04:00:00,summer,4.0,0.25,0.121,0.0,0.0,26.7,2.12,0.0,0.28,0.28,0.07,2.6,0.182
2026-04-29 04:15:00,summer,4.25,0.25,0.121,0.0,0.0,27.1,1.22,0.0,0.312,0.312,0.078,2.6,0.203
2026-04-29 04:30:00,summer,4.5,0.25,0.121,0.0,0.0,26.9,1.87,0.0,0.337,0.337,0.084,2.6,0.219
2026-04-29 04:45:00,summer,4.75,0.25,0.121,0.0,0.0,27.4,2.46,0.0,0.418,0.418,0.104,2.6,0.272
2026-04-29 05:00:00,summer,5.0,0.25,0.121,0.0,0.0,27.4,1.73,0.0,0.472,0.472,0.118,2.6,0.307
2026-04-29 05:15:00,summer,5.25,0.25,0.121,0.0,0.0,27.9,1.23,0.0,0.535,0.535,0.134,2.6,0.348
2026-04-29 05:30:00,summer,5.5,0.25,0.121,0.0,0.0,28.0,1.11,0.0,0.61,0.61,0.152,2.6,0.397
2026-04-29 05:45:00,summer,5.75,0.25,0.121,0.0,0.0,28.7,2.36,0.0,0.706,0.706,0.176,2.6,0.459
2026-04-29 06:00:00,summer,6.0,0.25,0.121,0.0,0.0,28.5,1.58,0.0,0.785,0.785,0.196,2.6,0.51
2026-04-29 06:15:00,summer,6.25,0.25,0.0,0.0576,16.5,28.9,2.67,0.081,0.899,0.818,0.205,2.6,0.532
2026-04-29 06:30:00,summer,6.5,0.25,0.031,0.1191,64.4,29.7,1.46,0.314,1.007,0.693,0.173,2.6,0.45
2026-04-29 06:45:00,summer,6.75,0.25,0.091,0.1805,120.6,30.7,2.44,0.582,1.117,0.535,0.134,2.6,0.348
2026-04-29 07:00:00,summer,7.0,0.25,0.168,0.2413,171.5,31.1,1.81,0.821,1.239,0.418,0.105,2.6,0.272
2026-04-29 07:15:00,summer,7.25,0.25,0.079,0.3013,246.7,31.5,2.86,1.174,1.333,0.159,0.04,2.6,0.103
2026-04-29 07:30:00,summer,7.5,0.25,0.096,0.3603,304.9,32.2,1.1,1.424,1.445,0.021,0.005,2.6,0.014
2026-04-29 07:45:00,summer,7.75,0.25,0.106,0.418,362.4,32.7,1.55,1.683,1.518,0.0,0.0,2.6,0.0
2026-04-29 08:00:00,summer,8.0,0.25,0.161,0.4741,400.3,33.2,1.59,1.847,1.565,0.0,0.0,2.6,0.0
2026-04-29 08:15:00,summer,8.25,0.25,0.145,0.5285,460.7,34.0,2.18,2.114,1.599,0.0,0.0,2.6,0.0
2026-04-29 08:30:00,summer,8.5,0.25,0.104,0.5808,532.9,34.6,1.67,2.406,1.611,0.0,0.0,2.6,0.0
2026-04-29 08:45:00,summer,8.75,0.25,0.178,0.6309,545.4,35.3,1.61,2.45,1.606,0.0,0.0,2.6,0.0
2026-04-29 09:00:00,summer,9.0,0.25,0.089,0.6786,643.9,36.0,2.76,2.889,1.585,0.0,0.0,4.18,0.0
2026-04-29 09:15:00,summer,9.25,0.25,0.225,0.7236,604.2,36.2,1.91,2.694,1.558,0.0,0.0,4.18,0.0
2026-04-29 09:30:00,summer,9.5,0.25,0.164,0.7658,685.2,36.9,1.83,3.013,1.52,0.0,0.0,4.18,0.0
2026-04-29 09:45:00,summer,9.75,0.25,0.267,0.8049,647.2,37.6,1.95,2.855,1.456,0.0,0.0,4.18,0.0
2026-04-29 10:00:00,summer,10.0,0.25,0.246,0.8408,694.5,37.4,2.79,3.082,1.36,0.0,0.0,4.18,0.0
2026-04-29 10:15:00,summer,10.25,0.25,0.322,0.8734,660.6,38.1,2.3,2.916,1.273,0.0,0.0,4.18,0.0
2026-04-29 10:30:00,summer,10.5,0.25,0.307,0.9025,697.2,38.3,2.16,3.056,1.188,0.0,0.0,4.18,0.0
2026-04-29 10:45:00,summer,10.75,0.25,0.341,0.928,687.5,38.9,1.46,2.977,1.094,0.0,0.0,4.18,0.0
2026-04-29 11:00:00,summer,11.0,0.25,0.265,0.9497,774.6,39.9,1.9,3.327,0.979,0.0,0.0,4.18,0.0
2026-04-29 11:15:00,summer,11.25,0.25,0.204,0.9677,847.0,40.5,1.02,3.524,0.874,0.0,0.0,4.18,0.0
2026-04-29 11:30:00,summer,11.5,0.25,0.171,0.9817,890.4,40.2,1.88,3.763,0.778,0.0,0.0,4.18,0.0
2026-04-29 11:45:00,summer,11.75,0.25,0.245,0.9918,830.4,41.4,1.96,3.521,0.709,0.0,0.0,4.18,0.0
2026-04-29 12:00:00,summer,12.0,0.25,0.345,0.9979,739.3,40.6,1.79,3.173,0.634,0.0,0.0,4.18,0.0
2026-04-29 12:15:00,summer,12.25,0.25,0.458,1.0,627.9,40.8,2.4,2.751,0.585,0.0,0.0,4.18,0.0
2026-04-29 12:30:00,summer,12.5,0.25,0.373,0.998,711.3,41.0,1.77,3.056,0.53,0.0,0.0,4.18,0.0
2026-04-29 12:45:00,summer,12.75,0.25,0.401,0.992,679.7,41.7,1.6,2.915,0.494,0.0,0.0,4.18,0.0
2026-04-29 13:00:00,summer,13.0,0.25,0.304,0.982,765.3,41.5,2.43,3.293,0.461,0.0,0.0,4.18,0.0
2026-04-29 13:15:00,summer,13.25,0.25,0.258,0.9681,797.1,42.0,1.91,3.381,0.442,0.0,0.0,4.18,0.0
2026-04-29 13:30:00,summer,13.5,0.25,0.379,0.9502,669.9,41.5,2.11,2.901,0.436,0.0,0.0,4.18,0.0
2026-04-29 13:45:00,summer,13.75,0.25,0.413,0.9286,622.4,42.0,1.76,2.692,0.432,0.0,0.0,4.18,0.0
2026-04-29 14:00:00,summer,14.0,0.25,0.515,0.9032,513.1,42.0,1.55,2.243,0.446,0.0,0.0,4.18,0.0
2026-04-29 14:15:00,summer,14.25,0.25,0.551,0.8742,463.6,41.7,1.15,2.032,0.481,0.0,0.0,4.18,0.0
2026-04-29 14:30:00,summer,14.5,0.25,0.643,0.8417,368.0,41.3,0.2,1.617,0.526,0.0,0.0,4.18,0.0
2026-04-29 14:45:00,summer,14.75,0.25,0.599,0.8059,386.9,41.0,0.77,1.712,0.602,0.0,0.0,4.18,0.0
2026-04-29 15:00:00,summer,15.0,0.25,0.53,0.7668,420.2,41.4,2.42,1.878,0.665,0.0,0.0,4.18,0.0
2026-04-29 15:15:00,summer,15.25,0.25,0.451,0.7247,451.2,41.3,1.83,2.001,0.753,0.0,0.0,4.18,0.0
2026-04-29 15:30:00,summer,15.5,0.25,0.388,0.6798,462.4,41.3,1.92,2.049,0.845,0.0,0.0,4.18,0.0
2026-04-29 15:45:00,summer,15.75,0.25,0.306,0.6322,474.5,41.1,2.29,2.109,0.965,0.0,0.0,4.18,0.0
2026-04-29 16:00:00,summer,16.0,0.25,0.239,0.5821,467.3,41.3,1.54,2.061,1.088,0.0,0.0,4.18,0.0
2026-04-29 16:15:00,summer,16.25,0.25,0.169,0.5298,451.6,40.5,1.78,2.009,1.205,0.0,0.0,4.18,0.0
2026-04-29 16:30:00,summer,16.5,0.25,0.175,0.4755,396.2,40.3,2.3,1.783,1.343,0.0,0.0,4.18,0.0
2026-04-29 16:45:00,summer,16.75,0.25,0.148,0.4194,350.6,40.0,2.19,1.587,1.496,0.0,0.0,4.18,0.0
2026-04-29 17:00:00,summer,17.0,0.25,0.063,0.3618,314.7,39.8,1.67,1.426,1.654,0.228,0.057,4.18,0.238
2026-04-29 17:15:00,summer,17.25,0.25,0.167,0.3028,231.0,39.2,2.18,1.063,1.786,0.723,0.181,4.18,0.756
2026-04-29 17:30:00,summer,17.5,0.25,0.136,0.2428,177.5,38.5,1.7,0.822,1.943,1.121,0.28,4.18,1.171
2026-04-29 17:45:00,summer,17.75,0.25,0.13,0.182,118.9,38.0,2.02,0.556,2.074,1.518,0.379,4.18,1.586
2026-04-29 18:00:00,summer,18.0,0.25,0.132,0.1207,62.3,37.6,1.35,0.294,2.214,1.92,0.48,4.18,2.006
2026-04-29 18:15:00,summer,18.25,0.25,0.143,0.0591,16.6,36.6,2.71,0.079,2.321,2.242,0.56,4.18,2.343
2026-04-29 18:30:00,summer,18.5,0.25,0.143,0.0,0.0,36.1,2.14,0.0,2.436,2.436,0.609,4.18,2.546
2026-04-29 18:45:00,summer,18.75,0.25,0.143,0.0,0.0,35.9,2.06,0.0,2.509,2.509,0.627,4.18,2.622
2026-04-29 19:00:00,summer,19.0,0.25,0.143,0.0,0.0,35.8,2.55,0.0,2.604,2.604,0.651,4.18,2.721
2026-04-29 19:15:00,summer,19.25,0.25,0.143,0.0,0.0,35.3,1.58,0.0,2.637,2.637,0.659,4.18,2.756
2026-04-29 19:30:00,summer,19.5,0.25,0.143,0.0,0.0,34.9,1.79,0.0,2.671,2.671,0.668,4.18,2.791
2026-04-29 19:45:00,summer,19.75,0.25,0.143,0.0,0.0,34.3,1.35,0.0,2.69,2.69,0.672,4.18,2.811
2026-04-29 20:00:00,summer,20.0,0.25,0.143,0.0,0.0,33.8,3.25,0.0,2.661,2.661,0.665,4.18,2.781
2026-04-29 20:15:00,summer,20.25,0.25,0.143,0.0,0.0,33.3,1.71,0.0,2.608,2.608,0.652,4.18,2.725
2026-04-29 20:30:00,summer,20.5,0.25,0.143,0.0,0.0,33.1,2.68,0.0,2.542,2.542,0.635,4.18,2.656
2026-04-29 20:45:00,summer,20.75,0.25,0.143,0.0,0.0,32.7,1.64,0.0,2.468,2.468,0.617,4.18,2.579
2026-04-29 21:00:00,summer,21.0,0.25,0.143,0.0,0.0,32.5,1.88,0.0,2.367,2.367,0.592,4.18,2.474
2026-04-29 21:15:00,summer,21.25,0.25,0.143,0.0,0.0,31.1,2.16,0.0,2.266,2.266,0.567,4.18,2.368
2026-04-29 21:30:00,summer,21.5,0.25,0.143,0.0,0.0,31.1,2.06,0.0,2.144,2.144,0.536,4.18,2.24
2026-04-29 21:45:00,summer,21.75,0.25,0.143,0.0,0.0,30.6,2.53,0.0,1.997,1.997,0.499,4.18,2.087
2026-04-29 22:00:00,summer,22.0,0.25,0.143,0.0,0.0,30.1,1.89,0.0,1.855,1.855,0.464,2.6,1.206
2026-04-29 22:15:00,summer,22.25,0.25,0.143,0.0,0.0,29.8,2.33,0.0,1.721,1.721,0.43,2.6,1.119
2026-04-29 22:30:00,summer,22.5,0.25,0.143,0.0,0.0,30.3,0.85,0.0,1.567,1.567,0.392,2.6,1.019
2026-04-29 22:45:00,summer,22.75,0.25,0.143,0.0,0.0,29.2,1.64,0.0,1.42,1.42,0.355,2.6,0.923
2026-04-29 23:00:00,summer,23.0,0.25,0.143,0.0,0.0,29.0,2.33,0.0,1.291,1.291,0.323,2.6,0.839
2026-04-29 23:15:00,summer,23.25,0.25,0.143,0.0,0.0,28.5,1.31,0.0,1.17,1.17,0.292,2.6,0.76
2026-04-29 23:30:00,summer,23.5,0.25,0.143,0.0,0.0,28.1,2.11,0.0,1.04,1.04,0.26,2.6,0.676
2026-04-29 23:45:00,summer,23.75,0.25,0.143,0.0,0.0,27.6,2.37,0.0,0.947,0.947,0.237,2.6,0.616
2026-04-30 00:00:00,summer,0.0,0.25,0.143,0.0,0.0,27.5,2.39,0.0,0.753,0.753,0.188,2.6,0.489
2026-04-30 00:15:00,summer,0.25,0.25,0.143,0.0,0.0,26.9,1.55,0.0,0.629,0.629,0.157,2.6,0.409
2026-04-30 00:30:00,summer,0.5,0.25,0.143,0.0,0.0,27.0,1.36,0.0,0.514,0.514,0.129,2.6,0.334
2026-04-30 00:45:00,summer,0.75,0.25,0.143,0.0,0.0,26.6,2.41,0.0,0.423,0.423,0.106,2.6,0.275
2026-04-30 01:00:00,summer,1.0,0.25,0.143,0.0,0.0,26.6,1.11,0.0,0.364,0.364,0.091,2.6,0.237
2026-04-30 01:15:00,summer,1.25,0.25,0.143,0.0,0.0,25.8,2.31,0.0,0.313,0.313,0.078,2.6,0.203
2026-04-30 01:30:00,summer,1.5,0.25,0.143,0.0,0.0,26.3,2.76,0.0,0.292,0.292,0.073,2.6,0.19
2026-04-30 01:45:00,summer,1.75,0.25,0.143,0.0,0.0,25.9,1.85,0.0,0.263,0.263,0.066,2.6,0.171
2026-04-30 02:00:00,summer,2.0,0.25,0.143,0.0,0.0,26.7,1.95,0.0,0.234,0.234,0.059,2.6,0.152
2026-04-30 02:15:00,summer,2.25,0.25,0.143,0.0,0.0,25.7,2.55,0.0,0.213,0.213,0.053,2.6,0.138
2026-04-30 02:30:00,summer,2.5,0.25,0.143,0.0,0.0,26.3,1.32,0.0,0.203,0.203,0.051,2.6,0.132
2026-04-30 02:45:00,summer,2.75,0.25,0.143,0.0,0.0,26.1,1.41,0.0,0.231,0.231,0.058,2.6,0.15
2026-04-30 03:00:00,summer,3.0,0.25,0.143,0.0,0.0,25.9,1.25,0.0,0.251,0.251,0.063,2.6,0.163
2026-04-30 03:15:00,summer,3.25,0.25,0.143,0.0,0.0,26.4,1.56,0.0,0.245,0.245,0.061,2.6,0.159
2026-04-30 03:30:00,summer,3.5,0.25,0.143,0.0,0.0,26.1,2.49,0.0,0.251,0.251,0.063,2.6,0.163
2026-04-30 03:45:00,summer,3.75,0.25,0.143,0.0,0.0,26.2,1.79,0.0,0.261,0.261,0.065,2.6,0.17
2026-04-30 04:00:00,summer,4.0,0.25,0.143,0.0,0.0,26.8,1.06,0.0,0.285,0.285,0.071,2.6,0.185
2026-04-30 04:15:00,summer,4.25,0.25,0.143,0.0,0.0,26.5,2.84,0.0,0.32,0.32,0.08,2.6,0.208
2026-04-30 04:30:00,summer,4.5,0.25,0.143,0.0,0.0,27.4,1.62,0.0,0.353,0.353,0.088,2.6,0.229
2026-04-30 04:45:00,summer,4.75,0.25,0.143,0.0,0.0,27.0,0.46,0.0,0.419,0.419,0.105,2.6,0.272
2026-04-30 05:00:00,summer,5.0,0.25,0.143,0.0,0.0,27.9,1.57,0.0,0.496,0.496,0.124,2.6,0.322
2026-04-30 05:15:00,summer,5.25,0.25,0.143,0.0,0.0,27.8,2.34,0.0,0.558,0.558,0.14,2.6,0.363
2026-04-30 05:30:00,summer,5.5,0.25,0.143,0.0,0.0,28.0,1.85,0.0,0.632,0.632,0.158,2.6,0.411
2026-04-30 05:45:00,summer,5.75,0.25,0.143,0.0,0.0,28.6,2.15,0.0,0.717,0.717,0.179,2.6,0.466
2026-04-30 06:00:00,summer,6.0,0.25,0.143,0.0,0.0,28.9,1.5,0.0,0.822,0.822,0.205,2.6,0.534
2026-04-30 06:15:00,summer,6.25,0.25,0.164,0.0594,16.6,29.0,2.0,0.082,0.924,0.842,0.211,2.6,0.547
2026-04-30 06:30:00,summer,6.5,0.25,0.244,0.1209,57.8,29.9,1.61,0.282,0.995,0.713,0.178,2.6,0.463
2026-04-30 06:45:00,summer,6.75,0.25,0.203,0.1822,112.5,30.3,1.48,0.543,1.106,0.563,0.141,2.6,0.366
2026-04-30 07:00:00,summer,7.0,0.25,0.284,0.2429,155.5,30.7,1.67,0.747,1.199,0.452,0.113,2.6,0.294
2026-04-30 07:15:00,summer,7.25,0.25,0.311,0.3028,200.4,31.1,2.25,0.958,1.332,0.374,0.094,2.6,0.243
2026-04-30 07:30:00,summer,7.5,0.25,0.306,0.3617,250.2,31.6,0.95,1.178,1.424,0.246,0.061,2.6,0.16
2026-04-30 07:45:00,summer,7.75,0.25,0.345,0.4193,284.6,32.8,2.33,1.339,1.52,0.181,0.045,2.6,0.118
2026-04-30 08:00:00,summer,8.0,0.25,0.445,0.4753,286.9,32.9,1.22,1.34,1.566,0.226,0.056,2.6,0.147
2026-04-30 08:15:00,summer,8.25,0.25,0.488,0.5296,302.5,33.2,1.13,1.407,1.616,0.209,0.052,2.6,0.136
2026-04-30 08:30:00,summer,8.5,0.25,0.404,0.5819,381.4,34.4,1.09,1.746,1.637,0.0,0.0,2.6,0.0
2026-04-30 08:45:00,summer,8.75,0.25,0.415,0.6319,410.6,34.7,1.42,1.876,1.641,0.0,0.0,2.6,0.0
2026-04-30 09:00:00,summer,9.0,0.25,0.388,0.6795,461.6,35.7,1.77,2.095,1.626,0.0,0.0,4.18,0.0
2026-04-30 09:15:00,summer,9.25,0.25,0.4,0.7244,486.9,35.8,1.61,2.198,1.581,0.0,0.0,4.18,0.0
2026-04-30 09:30:00,summer,9.5,0.25,0.421,0.7664,501.3,36.6,2.01,2.261,1.53,0.0,0.0,4.18,0.0
2026-04-30 09:45:00,summer,9.75,0.25,0.317,0.8055,609.3,36.9,1.57,2.694,1.473,0.0,0.0,4.18,0.0
2026-04-30 10:00:00,summer,10.0,0.25,0.399,0.8413,572.4,37.1,1.87,2.55,1.377,0.0,0.0,4.18,0.0
2026-04-30 10:15:00,summer,10.25,0.25,0.305,0.8738,675.4,38.4,2.98,2.995,1.264,0.0,0.0,4.18,0.0
2026-04-30 10:30:00,summer,10.5,0.25,0.28,0.9029,720.5,39.0,1.79,3.122,1.181,0.0,0.0,4.18,0.0
2026-04-30 10:45:00,summer,10.75,0.25,0.306,0.9283,718.9,39.0,2.33,3.141,1.088,0.0,0.0,4.18,0.0
2026-04-30 11:00:00,summer,11.0,0.25,0.248,0.95,790.4,39.9,1.31,3.349,0.989,0.0,0.0,4.18,0.0
2026-04-30 11:15:00,summer,11.25,0.25,0.271,0.9678,785.0,40.2,1.98,3.367,0.892,0.0,0.0,4.18,0.0
2026-04-30 11:30:00,summer,11.5,0.25,0.297,0.9818,771.7,40.1,2.37,3.337,0.8,0.0,0.0,4.18,0.0
2026-04-30 11:45:00,summer,11.75,0.25,0.371,0.9918,709.0,40.5,1.43,3.036,0.719,0.0,0.0,4.18,0.0
2026-04-30 12:00:00,summer,12.0,0.25,0.411,0.9979,673.3,40.8,1.35,2.889,0.647,0.0,0.0,4.18,0.0
2026-04-30 12:15:00,summer,12.25,0.25,0.431,0.9999,654.7,40.7,2.1,2.85,0.57,0.0,0.0,4.18,0.0
2026-04-30 12:30:00,summer,12.5,0.25,0.564,0.9979,519.9,40.8,1.92,2.294,0.487,0.0,0.0,4.18,0.0
2026-04-30 12:45:00,summer,12.75,0.25,0.495,0.9919,585.8,41.3,0.97,2.521,0.455,0.0,0.0,4.18,0.0
2026-04-30 13:00:00,summer,13.0,0.25,0.345,0.9819,726.0,41.8,2.39,3.131,0.431,0.0,0.0,4.18,0.0
2026-04-30 13:15:00,summer,13.25,0.25,0.359,0.9679,702.5,42.0,1.52,2.995,0.422,0.0,0.0,4.18,0.0
2026-04-30 13:30:00,summer,13.5,0.25,0.273,0.9501,768.0,42.6,1.65,3.245,0.411,0.0,0.0,4.18,0.0
2026-04-30 13:45:00,summer,13.75,0.25,0.425,0.9284,611.4,42.0,2.21,2.663,0.434,0.0,0.0,4.18,0.0
2026-04-30 14:00:00,summer,14.0,0.25,0.473,0.903,551.1,41.6,2.49,2.428,0.452,0.0,0.0,4.18,0.0
2026-04-30 14:15:00,summer,14.25,0.25,0.488,0.874,519.3,41.4,1.93,2.285,0.497,0.0,0.0,4.18,0.0
2026-04-30 14:30:00,summer,14.5,0.25,0.461,0.8415,521.3,41.6,1.64,2.283,0.541,0.0,0.0,4.18,0.0
2026-04-30 14:45:00,summer,14.75,0.25,0.475,0.8057,486.3,41.4,1.82,2.146,0.607,0.0,0.0,4.18,0.0
2026-04-30 15:00:00,summer,15.0,0.25,0.572,0.7667,388.2,41.2,1.79,1.734,0.686,0.0,0.0,4.18,0.0
2026-04-30 15:15:00,summer,15.25,0.25,0.503,0.7246,414.9,41.3,1.41,1.84,0.765,0.0,0.0,4.18,0.0
2026-04-30 15:30:00,summer,15.5,0.25,0.424,0.6797,438.5,41.1,2.42,1.959,0.864,0.0,0.0,4.18,0.0
2026-04-30 15:45:00,summer,15.75,0.25,0.353,0.6322,447.2,41.0,2.47,1.998,0.954,0.0,0.0,4.18,0.0
2026-04-30 16:00:00,summer,16.0,0.25,0.242,0.5822,465.8,40.8,1.71,2.064,1.059,0.0,0.0,4.18,0.0
2026-04-30 16:15:00,summer,16.25,0.25,0.234,0.5299,422.7,40.2,2.59,1.902,1.199,0.0,0.0,4.18,0.0
2026-04-30 16:30:00,summer,16.5,0.25,0.287,0.4756,352.7,40.0,1.45,1.587,1.341,0.0,0.0,4.18,0.0
2026-04-30 16:45:00,summer,16.75,0.25,0.269,0.4196,310.9,39.9,1.57,1.408,1.471,0.063,0.016,4.18,0.066
2026-04-30 17:00:00,summer,17.0,0.25,0.339,0.362,241.1,39.3,1.42,1.103,1.606,0.503,0.126,4.18,0.526
2026-04-30 17:15:00,summer,17.25,0.25,0.27,0.3031,209.5,38.8,1.46,0.965,1.763,0.798,0.199,4.18,0.834
2026-04-30 17:30:00,summer,17.5,0.25,0.152,0.2432,175.7,38.1,1.9,0.816,1.908,1.092,0.273,4.18,1.141
2026-04-30 17:45:00,summer,17.75,0.25,0.18,0.1825,114.9,37.8,2.32,0.539,2.044,1.505,0.376,4.18,1.573
2026-04-30 18:00:00,summer,18.0,0.25,0.148,0.1213,62.2,37.1,1.67,0.294,2.195,1.901,0.475,4.18,1.987
2026-04-30 18:15:00,summer,18.25,0.25,0.198,0.0598,16.5,36.8,1.28,0.078,2.318,2.24,0.56,4.18,2.341
2026-04-30 18:30:00,summer,18.5,0.25,0.198,0.0,0.0,36.3,2.02,0.0,2.434,2.434,0.609,4.18,2.544
2026-04-30 18:45:00,summer,18.75,0.25,0.198,0.0,0.0,35.9,1.91,0.0,2.499,2.499,0.625,4.18,2.611
2026-04-30 19:00:00,summer,19.0,0.25,0.198,0.0,0.0,35.8,1.87,0.0,2.571,2.571,0.643,4.18,2.687
2026-04-30 19:15:00,summer,19.25,0.25,0.198,0.0,0.0,34.8,2.76,0.0,2.64,2.64,0.66,4.18,2.759
2026-04-30 19:30:00,summer,19.5,0.25,0.198,0.0,0.0,34.8,2.1,0.0,2.669,2.669,0.667,4.18,2.789
2026-04-30 19:45:00,summer,19.75,0.25,0.198,0.0,0.0,34.8,2.26,0.0,2.659,2.659,0.665,4.18,2.779
2026-04-30 20:00:00,summer,20.0,0.25,0.198,0.0,0.0,33.6,1.82,0.0,2.64,2.64,0.66,4.18,2.759
2026-04-30 20:15:00,summer,20.25,0.25,0.198,0.0,0.0,33.4,1.82,0.0,2.598,2.598,0.649,4.18,2.715
2026-04-30 20:30:00,summer,20.5,0.25,0.198,0.0,0.0,33.1,1.6,0.0,2.539,2.539,0.635,4.18,2.653
2026-04-30 20:45:00,summer,20.75,0.25,0.198,0.0,0.0,32.9,2.24,0.0,2.464,2.464,0.616,4.18,2.575
2026-04-30 21:00:00,summer,21.0,0.25,0.198,0.0,0.0,32.4,1.73,0.0,2.376,2.376,0.594,4.18,2.483
2026-04-30 21:15:00,summer,21.25,0.25,0.198,0.0,0.0,31.6,2.03,0.0,2.243,2.243,0.561,4.18,2.344
2026-04-30 21:30:00,summer,21.5,0.25,0.198,0.0,0.0,30.8,2.08,0.0,2.14,2.14,0.535,4.18,2.236
2026-04-30 21:45:00,summer,21.75,0.25,0.198,0.0,0.0,30.4,2.23,0.0,1.978,1.978,0.494,4.18,2.067
2026-04-30 22:00:00,summer,22.0,0.25,0.198,0.0,0.0,30.4,1.34,0.0,1.831,1.831,0.458,2.6,1.19
2026-04-30 22:15:00,summer,22.25,0.25,0.198,0.0,0.0,30.2,1.25,0.0,1.681,1.681,0.42,2.6,1.093
2026-04-30 22:30:00,summer,22.5,0.25,0.198,0.0,0.0,29.5,2.73,0.0,1.541,1.541,0.385,2.6,1.002
2026-04-30 22:45:00,summer,22.75,0.25,0.198,0.0,0.0,28.9,2.0,0.0,1.373,1.373,0.343,2.6,0.892
2026-04-30 23:00:00,summer,23.0,0.25,0.198,0.0,0.0,29.0,2.18,0.0,1.235,1.235,0.309,2.6,0.803
2026-04-30 23:15:00,summer,23.25,0.25,0.198,0.0,0.0,28.4,1.79,0.0,1.127,1.127,0.282,2.6,0.733
2026-04-30 23:30:00,summer,23.5,0.25,0.198,0.0,0.0,27.9,1.35,0.0,1.03,1.03,0.258,2.6,0.67
2026-04-30 23:45:00,summer,23.75,0.25,0.198,0.0,0.0,27.5,2.49,0.0,0.908,0.908,0.227,2.6,0.59
2026-05-01 00:00:00,summer,0.0,0.25,0.198,0.0,0.0,27.7,2.65,0.0,0.726,0.726,0.181,2.6,0.472
2026-05-01 00:15:00,summer,0.25,0.25,0.198,0.0,0.0,27.1,1.6,0.0,0.6,0.6,0.15,2.6,0.39
2026-05-01 00:30:00,summer,0.5,0.25,0.198,0.0,0.0,27.3,1.93,0.0,0.487,0.487,0.122,2.6,0.317
2026-05-01 00:45:00,summer,0.75,0.25,0.198,0.0,0.0,26.7,2.18,0.0,0.403,0.403,0.101,2.6,0.262
2026-05-01 01:00:00,summer,1.0,0.25,0.198,0.0,0.0,26.4,2.04,0.0,0.34,0.34,0.085,2.6,0.221
2026-05-01 01:15:00,summer,1.25,0.25,0.198,0.0,0.0,26.3,1.7,0.0,0.3,0.3,0.075,2.6,0.195
2026-05-01 01:30:00,summer,1.5,0.25,0.198,0.0,0.0,26.2,1.84,0.0,0.275,0.275,0.069,2.6,0.179
2026-05-01 01:45:00,summer,1.75,0.25,0.198,0.0,0.0,26.1,0.83,0.0,0.243,0.243,0.061,2.6,0.158
2026-05-01 02:00:00,summer,2.0,0.25,0.198,0.0,0.0,25.9,1.34,0.0,0.22,0.22,0.055,2.6,0.143
2026-05-01 02:15:00,summer,2.25,0.25,0.198,0.0,0.0,26.0,0.83,0.0,0.211,0.211,0.053,2.6,0.137
2026-05-01 02:30:00,summer,2.5,0.25,0.198,0.0,0.0,26.1,2.73,0.0,0.214,0.214,0.053,2.6,0.139
2026-05-01 02:45:00,summer,2.75,0.25,0.198,0.0,0.0,25.8,1.47,0.0,0.228,0.228,0.057,2.6,0.148
2026-05-01 03:00:00,summer,3.0,0.25,0.198,0.0,0.0,26.1,1.3,0.0,0.229,0.229,0.057,2.6,0.149
2026-05-01 03:15:00,summer,3.25,0.25,0.198,0.0,0.0,26.1,1.8,0.0,0.219,0.219,0.055,2.6,0.142
2026-05-01 03:30:00,summer,3.5,0.25,0.198,0.0,0.0,26.5,1.76,0.0,0.202,0.202,0.051,2.6,0.131
2026-05-01 03:45:00,summer,3.75,0.25,0.198,0.0,0.0,26.8,1.62,0.0,0.249,0.249,0.062,2.6,0.162
2026-05-01 04:00:00,summer,4.0,0.25,0.198,0.0,0.0,26.3,1.97,0.0,0.271,0.271,0.068,2.6,0.176
2026-05-01 04:15:00,summer,4.25,0.25,0.198,0.0,0.0,27.2,1.98,0.0,0.319,0.319,0.08,2.6,0.207
2026-05-01 04:30:00,summer,4.5,0.25,0.198,0.0,0.0,27.0,1.78,0.0,0.382,0.382,0.096,2.6,0.248
2026-05-01 04:45:00,summer,4.75,0.25,0.198,0.0,0.0,27.6,1.57,0.0,0.422,0.422,0.105,2.6,0.274
2026-05-01 05:00:00,summer,5.0,0.25,0.198,0.0,0.0,27.7,2.08,0.0,0.488,0.488,0.122,2.6,0.317
2026-05-01 05:15:00,summer,5.25,0.25,0.198,0.0,0.0,27.3,1.55,0.0,0.574,0.574,0.143,2.6,0.373
2026-05-01 05:30:00,summer,5.5,0.25,0.198,0.0,0.0,28.1,2.27,0.0,0.672,0.672,0.168,2.6,0.437
2026-05-01 05:45:00,summer,5.75,0.25,0.198,0.0,0.0,28.6,1.64,0.0,0.753,0.753,0.188,2.6,0.489
2026-05-01 06:00:00,summer,6.0,0.25,0.198,0.0,0.0,28.8,2.58,0.0,0.85,0.85,0.212,2.6,0.552
2026-05-01 06:15:00,summer,6.25,0.25,0.174,0.0612,17.5,29.1,2.16,0.086,0.949,0.863,0.216,2.6,0.561
2026-05-01 06:30:00,summer,6.5,0.25,0.193,0.1226,61.5,29.7,1.84,0.3,1.027,0.727,0.182,2.6,0.473
2026-05-01 06:45:00,summer,6.75,0.25,0.197,0.1838,114.5,30.5,2.03,0.553,1.137,0.584,0.146,2.6,0.38
2026-05-01 07:00:00,summer,7.0,0.25,0.159,0.2444,175.8,30.6,1.48,0.842,1.249,0.407,0.102,2.6,0.265
2026-05-01 07:15:00,summer,7.25,0.25,0.222,0.3042,220.9,31.6,1.63,1.048,1.362,0.314,0.079,2.6,0.204
2026-05-01 07:30:00,summer,7.5,0.25,0.217,0.363,276.1,32.0,1.39,1.298,1.439,0.141,0.035,2.6,0.092
2026-05-01 07:45:00,summer,7.75,0.25,0.184,0.4205,340.0,32.6,2.26,1.591,1.522,0.0,0.0,2.6,0.0
2026-05-01 08:00:00,summer,8.0,0.25,0.16,0.4765,402.9,33.1,3.02,1.878,1.593,0.0,0.0,2.6,0.0
2026-05-01 08:15:00,summer,8.25,0.25,0.145,0.5307,463.0,34.3,1.35,2.104,1.641,0.0,0.0,2.6,0.0
2026-05-01 08:30:00,summer,8.5,0.25,0.04,0.5828,565.7,34.9,1.86,2.547,1.656,0.0,0.0,2.6,0.0
2026-05-01 08:45:00,summer,8.75,0.25,0.064,0.6328,608.5,35.6,1.81,2.715,1.651,0.0,0.0,2.6,0.0
2026-05-01 09:00:00,summer,9.0,0.25,0.11,0.6802,633.4,35.8,1.84,2.817,1.635,0.0,0.0,4.18,0.0
2026-05-01 09:15:00,summer,9.25,0.25,0.089,0.7251,693.5,36.3,1.99,3.062,1.582,0.0,0.0,4.18,0.0
2026-05-01 09:30:00,summer,9.5,0.25,0.083,0.7671,742.1,36.6,2.07,3.257,1.536,0.0,0.0,4.18,0.0
2026-05-01 09:45:00,summer,9.75,0.25,0.165,0.806,724.1,37.6,1.52,3.142,1.474,0.0,0.0,4.18,0.0
2026-05-01 10:00:00,summer,10.0,0.25,0.089,0.8418,817.3,38.3,2.54,3.554,1.383,0.0,0.0,4.18,0.0
2026-05-01 10:15:00,summer,10.25,0.25,0.07,0.8742,866.7,38.7,1.99,3.707,1.284,0.0,0.0,4.18,0.0
2026-05-01 10:30:00,summer,10.5,0.25,0.207,0.9032,783.4,38.9,1.8,3.37,1.188,0.0,0.0,4.18,0.0
2026-05-01 10:45:00,summer,10.75,0.25,0.186,0.9285,825.6,39.2,1.21,3.484,1.094,0.0,0.0,4.18,0.0
2026-05-01 11:00:00,summer,11.0,0.25,0.279,0.9501,762.5,39.7,2.29,3.302,0.986,0.0,0.0,4.18,0.0
2026-05-01 11:15:00,summer,11.25,0.25,0.331,0.9679,728.7,39.6,0.71,3.075,0.89,0.0,0.0,4.18,0.0
2026-05-01 11:30:00,summer,11.5,0.25,0.365,0.9819,707.1,40.1,2.55,3.087,0.81,0.0,0.0,4.18,0.0
2026-05-01 11:45:00,summer,11.75,0.25,0.299,0.9918,778.5,40.7,1.28,3.289,0.729,0.0,0.0,4.18,0.0
2026-05-01 12:00:00,summer,12.0,0.25,0.257,0.9978,824.1,41.3,1.97,3.499,0.656,0.0,0.0,4.18,0.0
2026-05-01 12:15:00,summer,12.25,0.25,0.294,0.9998,789.7,41.1,2.16,3.381,0.595,0.0,0.0,4.18,0.0
2026-05-01 12:30:00,summer,12.5,0.25,0.277,0.9978,804.8,41.3,2.14,3.435,0.547,0.0,0.0,4.18,0.0
2026-05-01 12:45:00,summer,12.75,0.25,0.318,0.9917,760.4,41.2,1.94,3.254,0.495,0.0,0.0,4.18,0.0
2026-05-01 13:00:00,summer,13.0,0.25,0.264,0.9817,803.1,41.8,1.24,3.361,0.465,0.0,0.0,4.18,0.0
2026-05-01 13:15:00,summer,13.25,0.25,0.324,0.9677,734.7,41.6,1.85,3.143,0.438,0.0,0.0,4.18,0.0
2026-05-01 13:30:00,summer,13.5,0.25,0.324,0.9499,720.7,42.2,2.16,3.095,0.422,0.0,0.0,4.18,0.0
2026-05-01 13:45:00,summer,13.75,0.25,0.273,0.9282,748.8,42.2,1.45,3.165,0.439,0.0,0.0,4.18,0.0
2026-05-01 14:00:00,summer,14.0,0.25,0.309,0.9028,695.8,41.7,1.05,2.946,0.477,0.0,0.0,4.18,0.0
2026-05-01 14:15:00,summer,14.25,0.25,0.259,0.8738,713.1,42.5,1.95,3.051,0.502,0.0,0.0,4.18,0.0
2026-05-01 14:30:00,summer,14.5,0.25,0.274,0.8414,673.0,42.2,1.16,2.859,0.545,0.0,0.0,4.18,0.0
2026-05-01 14:45:00,summer,14.75,0.25,0.216,0.8055,685.9,41.7,1.94,2.955,0.6,0.0,0.0,4.18,0.0
2026-05-01 15:00:00,summer,15.0,0.25,0.179,0.7665,675.8,42.2,1.83,2.903,0.675,0.0,0.0,4.18,0.0
2026-05-01 15:15:00,summer,15.25,0.25,0.145,0.7245,656.8,42.0,1.35,2.809,0.77,0.0,0.0,4.18,0.0
2026-05-01 15:30:00,summer,15.5,0.25,0.075,0.6797,653.4,41.4,2.82,2.86,0.861,0.0,0.0,4.18,0.0
2026-05-01 15:45:00,summer,15.75,0.25,0.109,0.6321,584.1,41.3,1.6,2.54,0.982,0.0,0.0,4.18,0.0
2026-05-01 16:00:00,summer,16.0,0.25,0.09,0.5822,541.2,40.8,1.45,2.367,1.098,0.0,0.0,4.18,0.0
2026-05-01 16:15:00,summer,16.25,0.25,0.069,0.53,494.8,40.6,1.43,2.179,1.24,0.0,0.0,4.18,0.0
2026-05-01 16:30:00,summer,16.5,0.25,0.046,0.4758,444.5,40.2,2.93,2.0,1.371,0.0,0.0,4.18,0.0
2026-05-01 16:45:00,summer,16.75,0.25,0.041,0.4198,384.4,40.1,1.61,1.724,1.481,0.0,0.0,4.18,0.0
2026-05-01 17:00:00,summer,17.0,0.25,0.048,0.3623,318.9,39.4,1.99,1.45,1.64,0.19,0.047,4.18,0.199
2026-05-01 17:15:00,summer,17.25,0.25,0.055,0.3035,253.5,38.8,2.34,1.166,1.803,0.637,0.159,4.18,0.666
2026-05-01 17:30:00,summer,17.5,0.25,0.0,0.2436,196.6,37.8,2.53,0.914,1.941,1.027,0.257,4.18,1.073
2026-05-01 17:45:00,summer,17.75,0.25,0.0,0.183,130.3,38.1,1.98,0.609,2.079,1.47,0.368,4.18,1.536
2026-05-01 18:00:00,summer,18.0,0.25,0.0,0.1219,68.0,38.0,1.84,0.32,2.213,1.893,0.473,4.18,1.978
2026-05-01 18:15:00,summer,18.25,0.25,0.0,0.0604,18.2,36.6,2.55,0.087,2.347,2.26,0.565,4.18,2.362
2026-05-01 18:30:00,summer,18.5,0.25,0.0,0.0,0.0,36.5,2.94,0.0,2.448,2.448,0.612,4.18,2.558
2026-05-01 18:45:00,summer,18.75,0.25,0.0,0.0,0.0,36.1,1.76,0.0,2.513,2.513,0.628,4.18,2.626
2026-05-01 19:00:00,summer,19.0,0.25,0.0,0.0,0.0,35.6,2.17,0.0,2.601,2.601,0.65,4.18,2.718
2026-05-01 19:15:00,summer,19.25,0.25,0.0,0.0,0.0,35.1,2.57,0.0,2.651,2.651,0.663,4.18,2.77
2026-05-01 19:30:00,summer,19.5,0.25,0.0,0.0,0.0,34.6,1.91,0.0,2.675,2.675,0.669,4.18,2.795
2026-05-01 19:45:00,summer,19.75,0.25,0.0,0.0,0.0,35.0,1.24,0.0,2.677,2.677,0.669,4.18,2.797
2026-05-01 20:00:00,summer,20.0,0.25,0.0,0.0,0.0,33.6,2.06,0.0,2.667,2.667,0.667,4.18,2.787
2026-05-01 20:15:00,summer,20.25,0.25,0.0,0.0,0.0,33.5,2.52,0.0,2.612,2.612,0.653,4.18,2.73
2026-05-01 20:30:00,summer,20.5,0.25,0.0,0.0,0.0,33.1,0.79,0.0,2.542,2.542,0.635,4.18,2.656
2026-05-01 20:45:00,summer,20.75,0.25,0.0,0.0,0.0,32.2,2.68,0.0,2.47,2.47,0.618,4.18,2.581
2026-05-01 21:00:00,summer,21.0,0.25,0.0,0.0,0.0,32.0,1.56,0.0,2.378,2.378,0.595,4.18,2.485
2026-05-01 21:15:00,summer,21.25,0.25,0.0,0.0,0.0,31.4,2.72,0.0,2.27,2.27,0.568,4.18,2.372
2026-05-01 21:30:00,summer,21.5,0.25,0.0,0.0,0.0,30.8,1.83,0.0,2.14,2.14,0.535,4.18,2.236
2026-05-01 21:45:00,summer,21.75,0.25,0.0,0.0,0.0,31.0,1.39,0.0,2.015,2.015,0.504,4.18,2.106
2026-05-01 22:00:00,summer,22.0,0.25,0.0,0.0,0.0,30.8,2.17,0.0,1.882,1.882,0.47,2.6,1.223
2026-05-01 22:15:00,summer,22.25,0.25,0.0,0.0,0.0,30.1,1.88,0.0,1.726,1.726,0.431,2.6,1.122
2026-05-01 22:30:00,summer,22.5,0.25,0.0,0.0,0.0,29.6,2.56,0.0,1.577,1.577,0.394,2.6,1.025
2026-05-01 22:45:00,summer,22.75,0.25,0.0,0.0,0.0,29.6,2.14,0.0,1.449,1.449,0.362,2.6,0.942
2026-05-01 23:00:00,summer,23.0,0.25,0.0,0.0,0.0,29.0,1.58,0.0,1.298,1.298,0.325,2.6,0.844
2026-05-01 23:15:00,summer,23.25,0.25,0.0,0.0,0.0,28.4,2.47,0.0,1.186,1.186,0.296,2.6,0.771
2026-05-01 23:30:00,summer,23.5,0.25,0.0,0.0,0.0,28.3,1.21,0.0,1.07,1.07,0.268,2.6,0.696
2026-05-01 23:45:00,summer,23.75,0.25,0.0,0.0,0.0,27.5,2.33,0.0,0.942,0.942,0.235,2.6,0.612
2026-05-02 00:00:00,summer,0.0,0.25,0.0,0.0,0.0,27.6,1.73,0.0,0.745,0.745,0.186,2.6,0.484
2026-05-02 00:15:00,summer,0.25,0.25,0.0,0.0,0.0,27.7,1.71,0.0,0.611,0.611,0.153,2.6,0.397
2026-05-02 00:30:00,summer,0.5,0.25,0.0,0.0,0.0,26.3,1.8,0.0,0.498,0.498,0.124,2.6,0.324
2026-05-02 00:45:00,summer,0.75,0.25,0.0,0.0,0.0,26.7,2.17,0.0,0.411,0.411,0.103,2.6,0.267
2026-05-02 01:00:00,summer,1.0,0.25,0.0,0.0,0.0,26.4,2.14,0.0,0.346,0.346,0.086,2.6,0.225
2026-05-02 01:15:00,summer,1.25,0.25,0.0,0.0,0.0,26.4,0.96,0.0,0.297,0.297,0.074,2.6,0.193
2026-05-02 01:30:00,summer,1.5,0.25,0.0,0.0,0.0,25.9,1.08,0.0,0.26,0.26,0.065,2.6,0.169
2026-05-02 01:45:00,summer,1.75,0.25,0.0,0.0,0.0,25.8,2.33,0.0,0.249,0.249,0.062,2.6,0.162
2026-05-02 02:00:00,summer,2.0,0.25,0.0,0.0,0.0,26.0,1.8,0.0,0.244,0.244,0.061,2.6,0.159
2026-05-02 02:15:00,summer,2.25,0.25,0.0,0.0,0.0,26.0,2.47,0.0,0.235,0.235,0.059,2.6,0.153
2026-05-02 02:30:00,summer,2.5,0.25,0.0,0.0,0.0,26.0,2.05,0.0,0.217,0.217,0.054,2.6,0.141
2026-05-02 02:45:00,summer,2.75,0.25,0.0,0.0,0.0,25.7,1.81,0.0,0.201,0.201,0.05,2.6,0.131
2026-05-02 03:00:00,summer,3.0,0.25,0.0,0.0,0.0,25.9,1.49,0.0,0.196,0.196,0.049,2.6,0.127
2026-05-02 03:15:00,summer,3.25,0.25,0.0,0.0,0.0,26.2,2.47,0.0,0.212,0.212,0.053,2.6,0.138
2026-05-02 03:30:00,summer,3.5,0.25,0.0,0.0,0.0,26.4,0.74,0.0,0.237,0.237,0.059,2.6,0.154
2026-05-02 03:45:00,summer,3.75,0.25,0.0,0.0,0.0,26.5,1.59,0.0,0.292,0.292,0.073,2.6,0.19
2026-05-02 04:00:00,summer,4.0,0.25,0.0,0.0,0.0,26.7,1.05,0.0,0.316,0.316,0.079,2.6,0.205
2026-05-02 04:15:00,summer,4.25,0.25,0.0,0.0,0.0,26.0,2.19,0.0,0.352,0.352,0.088,2.6,0.229
2026-05-02 04:30:00,summer,4.5,0.25,0.0,0.0,0.0,27.0,2.82,0.0,0.384,0.384,0.096,2.6,0.25
2026-05-02 04:45:00,summer,4.75,0.25,0.0,0.0,0.0,27.3,1.75,0.0,0.412,0.412,0.103,2.6,0.268
2026-05-02 05:00:00,summer,5.0,0.25,0.0,0.0,0.0,27.6,1.63,0.0,0.479,0.479,0.12,2.6,0.311
2026-05-02 05:15:00,summer,5.25,0.25,0.0,0.0,0.0,27.2,1.04,0.0,0.55,0.55,0.138,2.6,0.358
2026-05-02 05:30:00,summer,5.5,0.25,0.0,0.0,0.0,28.1,1.89,0.0,0.621,0.621,0.155,2.6,0.404
2026-05-02 05:45:00,summer,5.75,0.25,0.0,0.0,0.0,28.6,1.58,0.0,0.707,0.707,0.177,2.6,0.46
2026-05-02 06:00:00,summer,6.0,0.25,0.0,0.0016,0.3,28.6,2.05,0.0,0.804,0.804,0.201,2.6,0.523
2026-05-02 06:15:00,summer,6.25,0.25,0.055,0.063,19.5,29.6,2.01,0.096,0.895,0.799,0.2,2.6,0.519
2026-05-02 06:30:00,summer,6.5,0.25,0.0,0.1243,70.3,29.9,1.95,0.342,1.019,0.677,0.169,2.6,0.44
2026-05-02 06:45:00,summer,6.75,0.25,0.0,0.1854,132.8,30.5,1.58,0.64,1.116,0.476,0.119,2.6,0.309
2026-05-02 07:00:00,summer,7.0,0.25,0.0,0.2459,199.1,30.9,2.54,0.953,1.25,0.297,0.074,2.6,0.193
2026-05-02 07:15:00,summer,7.25,0.25,0.192,0.3056,228.4,31.4,1.83,1.085,1.368,0.283,0.071,2.6,0.184
2026-05-02 07:30:00,summer,7.5,0.25,0.092,0.3643,310.1,32.7,2.16,1.455,1.46,0.005,0.001,2.6,0.003
2026-05-02 07:45:00,summer,7.75,0.25,0.12,0.4217,361.7,32.6,2.11,1.687,1.505,0.0,0.0,2.6,0.0
2026-05-02 08:00:00,summer,8.0,0.25,0.074,0.4776,436.2,33.6,1.81,2.004,1.551,0.0,0.0,2.6,0.0
2026-05-02 08:15:00,summer,8.25,0.25,0.072,0.5317,495.3,34.2,2.0,2.259,1.623,0.0,0.0,2.6,0.0
2026-05-02 08:30:00,summer,8.5,0.25,0.0,0.5838,585.7,34.6,2.03,2.64,1.651,0.0,0.0,2.6,0.0
2026-05-02 08:45:00,summer,8.75,0.25,0.003,0.6336,641.8,35.6,1.55,2.842,1.642,0.0,0.0,2.6,0.0
2026-05-02 09:00:00,summer,9.0,0.25,0.075,0.681,654.6,35.8,2.05,2.912,1.612,0.0,0.0,2.6,0.0
2026-05-02 09:15:00,summer,9.25,0.25,0.047,0.7257,720.6,36.5,1.66,3.152,1.595,0.0,0.0,2.6,0.0
2026-05-02 09:30:00,summer,9.5,0.25,0.06,0.7676,758.2,37.2,1.35,3.27,1.528,0.0,0.0,2.6,0.0
2026-05-02 09:45:00,summer,9.75,0.25,0.107,0.8065,766.6,37.2,2.43,3.364,1.446,0.0,0.0,2.6,0.0
2026-05-02 10:00:00,summer,10.0,0.25,0.011,0.8422,876.4,38.3,0.86,3.652,1.368,0.0,0.0,2.6,0.0
2026-05-02 10:15:00,summer,10.25,0.25,0.0,0.8745,922.2,39.1,2.0,3.912,1.265,0.0,0.0,2.6,0.0
2026-05-02 10:30:00,summer,10.5,0.25,0.0,0.9034,955.7,39.2,1.44,3.983,1.161,0.0,0.0,2.6,0.0
2026-05-02 10:45:00,summer,10.75,0.25,0.009,0.9287,977.8,40.0,1.35,4.038,1.036,0.0,0.0,2.6,0.0
2026-05-02 11:00:00,summer,11.0,0.25,0.015,0.9502,997.0,40.4,0.73,4.016,0.949,0.0,0.0,2.6,0.0
2026-05-02 11:15:00,summer,11.25,0.25,0.0,0.968,1030.5,40.7,1.8,4.26,0.872,0.0,0.0,2.6,0.0
2026-05-02 11:30:00,summer,11.5,0.25,0.0,0.9819,1046.6,41.3,1.45,4.264,0.774,0.0,0.0,2.6,0.0
2026-05-02 11:45:00,summer,11.75,0.25,0.064,0.9918,999.4,41.5,2.49,4.193,0.706,0.0,0.0,2.6,0.0
2026-05-02 12:00:00,summer,12.0,0.25,0.035,0.9978,1032.5,41.4,1.23,4.186,0.652,0.0,0.0,2.6,0.0
2026-05-02 12:15:00,summer,12.25,0.25,0.0,0.9997,1067.3,42.1,2.11,4.394,0.585,0.0,0.0,2.6,0.0
2026-05-02 12:30:00,summer,12.5,0.25,0.04,0.9976,1028.5,42.1,1.88,4.232,0.531,0.0,0.0,2.6,0.0
2026-05-02 12:45:00,summer,12.75,0.25,0.0,0.9916,1057.8,42.2,1.85,4.331,0.48,0.0,0.0,2.6,0.0
2026-05-02 13:00:00,summer,13.0,0.25,0.049,0.9815,1002.3,42.4,2.06,4.149,0.459,0.0,0.0,2.6,0.0
2026-05-02 13:15:00,summer,13.25,0.25,0.0,0.9675,1030.0,42.7,1.12,4.136,0.438,0.0,0.0,2.6,0.0
2026-05-02 13:30:00,summer,13.5,0.25,0.117,0.9496,906.8,42.7,1.38,3.736,0.432,0.0,0.0,2.6,0.0
2026-05-02 13:45:00,summer,13.75,0.25,0.171,0.928,838.2,42.4,2.58,3.57,0.436,0.0,0.0,2.6,0.0
2026-05-02 14:00:00,summer,14.0,0.25,0.215,0.9026,776.2,42.5,1.71,3.281,0.463,0.0,0.0,2.6,0.0
2026-05-02 14:15:00,summer,14.25,0.25,0.293,0.8736,685.5,42.1,2.64,2.975,0.498,0.0,0.0,2.6,0.0
2026-05-02 14:30:00,summer,14.5,0.25,0.311,0.8412,643.5,42.1,1.64,2.769,0.537,0.0,0.0,2.6,0.0
2026-05-02 14:45:00,summer,14.75,0.25,0.338,0.8054,593.2,41.7,1.68,2.575,0.595,0.0,0.0,2.6,0.0
2026-05-02 15:00:00,summer,15.0,0.25,0.295,0.7664,593.5,41.7,1.23,2.559,0.683,0.0,0.0,2.6,0.0
2026-05-02 15:15:00,summer,15.25,0.25,0.302,0.7244,553.5,41.3,1.27,2.405,0.761,0.0,0.0,2.6,0.0
2026-05-02 15:30:00,summer,15.5,0.25,0.287,0.6796,525.8,41.0,1.97,2.317,0.838,0.0,0.0,2.6,0.0
2026-05-02 15:45:00,summer,15.75,0.25,0.259,0.6321,501.3,40.8,1.69,2.211,0.954,0.0,0.0,2.6,0.0
2026-05-02 16:00:00,summer,16.0,0.25,0.3,0.5822,436.5,40.5,1.76,1.945,1.085,0.0,0.0,2.6,0.0
2026-05-02 16:15:00,summer,16.25,0.25,0.349,0.5301,369.9,40.4,1.37,1.656,1.213,0.0,0.0,2.6,0.0
2026-05-02 16:30:00,summer,16.5,0.25,0.245,0.4759,369.6,40.3,1.94,1.664,1.351,0.0,0.0,2.6,0.0
2026-05-02 16:45:00,summer,16.75,0.25,0.194,0.42,336.4,39.9,1.88,1.522,1.504,0.0,0.0,2.6,0.0
2026-05-02 17:00:00,summer,17.0,0.25,0.109,0.3626,303.9,39.3,2.4,1.388,1.638,0.25,0.062,2.6,0.163
2026-05-02 17:15:00,summer,17.25,0.25,0.098,0.3038,245.7,39.0,1.76,1.127,1.775,0.648,0.162,2.6,0.421
2026-05-02 17:30:00,summer,17.5,0.25,0.111,0.2441,182.2,38.4,1.6,0.844,1.907,1.063,0.266,2.6,0.691
2026-05-02 17:45:00,summer,17.75,0.25,0.11,0.1835,122.0,37.9,2.09,0.571,2.059,1.488,0.372,2.6,0.967
2026-05-02 18:00:00,summer,18.0,0.25,0.107,0.1225,64.8,37.6,1.96,0.306,2.208,1.902,0.476,2.6,1.236
2026-05-02 18:15:00,summer,18.25,0.25,0.077,0.0611,18.2,37.2,0.83,0.086,2.329,2.243,0.561,2.6,1.458
2026-05-02 18:30:00,summer,18.5,0.25,0.077,0.0,0.0,36.7,2.56,0.0,2.434,2.434,0.609,2.6,1.582
2026-05-02 18:45:00,summer,18.75,0.25,0.077,0.0,0.0,36.2,2.78,0.0,2.519,2.519,0.63,2.6,1.637
2026-05-02 19:00:00,summer,19.0,0.25,0.077,0.0,0.0,35.8,2.79,0.0,2.574,2.574,0.643,2.6,1.673
2026-05-02 19:15:00,summer,19.25,0.25,0.077,0.0,0.0,35.3,1.58,0.0,2.617,2.617,0.654,2.6,1.701
2026-05-02 19:30:00,summer,19.5,0.25,0.077,0.0,0.0,34.9,1.6,0.0,2.646,2.646,0.661,2.6,1.72
2026-05-02 19:45:00,summer,19.75,0.25,0.077,0.0,0.0,34.5,1.38,0.0,2.647,2.647,0.662,2.6,1.721
2026-05-02 20:00:00,summer,20.0,0.25,0.077,0.0,0.0,33.9,1.38,0.0,2.63,2.63,0.657,2.6,1.71
2026-05-02 20:15:00,summer,20.25,0.25,0.077,0.0,0.0,33.5,2.31,0.0,2.616,2.616,0.654,2.6,1.7
2026-05-02 20:30:00,summer,20.5,0.25,0.077,0.0,0.0,33.1,0.92,0.0,2.554,2.554,0.638,2.6,1.66
2026-05-02 20:45:00,summer,20.75,0.25,0.077,0.0,0.0,32.6,1.69,0.0,2.467,2.467,0.617,2.6,1.604
2026-05-02 21:00:00,summer,21.0,0.25,0.077,0.0,0.0,32.4,1.96,0.0,2.388,2.388,0.597,2.6,1.552
2026-05-02 21:15:00,summer,21.25,0.25,0.077,0.0,0.0,31.7,2.21,0.0,2.245,2.245,0.561,2.6,1.459
2026-05-02 21:30:00,summer,21.5,0.25,0.077,0.0,0.0,31.5,1.84,0.0,2.124,2.124,0.531,2.6,1.381
2026-05-02 21:45:00,summer,21.75,0.25,0.077,0.0,0.0,30.9,2.31,0.0,1.975,1.975,0.494,2.6,1.284
2026-05-02 22:00:00,summer,22.0,0.25,0.077,0.0,0.0,30.7,1.43,0.0,1.822,1.822,0.456,2.6,1.184
2026-05-02 22:15:00,summer,22.25,0.25,0.077,0.0,0.0,29.8,2.59,0.0,1.697,1.697,0.424,2.6,1.103
2026-05-02 22:30:00,summer,22.5,0.25,0.077,0.0,0.0,29.3,1.33,0.0,1.555,1.555,0.389,2.6,1.011
2026-05-02 22:45:00,summer,22.75,0.25,0.077,0.0,0.0,28.9,1.5,0.0,1.426,1.426,0.356,2.6,0.927
2026-05-02 23:00:00,summer,23.0,0.25,0.077,0.0,0.0,28.7,2.44,0.0,1.279,1.279,0.32,2.6,0.831
2026-05-02 23:15:00,summer,23.25,0.25,0.077,0.0,0.0,28.6,1.94,0.0,1.151,1.151,0.288,2.6,0.748
2026-05-02 23:30:00,summer,23.5,0.25,0.077,0.0,0.0,28.3,2.18,0.0,1.024,1.024,0.256,2.6,0.666
2026-05-02 23:45:00,summer,23.75,0.25,0.077,0.0,0.0,27.7,1.81,0.0,0.902,0.902,0.226,2.6,0.586
2026-05-03 00:00:00,summer,0.0,0.25,0.077,0.0,0.0,27.4,1.65,0.0,0.716,0.716,0.179,2.6,0.465
2026-05-03 00:15:00,summer,0.25,0.25,0.077,0.0,0.0,26.9,2.05,0.0,0.576,0.576,0.144,2.6,0.374
2026-05-03 00:30:00,summer,0.5,0.25,0.077,0.0,0.0,26.9,2.59,0.0,0.469,0.469,0.117,2.6,0.305
2026-05-03 00:45:00,summer,0.75,0.25,0.077,0.0,0.0,26.7,1.64,0.0,0.389,0.389,0.097,2.6,0.253
2026-05-03 01:00:00,summer,1.0,0.25,0.077,0.0,0.0,26.8,2.43,0.0,0.332,0.332,0.083,2.6,0.216
2026-05-03 01:15:00,summer,1.25,0.25,0.077,0.0,0.0,26.6,3.43,0.0,0.287,0.287,0.072,2.6,0.187
2026-05-03 01:30:00,summer,1.5,0.25,0.077,0.0,0.0,26.1,2.48,0.0,0.252,0.252,0.063,2.6,0.164
2026-05-03 01:45:00,summer,1.75,0.25,0.077,0.0,0.0,26.4,1.43,0.0,0.227,0.227,0.057,2.6,0.148
2026-05-03 02:00:00,summer,2.0,0.25,0.077,0.0,0.0,26.2,1.62,0.0,0.216,0.216,0.054,2.6,0.14
2026-05-03 02:15:00,summer,2.25,0.25,0.077,0.0,0.0,26.1,1.54,0.0,0.202,0.202,0.051,2.6,0.131
2026-05-03 02:30:00,summer,2.5,0.25,0.077,0.0,0.0,26.3,1.97,0.0,0.203,0.203,0.051,2.6,0.132
2026-05-03 02:45:00,summer,2.75,0.25,0.077,0.0,0.0,26.0,2.74,0.0,0.189,0.189,0.047,2.6,0.123
2026-05-03 03:00:00,summer,3.0,0.25,0.077,0.0,0.0,26.0,1.0,0.0,0.19,0.19,0.048,2.6,0.124
2026-05-03 03:15:00,summer,3.25,0.25,0.077,0.0,0.0,26.5,2.92,0.0,0.226,0.226,0.057,2.6,0.147
2026-05-03 03:30:00,summer,3.5,0.25,0.077,0.0,0.0,26.3,1.94,0.0,0.256,0.256,0.064,2.6,0.166
2026-05-03 03:45:00,summer,3.75,0.25,0.077,0.0,0.0,25.9,2.03,0.0,0.265,0.265,0.066,2.6,0.172
2026-05-03 04:00:00,summer,4.0,0.25,0.077,0.0,0.0,26.7,1.75,0.0,0.275,0.275,0.069,2.6,0.179
2026-05-03 04:15:00,summer,4.25,0.25,0.077,0.0,0.0,26.7,0.81,0.0,0.306,0.306,0.076,2.6,0.199
2026-05-03 04:30:00,summer,4.5,0.25,0.077,0.0,0.0,27.1,1.8,0.0,0.353,0.353,0.088,2.6,0.229
2026-05-03 04:45:00,summer,4.75,0.25,0.077,0.0,0.0,27.4,1.96,0.0,0.42,0.42,0.105,2.6,0.273
2026-05-03 05:00:00,summer,5.0,0.25,0.077,0.0,0.0,27.9,1.78,0.0,0.485,0.485,0.121,2.6,0.315
2026-05-03 05:15:00,summer,5.25,0.25,0.077,0.0,0.0,27.9,1.88,0.0,0.53,0.53,0.133,2.6,0.345
2026-05-03 05:30:00,summer,5.5,0.25,0.077,0.0,0.0,28.1,0.95,0.0,0.608,0.608,0.152,2.6,0.395
2026-05-03 05:45:00,summer,5.75,0.25,0.077,0.0,0.0,28.7,1.31,0.0,0.711,0.711,0.178,2.6,0.462
2026-05-03 06:00:00,summer,6.0,0.25,0.024,0.0034,0.4,28.7,2.13,0.0,0.806,0.806,0.202,2.6,0.524
2026-05-03 06:15:00,summer,6.25,0.25,0.14,0.0647,19.8,29.0,1.16,0.097,0.917,0.82,0.205,2.6,0.533
2026-05-03 06:30:00,summer,6.5,0.25,0.128,0.1259,67.0,30.0,0.24,0.325,1.029,0.704,0.176,2.6,0.458
2026-05-03 06:45:00,summer,6.75,0.25,0.162,0.1869,120.6,30.6,1.62,0.581,1.128,0.547,0.137,2.6,0.356
2026-05-03 07:00:00,summer,7.0,0.25,0.25,0.2473,164.7,30.4,1.18,0.789,1.22,0.431,0.108,2.6,0.28
2026-05-03 07:15:00,summer,7.25,0.25,0.33,0.307,199.3,31.5,1.97,0.95,1.328,0.378,0.095,2.6,0.246
2026-05-03 07:30:00,summer,7.5,0.25,0.41,0.3656,222.7,31.9,1.74,1.056,1.393,0.337,0.084,2.6,0.219
2026-05-03 07:45:00,summer,7.75,0.25,0.446,0.4229,250.6,32.2,1.79,1.183,1.489,0.306,0.077,2.6,0.199
2026-05-03 08:00:00,summer,8.0,0.25,0.501,0.4786,264.6,32.8,1.09,1.239,1.556,0.317,0.079,2.6,0.206
2026-05-03 08:15:00,summer,8.25,0.25,0.527,0.5326,285.1,33.6,0.99,1.325,1.605,0.28,0.07,2.6,0.182
2026-05-03 08:30:00,summer,8.5,0.25,0.493,0.5846,334.6,34.0,2.59,1.56,1.622,0.062,0.016,2.6,0.04
2026-05-03 08:45:00,summer,8.75,0.25,0.449,0.6344,391.9,35.3,1.45,1.791,1.64,0.0,0.0,2.6,0.0
2026-05-03 09:00:00,summer,9.0,0.25,0.363,0.6817,479.2,35.5,2.21,2.181,1.625,0.0,0.0,2.6,0.0
2026-05-03 09:15:00,summer,9.25,0.25,0.341,0.7263,528.8,35.8,1.47,2.37,1.589,0.0,0.0,2.6,0.0
2026-05-03 09:30:00,summer,9.5,0.25,0.34,0.7681,562.1,36.6,0.63,2.465,1.523,0.0,0.0,2.6,0.0
2026-05-03 09:45:00,summer,9.75,0.25,0.352,0.8069,583.8,37.1,1.12,2.569,1.457,0.0,0.0,2.6,0.0
2026-05-03 10:00:00,summer,10.0,0.25,0.359,0.8426,605.5,37.5,1.81,2.68,1.378,0.0,0.0,2.6,0.0
2026-05-03 10:15:00,summer,10.25,0.25,0.318,0.8748,665.4,38.0,2.21,2.933,1.307,0.0,0.0,2.6,0.0
2026-05-03 10:30:00,summer,10.5,0.25,0.3,0.9036,704.6,38.3,0.86,3.015,1.209,0.0,0.0,2.6,0.0
2026-05-03 10:45:00,summer,10.75,0.25,0.216,0.9288,799.9,39.3,1.34,3.396,1.109,0.0,0.0,2.6,0.0
2026-05-03 11:00:00,summer,11.0,0.25,0.274,0.9503,767.0,39.8,1.86,3.296,1.015,0.0,0.0,2.6,0.0
2026-05-03 11:15:00,summer,11.25,0.25,0.27,0.968,786.3,40.2,1.84,3.363,0.925,0.0,0.0,2.6,0.0
2026-05-03 11:30:00,summer,11.5,0.25,0.301,0.9819,768.2,40.4,2.37,3.318,0.812,0.0,0.0,2.6,0.0
2026-05-03 11:45:00,summer,11.75,0.25,0.216,0.9917,858.1,41.0,2.18,3.647,0.727,0.0,0.0,2.6,0.0
2026-05-03 12:00:00,summer,12.0,0.25,0.331,0.9977,752.8,40.8,2.4,3.253,0.651,0.0,0.0,2.6,0.0
2026-05-03 12:15:00,summer,12.25,0.25,0.307,0.9996,777.1,41.4,1.13,3.262,0.575,0.0,0.0,2.6,0.0
2026-05-03 12:30:00,summer,12.5,0.25,0.318,0.9975,765.0,41.3,2.23,3.285,0.524,0.0,0.0,2.6,0.0
2026-05-03 12:45:00,summer,12.75,0.25,0.304,0.9914,773.8,41.3,2.21,3.318,0.48,0.0,0.0,2.6,0.0
2026-05-03 13:00:00,summer,13.0,0.25,0.39,0.9813,682.4,41.9,1.65,2.925,0.456,0.0,0.0,2.6,0.0
2026-05-03 13:15:00,summer,13.25,0.25,0.476,0.9673,589.3,41.4,1.92,2.571,0.437,0.0,0.0,2.6,0.0
2026-05-03 13:30:00,summer,13.5,0.25,0.389,0.9494,660.0,41.5,1.71,2.845,0.414,0.0,0.0,2.6,0.0
2026-05-03 13:45:00,summer,13.75,0.25,0.318,0.9278,707.9,42.0,1.67,3.024,0.424,0.0,0.0,2.6,0.0
2026-05-03 14:00:00,summer,14.0,0.25,0.389,0.9024,625.5,41.7,1.26,2.686,0.477,0.0,0.0,2.6,0.0
2026-05-03 14:15:00,summer,14.25,0.25,0.407,0.8734,588.7,42.1,2.71,2.583,0.499,0.0,0.0,2.6,0.0
2026-05-03 14:30:00,summer,14.5,0.25,0.423,0.841,552.3,41.7,1.99,2.419,0.556,0.0,0.0,2.6,0.0
2026-05-03 14:45:00,summer,14.75,0.25,0.449,0.8052,506.5,41.3,2.61,2.248,0.631,0.0,0.0,2.6,0.0
2026-05-03 15:00:00,summer,15.0,0.25,0.406,0.7663,512.5,41.4,1.25,2.238,0.696,0.0,0.0,2.6,0.0
2026-05-03 15:15:00,summer,15.25,0.25,0.417,0.7243,474.6,41.0,1.75,2.1,0.752,0.0,0.0,2.6,0.0
2026-05-03 15:30:00,summer,15.5,0.25,0.465,0.6795,412.1,41.1,1.67,1.835,0.838,0.0,0.0,2.6,0.0
2026-05-03 15:45:00,summer,15.75,0.25,0.364,0.6321,440.7,41.0,2.07,1.963,0.958,0.0,0.0,2.6,0.0
2026-05-03 16:00:00,summer,16.0,0.25,0.334,0.5823,418.7,40.8,2.32,1.876,1.085,0.0,0.0,2.6,0.0
2026-05-03 16:15:00,summer,16.25,0.25,0.297,0.5302,394.1,40.8,2.3,1.77,1.215,0.0,0.0,2.6,0.0
2026-05-03 16:30:00,summer,16.5,0.25,0.277,0.4761,357.0,40.0,2.29,1.615,1.357,0.0,0.0,2.6,0.0
2026-05-03 16:45:00,summer,16.75,0.25,0.231,0.4203,324.4,39.5,1.85,1.472,1.482,0.01,0.003,2.6,0.007
2026-05-03 17:00:00,summer,17.0,0.25,0.232,0.3629,271.9,39.3,1.65,1.241,1.625,0.384,0.096,2.6,0.25
2026-05-03 17:15:00,summer,17.25,0.25,0.207,0.3042,224.0,38.9,1.4,1.029,1.783,0.754,0.189,2.6,0.49
2026-05-03 17:30:00,summer,17.5,0.25,0.218,0.2445,167.1,38.4,2.28,0.777,1.93,1.153,0.288,2.6,0.749
2026-05-03 17:45:00,summer,17.75,0.25,0.344,0.1841,99.9,37.5,1.34,0.469,2.083,1.614,0.404,2.6,1.049
2026-05-03 18:00:00,summer,18.0,0.25,0.337,0.1231,54.7,37.2,2.07,0.259,2.223,1.964,0.491,2.6,1.277
2026-05-03 18:15:00,summer,18.25,0.25,0.388,0.0618,15.3,36.8,2.36,0.073,2.327,2.254,0.564,2.6,1.465
2026-05-03 18:30:00,summer,18.5,0.25,0.283,0.0006,0.2,36.3,1.28,0.0,2.453,2.453,0.613,2.6,1.594
2026-05-03 18:45:00,summer,18.75,0.25,0.283,0.0,0.0,36.0,1.79,0.0,2.545,2.545,0.636,2.6,1.654
2026-05-03 19:00:00,summer,19.0,0.25,0.283,0.0,0.0,35.4,1.03,0.0,2.617,2.617,0.654,2.6,1.701
2026-05-03 19:15:00,summer,19.25,0.25,0.283,0.0,0.0,35.5,2.29,0.0,2.661,2.661,0.665,2.6,1.73
2026-05-03 19:30:00,summer,19.5,0.25,0.283,0.0,0.0,34.8,1.9,0.0,2.681,2.681,0.67,2.6,1.743
2026-05-03 19:45:00,summer,19.75,0.25,0.283,0.0,0.0,34.7,1.55,0.0,2.668,2.668,0.667,2.6,1.734
2026-05-03 20:00:00,summer,20.0,0.25,0.283,0.0,0.0,33.8,1.6,0.0,2.656,2.656,0.664,2.6,1.726
2026-05-03 20:15:00,summer,20.25,0.25,0.283,0.0,0.0,33.6,2.13,0.0,2.618,2.618,0.654,2.6,1.702
2026-05-03 20:30:00,summer,20.5,0.25,0.283,0.0,0.0,33.1,2.23,0.0,2.544,2.544,0.636,2.6,1.654
2026-05-03 20:45:00,summer,20.75,0.25,0.283,0.0,0.0,32.5,1.46,0.0,2.468,2.468,0.617,2.6,1.604
2026-05-03 21:00:00,summer,21.0,0.25,0.283,0.0,0.0,31.7,2.23,0.0,2.38,2.38,0.595,2.6,1.547
2026-05-03 21:15:00,summer,21.25,0.25,0.283,0.0,0.0,31.5,2.94,0.0,2.274,2.274,0.569,2.6,1.478
2026-05-03 21:30:00,summer,21.5,0.25,0.283,0.0,0.0,31.4,1.53,0.0,2.147,2.147,0.537,2.6,1.396
2026-05-03 21:45:00,summer,21.75,0.25,0.283,0.0,0.0,31.0,1.98,0.0,2.004,2.004,0.501,2.6,1.303
2026-05-03 22:00:00,summer,22.0,0.25,0.283,0.0,0.0,30.5,1.72,0.0,1.864,1.864,0.466,2.6,1.212
2026-05-03 22:15:00,summer,22.25,0.25,0.283,0.0,0.0,29.9,1.04,0.0,1.738,1.738,0.434,2.6,1.13
2026-05-03 22:30:00,summer,22.5,0.25,0.283,0.0,0.0,29.5,1.03,0.0,1.586,1.586,0.397,2.6,1.031
2026-05-03 22:45:00,summer,22.75,0.25,0.283,0.0,0.0,29.3,0.96,0.0,1.433,1.433,0.358,2.6,0.931
2026-05-03 23:00:00,summer,23.0,0.25,0.283,0.0,0.0,28.7,1.52,0.0,1.306,1.306,0.327,2.6,0.849
2026-05-03 23:15:00,summer,23.25,0.25,0.283,0.0,0.0,28.2,1.38,0.0,1.178,1.178,0.294,2.6,0.766
2026-05-03 23:30:00,summer,23.5,0.25,0.283,0.0,0.0,27.8,2.37,0.0,1.054,1.054,0.264,2.6,0.685
2026-05-03 23:45:00,summer,23.75,0.25,0.283,0.0,0.0,27.4,2.12,0.0,0.95,0.95,0.237,2.6,0.617
2026-05-04 00:00:00,summer,0.0,0.25,0.283,0.0,0.0,27.2,1.95,0.0,0.75,0.75,0.188,2.6,0.488
2026-05-04 00:15:00,summer,0.25,0.25,0.283,0.0,0.0,27.0,1.61,0.0,0.6,0.6,0.15,2.6,0.39
2026-05-04 00:30:00,summer,0.5,0.25,0.283,0.0,0.0,26.6,2.61,0.0,0.497,0.497,0.124,2.6,0.323
2026-05-04 00:45:00,summer,0.75,0.25,0.283,0.0,0.0,26.7,1.53,0.0,0.418,0.418,0.104,2.6,0.272
2026-05-04 01:00:00,summer,1.0,0.25,0.283,0.0,0.0,26.3,1.44,0.0,0.351,0.351,0.088,2.6,0.228
2026-05-04 01:15:00,summer,1.25,0.25,0.283,0.0,0.0,26.4,2.41,0.0,0.305,0.305,0.076,2.6,0.198
2026-05-04 01:30:00,summer,1.5,0.25,0.283,0.0,0.0,26.5,1.39,0.0,0.27,0.27,0.068,2.6,0.176
2026-05-04 01:45:00,summer,1.75,0.25,0.283,0.0,0.0,26.3,1.69,0.0,0.244,0.244,0.061,2.6,0.159
2026-05-04 02:00:00,summer,2.0,0.25,0.283,0.0,0.0,25.9,2.11,0.0,0.225,0.225,0.056,2.6,0.146
2026-05-04 02:15:00,summer,2.25,0.25,0.283,0.0,0.0,25.8,1.64,0.0,0.206,0.206,0.051,2.6,0.134
2026-05-04 02:30:00,summer,2.5,0.25,0.283,0.0,0.0,25.8,2.79,0.0,0.199,0.199,0.05,2.6,0.129
2026-05-04 02:45:00,summer,2.75,0.25,0.283,0.0,0.0,25.8,2.09,0.0,0.211,0.211,0.053,2.6,0.137
2026-05-04 03:00:00,summer,3.0,0.25,0.283,0.0,0.0,25.7,1.39,0.0,0.224,0.224,0.056,2.6,0.146
2026-05-04 03:15:00,summer,3.25,0.25,0.283,0.0,0.0,26.0,0.94,0.0,0.213,0.213,0.053,2.6,0.138
2026-05-04 03:30:00,summer,3.5,0.25,0.283,0.0,0.0,26.2,1.57,0.0,0.249,0.249,0.062,2.6,0.162
2026-05-04 03:45:00,summer,3.75,0.25,0.283,0.0,0.0,26.6,1.5,0.0,0.276,0.276,0.069,2.6,0.179
2026-05-04 04:00:00,summer,4.0,0.25,0.283,0.0,0.0,26.9,2.55,0.0,0.289,0.289,0.072,2.6,0.188
2026-05-04 04:15:00,summer,4.25,0.25,0.283,0.0,0.0,26.8,1.06,0.0,0.325,0.325,0.081,2.6,0.211
2026-05-04 04:30:00,summer,4.5,0.25,0.283,0.0,0.0,27.6,2.3,0.0,0.367,0.367,0.092,2.6,0.239
2026-05-04 04:45:00,summer,4.75,0.25,0.283,0.0,0.0,27.2,1.41,0.0,0.411,0.411,0.103,2.6,0.267
2026-05-04 05:00:00,summer,5.0,0.25,0.283,0.0,0.0,27.5,1.84,0.0,0.466,0.466,0.117,2.6,0.303
2026-05-04 05:15:00,summer,5.25,0.25,0.283,0.0,0.0,27.8,1.19,0.0,0.551,0.551,0.138,2.6,0.358
2026-05-04 05:30:00,summer,5.5,0.25,0.283,0.0,0.0,27.9,2.55,0.0,0.636,0.636,0.159,2.6,0.413
2026-05-04 05:45:00,summer,5.75,0.25,0.283,0.0,0.0,28.9,2.33,0.0,0.719,0.719,0.18,2.6,0.467
2026-05-04 06:00:00,summer,6.0,0.25,0.329,0.0051,0.4,28.4,2.5,0.0,0.816,0.816,0.204,2.6,0.53
2026-05-04 06:15:00,summer,6.25,0.25,0.394,0.0663,17.4,28.8,1.74,0.086,0.931,0.845,0.211,2.6,0.549
2026-05-04 06:30:00,summer,6.5,0.25,0.293,0.1274,60.4,29.1,1.81,0.295,1.013,0.718,0.179,2.6,0.467
2026-05-04 06:45:00,summer,6.75,0.25,0.296,0.1883,108.5,30.3,1.89,0.525,1.131,0.606,0.151,2.6,0.394
2026-05-04 07:00:00,summer,7.0,0.25,0.353,0.2487,148.6,30.8,1.94,0.714,1.216,0.502,0.126,2.6,0.326
2026-05-04 07:15:00,summer,7.25,0.25,0.325,0.3082,201.6,31.2,1.86,0.962,1.306,0.344,0.086,2.6,0.224
2026-05-04 07:30:00,summer,7.5,0.25,0.193,0.3667,286.1,32.3,1.95,1.346,1.414,0.068,0.017,2.6,0.044
2026-05-04 07:45:00,summer,7.75,0.25,0.194,0.4239,340.0,32.5,2.35,1.593,1.479,0.0,0.0,2.6,0.0
2026-05-04 08:00:00,summer,8.0,0.25,0.137,0.4796,414.9,33.5,2.05,1.916,1.558,0.0,0.0,2.6,0.0
2026-05-04 08:15:00,summer,8.25,0.25,0.001,0.5335,527.3,34.2,2.07,2.398,1.602,0.0,0.0,2.6,0.0
2026-05-04 08:30:00,summer,8.5,0.25,0.018,0.5854,578.9,34.9,1.68,2.596,1.627,0.0,0.0,2.6,0.0
2026-05-04 08:45:00,summer,8.75,0.25,0.0,0.6351,645.0,35.4,0.51,2.799,1.6,0.0,0.0,2.6,0.0
2026-05-04 09:00:00,summer,9.0,0.25,0.001,0.6823,698.9,35.9,1.4,3.06,1.596,0.0,0.0,4.18,0.0
2026-05-04 09:15:00,summer,9.25,0.25,0.0,0.7269,751.2,36.2,2.17,3.305,1.555,0.0,0.0,4.18,0.0
2026-05-04 09:30:00,summer,9.5,0.25,0.018,0.7686,787.4,36.8,2.12,3.438,1.51,0.0,0.0,4.18,0.0
2026-05-04 09:45:00,summer,9.75,0.25,0.016,0.8073,832.7,37.4,2.12,3.606,1.446,0.0,0.0,4.18,0.0
2026-05-04 10:00:00,summer,10.0,0.25,0.0,0.8429,885.5,38.0,2.21,3.807,1.354,0.0,0.0,4.18,0.0
2026-05-04 10:15:00,summer,10.25,0.25,0.0,0.8751,922.9,39.0,2.19,3.93,1.254,0.0,0.0,4.18,0.0
2026-05-04 10:30:00,summer,10.5,0.25,0.016,0.9038,943.3,39.1,1.68,3.963,1.17,0.0,0.0,4.18,0.0
2026-05-04 10:45:00,summer,10.75,0.25,0.063,0.9289,931.5,39.8,1.04,3.841,1.066,0.0,0.0,4.18,0.0
2026-05-04 11:00:00,summer,11.0,0.25,0.054,0.9504,962.8,40.3,1.33,3.976,0.972,0.0,0.0,4.18,0.0
2026-05-04 11:15:00,summer,11.25,0.25,0.0,0.968,1030.6,40.4,1.7,4.256,0.872,0.0,0.0,4.18,0.0
2026-05-04 11:30:00,summer,11.5,0.25,0.012,0.9818,1036.0,41.1,1.06,4.181,0.811,0.0,0.0,4.18,0.0
2026-05-04 11:45:00,summer,11.75,0.25,0.03,0.9916,1030.4,41.9,1.74,4.228,0.729,0.0,0.0,4.18,0.0
2026-05-04 12:00:00,summer,12.0,0.25,0.067,0.9975,1002.6,41.9,1.68,4.124,0.648,0.0,0.0,4.18,0.0
2026-05-04 12:15:00,summer,12.25,0.25,0.084,0.9994,989.3,42.1,1.81,4.085,0.586,0.0,0.0,4.18,0.0
2026-05-04 12:30:00,summer,12.5,0.25,0.112,0.9973,960.9,42.4,1.78,3.974,0.517,0.0,0.0,4.18,0.0
2026-05-04 12:45:00,summer,12.75,0.25,0.141,0.9912,928.1,42.0,1.91,3.873,0.498,0.0,0.0,4.18,0.0
2026-05-04 13:00:00,summer,13.0,0.25,0.13,0.9811,927.5,42.3,1.91,3.865,0.468,0.0,0.0,4.18,0.0
2026-05-04 13:15:00,summer,13.25,0.25,0.095,0.9671,944.6,42.3,2.36,3.963,0.456,0.0,0.0,4.18,0.0
2026-05-04 13:30:00,summer,13.5,0.25,0.095,0.9492,925.7,42.3,1.35,3.808,0.461,0.0,0.0,4.18,0.0
2026-05-04 13:45:00,summer,13.75,0.25,0.016,0.9275,969.9,42.5,0.89,3.905,0.445,0.0,0.0,4.18,0.0
2026-05-04 14:00:00,summer,14.0,0.25,0.169,0.9022,814.5,42.8,1.09,3.374,0.462,0.0,0.0,4.18,0.0
2026-05-04 14:15:00,summer,14.25,0.25,0.183,0.8732,775.4,42.3,2.19,3.308,0.488,0.0,0.0,4.18,0.0
2026-05-04 14:30:00,summer,14.5,0.25,0.221,0.8408,714.3,42.1,1.66,3.047,0.541,0.0,0.0,4.18,0.0
2026-05-04 14:45:00,summer,14.75,0.25,0.248,0.8051,661.4,42.5,2.54,2.869,0.584,0.0,0.0,4.18,0.0
2026-05-04 15:00:00,summer,15.0,0.25,0.243,0.7662,630.3,42.3,1.34,2.701,0.649,0.0,0.0,4.18,0.0
2026-05-04 15:15:00,summer,15.25,0.25,0.255,0.7242,584.9,41.9,1.92,2.548,0.724,0.0,0.0,4.18,0.0
2026-05-04 15:30:00,summer,15.5,0.25,0.295,0.6795,520.6,40.9,1.8,2.292,0.815,0.0,0.0,4.18,0.0
2026-05-04 15:45:00,summer,15.75,0.25,0.333,0.6321,458.9,40.9,1.53,2.03,0.942,0.0,0.0,4.18,0.0
2026-05-04 16:00:00,summer,16.0,0.25,0.319,0.5823,426.4,40.6,3.05,1.92,1.082,0.0,0.0,4.18,0.0
2026-05-04 16:15:00,summer,16.25,0.25,0.29,0.5303,397.5,40.7,1.54,1.774,1.208,0.0,0.0,4.18,0.0
2026-05-04 16:30:00,summer,16.5,0.25,0.299,0.4763,348.4,40.1,1.56,1.569,1.336,0.0,0.0,4.18,0.0
2026-05-04 16:45:00,summer,16.75,0.25,0.301,0.4205,300.7,39.8,2.55,1.372,1.451,0.079,0.02,4.18,0.083
2026-05-04 17:00:00,summer,17.0,0.25,0.374,0.3632,231.8,39.3,1.66,1.063,1.6,0.537,0.134,4.18,0.561
2026-05-04 17:15:00,summer,17.25,0.25,0.383,0.3046,185.3,39.1,1.15,0.853,1.765,0.912,0.228,4.18,0.953
2026-05-04 17:30:00,summer,17.5,0.25,0.397,0.245,138.3,38.4,1.55,0.644,1.917,1.273,0.318,4.18,1.33
2026-05-04 17:45:00,summer,17.75,0.25,0.298,0.1846,105.2,38.1,1.97,0.493,2.059,1.566,0.392,4.18,1.636
2026-05-04 18:00:00,summer,18.0,0.25,0.339,0.1237,55.1,37.4,1.44,0.26,2.186,1.926,0.481,4.18,2.013
2026-05-04 18:15:00,summer,18.25,0.25,0.302,0.0626,16.9,36.9,2.35,0.08,2.313,2.233,0.558,4.18,2.333
2026-05-04 18:30:00,summer,18.5,0.25,0.294,0.0014,0.3,36.5,1.66,0.0,2.429,2.429,0.607,4.18,2.538
2026-05-04 18:45:00,summer,18.75,0.25,0.294,0.0,0.0,36.1,1.58,0.0,2.508,2.508,0.627,4.18,2.621
2026-05-04 19:00:00,summer,19.0,0.25,0.294,0.0,0.0,35.7,2.08,0.0,2.567,2.567,0.642,4.18,2.683
2026-05-04 19:15:00,summer,19.25,0.25,0.294,0.0,0.0,34.9,1.98,0.0,2.614,2.614,0.653,4.18,2.732
2026-05-04 19:30:00,summer,19.5,0.25,0.294,0.0,0.0,34.9,2.07,0.0,2.643,2.643,0.661,4.18,2.762
2026-05-04 19:45:00,summer,19.75,0.25,0.294,0.0,0.0,34.3,2.01,0.0,2.627,2.627,0.657,4.18,2.745
2026-05-04 20:00:00,summer,20.0,0.25,0.294,0.0,0.0,33.8,1.05,0.0,2.612,2.612,0.653,4.18,2.73
2026-05-04 20:15:00,summer,20.25,0.25,0.294,0.0,0.0,33.3,2.87,0.0,2.586,2.586,0.646,4.18,2.702
2026-05-04 20:30:00,summer,20.5,0.25,0.294,0.0,0.0,33.1,2.22,0.0,2.532,2.532,0.633,4.18,2.646
2026-05-04 20:45:00,summer,20.75,0.25,0.294,0.0,0.0,32.3,1.23,0.0,2.459,2.459,0.615,4.18,2.57
2026-05-04 21:00:00,summer,21.0,0.25,0.294,0.0,0.0,31.9,2.27,0.0,2.375,2.375,0.594,4.18,2.482
2026-05-04 21:15:00,summer,21.25,0.25,0.294,0.0,0.0,31.6,1.45,0.0,2.277,2.277,0.569,4.18,2.379
2026-05-04 21:30:00,summer,21.5,0.25,0.294,0.0,0.0,31.4,2.27,0.0,2.141,2.141,0.535,4.18,2.237
2026-05-04 21:45:00,summer,21.75,0.25,0.294,0.0,0.0,30.8,1.51,0.0,1.978,1.978,0.494,4.18,2.067
2026-05-04 22:00:00,summer,22.0,0.25,0.294,0.0,0.0,30.7,2.01,0.0,1.83,1.83,0.458,2.6,1.19
2026-05-04 22:15:00,summer,22.25,0.25,0.294,0.0,0.0,29.8,2.05,0.0,1.684,1.684,0.421,2.6,1.095
2026-05-04 22:30:00,summer,22.5,0.25,0.294,0.0,0.0,29.4,1.67,0.0,1.54,1.54,0.385,2.6,1.001
2026-05-04 22:45:00,summer,22.75,0.25,0.294,0.0,0.0,28.9,2.74,0.0,1.385,1.385,0.346,2.6,0.9
2026-05-04 23:00:00,summer,23.0,0.25,0.294,0.0,0.0,28.8,1.71,0.0,1.251,1.251,0.313,2.6,0.813
2026-05-04 23:15:00,summer,23.25,0.25,0.294,0.0,0.0,28.5,1.27,0.0,1.145,1.145,0.286,2.6,0.744
2026-05-04 23:30:00,summer,23.5,0.25,0.294,0.0,0.0,27.9,1.76,0.0,1.057,1.057,0.264,2.6,0.687
2026-05-04 23:45:00,summer,23.75,0.25,0.294,0.0,0.0,28.0,1.77,0.0,0.941,0.941,0.235,2.6,0.612
2026-05-05 00:00:00,summer,0.0,0.25,0.294,0.0,0.0,27.5,2.08,0.0,0.743,0.743,0.186,2.6,0.483
2026-05-05 00:15:00,summer,0.25,0.25,0.294,0.0,0.0,27.1,1.46,0.0,0.595,0.595,0.149,2.6,0.387
2026-05-05 00:30:00,summer,0.5,0.25,0.294,0.0,0.0,27.0,1.79,0.0,0.484,0.484,0.121,2.6,0.315
2026-05-05 00:45:00,summer,0.75,0.25,0.294,0.0,0.0,26.7,2.05,0.0,0.423,0.423,0.106,2.6,0.275
2026-05-05 01:00:00,summer,1.0,0.25,0.294,0.0,0.0,26.3,2.37,0.0,0.357,0.357,0.089,2.6,0.232
2026-05-05 01:15:00,summer,1.25,0.25,0.294,0.0,0.0,26.5,1.92,0.0,0.333,0.333,0.083,2.6,0.216
2026-05-05 01:30:00,summer,1.5,0.25,0.294,0.0,0.0,26.6,2.52,0.0,0.292,0.292,0.073,2.6,0.19
2026-05-05 01:45:00,summer,1.75,0.25,0.294,0.0,0.0,26.0,1.31,0.0,0.266,0.266,0.067,2.6,0.173
2026-05-05 02:00:00,summer,2.0,0.25,0.294,0.0,0.0,25.9,2.17,0.0,0.24,0.24,0.06,2.6,0.156
2026-05-05 02:15:00,summer,2.25,0.25,0.294,0.0,0.0,26.2,1.21,0.0,0.231,0.231,0.058,2.6,0.15
2026-05-05 02:30:00,summer,2.5,0.25,0.294,0.0,0.0,25.8,1.35,0.0,0.219,0.219,0.055,2.6,0.142
2026-05-05 02:45:00,summer,2.75,0.25,0.294,0.0,0.0,26.4,2.31,0.0,0.239,0.239,0.06,2.6,0.155
2026-05-05 03:00:00,summer,3.0,0.25,0.294,0.0,0.0,25.8,1.69,0.0,0.225,0.225,0.056,2.6,0.146
2026-05-05 03:15:00,summer,3.25,0.25,0.294,0.0,0.0,26.3,1.38,0.0,0.232,0.232,0.058,2.6,0.151
2026-05-05 03:30:00,summer,3.5,0.25,0.294,0.0,0.0,26.3,1.54,0.0,0.235,0.235,0.059,2.6,0.153
2026-05-05 03:45:00,summer,3.75,0.25,0.294,0.0,0.0,26.6,2.03,0.0,0.276,0.276,0.069,2.6,0.179
2026-05-05 04:00:00,summer,4.0,0.25,0.294,0.0,0.0,26.3,2.91,0.0,0.297,0.297,0.074,2.6,0.193
2026-05-05 04:15:00,summer,4.25,0.25,0.294,0.0,0.0,26.7,1.28,0.0,0.315,0.315,0.079,2.6,0.205
2026-05-05 04:30:00,summer,4.5,0.25,0.294,0.0,0.0,26.6,2.41,0.0,0.35,0.35,0.087,2.6,0.227
2026-05-05 04:45:00,summer,4.75,0.25,0.294,0.0,0.0,27.5,2.19,0.0,0.411,0.411,0.103,2.6,0.267
2026-05-05 05:00:00,summer,5.0,0.25,0.294,0.0,0.0,26.7,1.29,0.0,0.46,0.46,0.115,2.6,0.299
2026-05-05 05:15:00,summer,5.25,0.25,0.294,0.0,0.0,27.6,1.03,0.0,0.512,0.512,0.128,2.6,0.333
2026-05-05 05:30:00,summer,5.5,0.25,0.294,0.0,0.0,28.7,1.41,0.0,0.599,0.599,0.15,2.6,0.389
2026-05-05 05:45:00,summer,5.75,0.25,0.294,0.0,0.0,28.6,2.23,0.0,0.681,0.681,0.17,2.6,0.443
2026-05-05 06:00:00,summer,6.0,0.25,0.235,0.0068,0.5,28.5,1.15,0.0,0.779,0.779,0.195,2.6,0.506
2026-05-05 06:15:00,summer,6.25,0.25,0.213,0.0679,21.0,29.4,1.84,0.103,0.892,0.789,0.197,2.6,0.513
2026-05-05 06:30:00,summer,6.5,0.25,0.208,0.1289,66.0,29.7,1.56,0.321,1.008,0.687,0.172,2.6,0.447
2026-05-05 06:45:00,summer,6.75,0.25,0.203,0.1897,119.3,30.6,2.61,0.577,1.119,0.542,0.136,2.6,0.352
2026-05-05 07:00:00,summer,7.0,0.25,0.199,0.25,175.1,30.9,1.16,0.836,1.241,0.405,0.101,2.6,0.263
2026-05-05 07:15:00,summer,7.25,0.25,0.238,0.3094,222.1,31.3,2.27,1.058,1.33,0.272,0.068,2.6,0.177
2026-05-05 07:30:00,summer,7.5,0.25,0.327,0.3678,249.2,32.5,1.82,1.176,1.415,0.239,0.06,2.6,0.155
2026-05-05 07:45:00,summer,7.75,0.25,0.135,0.425,360.3,32.6,2.07,1.681,1.489,0.0,0.0,2.6,0.0
2026-05-05 08:00:00,summer,8.0,0.25,0.2,0.4806,391.3,33.0,2.38,1.82,1.582,0.0,0.0,2.6,0.0
2026-05-05 08:15:00,summer,8.25,0.25,0.162,0.5344,459.1,33.8,1.44,2.094,1.642,0.0,0.0,2.6,0.0
2026-05-05 08:30:00,summer,8.5,0.25,0.145,0.5862,518.1,34.6,1.61,2.342,1.666,0.0,0.0,2.6,0.0
2026-05-05 08:45:00,summer,8.75,0.25,0.263,0.6357,502.1,34.6,2.44,2.293,1.644,0.0,0.0,2.6,0.0
2026-05-05 09:00:00,summer,9.0,0.25,0.225,0.6829,566.7,35.2,1.35,2.531,1.622,0.0,0.0,4.18,0.0
2026-05-05 09:15:00,summer,9.25,0.25,0.185,0.7274,633.5,36.1,1.38,2.794,1.59,0.0,0.0,4.18,0.0
2026-05-05 09:30:00,summer,9.5,0.25,0.135,0.769,708.2,36.7,1.71,3.102,1.544,0.0,0.0,4.18,0.0
2026-05-05 09:45:00,summer,9.75,0.25,0.14,0.8077,744.1,37.3,1.93,3.248,1.456,0.0,0.0,4.18,0.0
2026-05-05 10:00:00,summer,10.0,0.25,0.195,0.8431,736.8,37.9,2.06,3.216,1.385,0.0,0.0,4.18,0.0
2026-05-05 10:15:00,summer,10.25,0.25,0.142,0.8753,810.5,39.0,2.67,3.522,1.274,0.0,0.0,4.18,0.0
2026-05-05 10:30:00,summer,10.5,0.25,0.112,0.9039,863.8,38.8,1.86,3.685,1.172,0.0,0.0,4.18,0.0
2026-05-05 10:45:00,summer,10.75,0.25,0.098,0.929,902.0,40.1,2.23,3.834,1.074,0.0,0.0,4.18,0.0
2026-05-05 11:00:00,summer,11.0,0.25,0.06,0.9504,957.8,40.5,2.27,4.04,0.962,0.0,0.0,4.18,0.0
2026-05-05 11:15:00,summer,11.25,0.25,0.147,0.968,899.3,39.9,1.61,3.78,0.842,0.0,0.0,4.18,0.0
2026-05-05 11:30:00,summer,11.5,0.25,0.182,0.9817,880.2,40.8,1.0,3.636,0.759,0.0,0.0,4.18,0.0
2026-05-05 11:45:00,summer,11.75,0.25,0.162,0.9915,908.0,41.4,1.7,3.792,0.686,0.0,0.0,4.18,0.0
2026-05-05 12:00:00,summer,12.0,0.25,0.228,0.9974,851.8,41.3,1.53,3.572,0.614,0.0,0.0,4.18,0.0
2026-05-05 12:15:00,summer,12.25,0.25,0.255,0.9992,827.1,41.5,2.62,3.544,0.558,0.0,0.0,4.18,0.0
2026-05-05 12:30:00,summer,12.5,0.25,0.177,0.9971,899.8,42.1,1.99,3.772,0.496,0.0,0.0,4.18,0.0
2026-05-05 12:45:00,summer,12.75,0.25,0.232,0.9909,841.6,42.1,1.46,3.515,0.477,0.0,0.0,4.18,0.0
2026-05-05 13:00:00,summer,13.0,0.25,0.236,0.9808,828.9,42.0,2.17,3.518,0.466,0.0,0.0,4.18,0.0
2026-05-05 13:15:00,summer,13.25,0.25,0.258,0.9668,796.4,41.9,1.56,3.357,0.435,0.0,0.0,4.18,0.0
2026-05-05 13:30:00,summer,13.5,0.25,0.195,0.9489,837.3,42.8,1.08,3.456,0.432,0.0,0.0,4.18,0.0
2026-05-05 13:45:00,summer,13.75,0.25,0.173,0.9273,835.3,42.5,2.03,3.526,0.461,0.0,0.0,4.18,0.0
2026-05-05 14:00:00,summer,14.0,0.25,0.122,0.9019,853.5,42.4,1.21,3.533,0.476,0.0,0.0,4.18,0.0
2026-05-05 14:15:00,summer,14.25,0.25,0.176,0.873,780.7,42.1,2.69,3.356,0.502,0.0,0.0,4.18,0.0
2026-05-05 14:30:00,summer,14.5,0.25,0.181,0.8406,745.6,42.4,1.83,3.172,0.551,0.0,0.0,4.18,0.0
2026-05-05 14:45:00,summer,14.75,0.25,0.169,0.8049,719.8,42.1,2.1,3.09,0.62,0.0,0.0,4.18,0.0
2026-05-05 15:00:00,summer,15.0,0.25,0.192,0.766,665.9,42.0,0.48,2.79,0.7,0.0,0.0,4.18,0.0
2026-05-05 15:15:00,summer,15.25,0.25,0.212,0.7242,613.2,41.3,2.29,2.681,0.78,0.0,0.0,4.18,0.0
2026-05-05 15:30:00,summer,15.5,0.25,0.194,0.6795,582.3,41.5,1.6,2.531,0.854,0.0,0.0,4.18,0.0
2026-05-05 15:45:00,summer,15.75,0.25,0.276,0.6321,491.7,41.0,0.87,2.145,0.968,0.0,0.0,4.18,0.0
2026-05-05 16:00:00,summer,16.0,0.25,0.277,0.5824,448.5,41.1,1.52,1.985,1.091,0.0,0.0,4.18,0.0
2026-05-05 16:15:00,summer,16.25,0.25,0.364,0.5304,363.3,40.1,1.96,1.638,1.211,0.0,0.0,4.18,0.0
2026-05-05 16:30:00,summer,16.5,0.25,0.436,0.4765,291.2,40.4,2.06,1.323,1.347,0.024,0.006,4.18,0.025
2026-05-05 16:45:00,summer,16.75,0.25,0.425,0.4208,257.1,39.4,0.68,1.167,1.496,0.329,0.082,4.18,0.344
2026-05-05 17:00:00,summer,17.0,0.25,0.5,0.3635,193.7,39.1,2.88,0.897,1.637,0.74,0.185,4.18,0.773
2026-05-05 17:15:00,summer,17.25,0.25,0.377,0.305,187.0,39.2,1.5,0.862,1.774,0.912,0.228,4.18,0.953
2026-05-05 17:30:00,summer,17.5,0.25,0.332,0.2455,149.8,38.5,1.61,0.696,1.904,1.208,0.302,4.18,1.262
2026-05-05 17:45:00,summer,17.75,0.25,0.324,0.1852,102.9,38.0,1.95,0.482,2.039,1.557,0.389,4.18,1.627
2026-05-05 18:00:00,summer,18.0,0.25,0.382,0.1244,53.1,37.9,1.84,0.25,2.174,1.924,0.481,4.18,2.011
2026-05-05 18:15:00,summer,18.25,0.25,0.391,0.0633,16.0,36.9,1.92,0.076,2.31,2.234,0.558,4.18,2.335
2026-05-05 18:30:00,summer,18.5,0.25,0.405,0.0023,0.3,36.3,1.95,0.0,2.405,2.405,0.601,4.18,2.513
2026-05-05 18:45:00,summer,18.75,0.25,0.405,0.0,0.0,36.0,1.96,0.0,2.519,2.519,0.63,4.18,2.632
2026-05-05 19:00:00,summer,19.0,0.25,0.405,0.0,0.0,35.7,2.55,0.0,2.572,2.572,0.643,4.18,2.688
2026-05-05 19:15:00,summer,19.25,0.25,0.405,0.0,0.0,35.2,1.26,0.0,2.639,2.639,0.66,4.18,2.758
2026-05-05 19:30:00,summer,19.5,0.25,0.405,0.0,0.0,34.6,2.16,0.0,2.665,2.665,0.666,4.18,2.785
2026-05-05 19:45:00,summer,19.75,0.25,0.405,0.0,0.0,34.2,1.52,0.0,2.668,2.668,0.667,4.18,2.788
2026-05-05 20:00:00,summer,20.0,0.25,0.405,0.0,0.0,34.0,1.63,0.0,2.662,2.662,0.665,4.18,2.782
2026-05-05 20:15:00,summer,20.25,0.25,0.405,0.0,0.0,33.3,1.25,0.0,2.592,2.592,0.648,4.18,2.709
2026-05-05 20:30:00,summer,20.5,0.25,0.405,0.0,0.0,32.8,2.93,0.0,2.527,2.527,0.632,4.18,2.641
2026-05-05 20:45:00,summer,20.75,0.25,0.405,0.0,0.0,32.8,1.58,0.0,2.45,2.45,0.613,4.18,2.56
2026-05-05 21:00:00,summer,21.0,0.25,0.405,0.0,0.0,31.9,1.05,0.0,2.332,2.332,0.583,4.18,2.437
2026-05-05 21:15:00,summer,21.25,0.25,0.405,0.0,0.0,31.7,1.3,0.0,2.219,2.219,0.555,4.18,2.319
2026-05-05 21:30:00,summer,21.5,0.25,0.405,0.0,0.0,31.3,1.61,0.0,2.103,2.103,0.526,4.18,2.198
2026-05-05 21:45:00,summer,21.75,0.25,0.405,0.0,0.0,30.9,2.24,0.0,1.959,1.959,0.49,4.18,2.047
2026-05-05 22:00:00,summer,22.0,0.25,0.405,0.0,0.0,29.7,2.01,0.0,1.832,1.832,0.458,2.6,1.191
2026-05-05 22:15:00,summer,22.25,0.25,0.405,0.0,0.0,29.8,1.25,0.0,1.708,1.708,0.427,2.6,1.11
2026-05-05 22:30:00,summer,22.5,0.25,0.405,0.0,0.0,29.6,1.27,0.0,1.547,1.547,0.387,2.6,1.006
2026-05-05 22:45:00,summer,22.75,0.25,0.405,0.0,0.0,29.1,2.5,0.0,1.406,1.406,0.351,2.6,0.914
2026-05-05 23:00:00,summer,23.0,0.25,0.405,0.0,0.0,28.3,0.84,0.0,1.262,1.262,0.316,2.6,0.82
2026-05-05 23:15:00,summer,23.25,0.25,0.405,0.0,0.0,28.5,1.95,0.0,1.125,1.125,0.281,2.6,0.731
2026-05-05 23:30:00,summer,23.5,0.25,0.405,0.0,0.0,28.2,1.92,0.0,1.028,1.028,0.257,2.6,0.668
2026-05-05 23:45:00,summer,23.75,0.25,0.405,0.0,0.0,28.0,2.85,0.0,0.943,0.943,0.236,2.6,0.613
2026-05-06 00:00:00,summer,0.0,0.25,0.405,0.0,0.0,27.1,0.92,0.0,0.745,0.745,0.186,2.6,0.484
2026-05-06 00:15:00,summer,0.25,0.25,0.405,0.0,0.0,27.1,1.32,0.0,0.597,0.597,0.149,2.6,0.388
2026-05-06 00:30:00,summer,0.5,0.25,0.405,0.0,0.0,27.3,1.63,0.0,0.505,0.505,0.126,2.6,0.328
2026-05-06 00:45:00,summer,0.75,0.25,0.405,0.0,0.0,26.8,1.78,0.0,0.416,0.416,0.104,2.6,0.27
2026-05-06 01:00:00,summer,1.0,0.25,0.405,0.0,0.0,26.7,2.45,0.0,0.35,0.35,0.087,2.6,0.227
2026-05-06 01:15:00,summer,1.25,0.25,0.405,0.0,0.0,26.7,0.65,0.0,0.3,0.3,0.075,2.6,0.195
2026-05-06 01:30:00,summer,1.5,0.25,0.405,0.0,0.0,26.1,2.73,0.0,0.287,0.287,0.072,2.6,0.187
2026-05-06 01:45:00,summer,1.75,0.25,0.405,0.0,0.0,26.2,2.04,0.0,0.253,0.253,0.063,2.6,0.164
2026-05-06 02:00:00,summer,2.0,0.25,0.405,0.0,0.0,25.9,2.11,0.0,0.242,0.242,0.06,2.6,0.157
2026-05-06 02:15:00,summer,2.25,0.25,0.405,0.0,0.0,26.0,2.15,0.0,0.229,0.229,0.057,2.6,0.149
2026-05-06 02:30:00,summer,2.5,0.25,0.405,0.0,0.0,26.0,1.67,0.0,0.23,0.23,0.058,2.6,0.15
2026-05-06 02:45:00,summer,2.75,0.25,0.405,0.0,0.0,26.0,0.58,0.0,0.221,0.221,0.055,2.6,0.144
2026-05-06 03:00:00,summer,3.0,0.25,0.405,0.0,0.0,26.3,1.81,0.0,0.234,0.234,0.059,2.6,0.152
2026-05-06 03:15:00,summer,3.25,0.25,0.405,0.0,0.0,26.3,1.72,0.0,0.224,0.224,0.056,2.6,0.146
2026-05-06 03:30:00,summer,3.5,0.25,0.405,0.0,0.0,25.8,2.18,0.0,0.207,0.207,0.052,2.6,0.135
2026-05-06 03:45:00,summer,3.75,0.25,0.405,0.0,0.0,26.7,1.59,0.0,0.235,0.235,0.059,2.6,0.153
2026-05-06 04:00:00,summer,4.0,0.25,0.405,0.0,0.0,26.9,1.51,0.0,0.277,0.277,0.069,2.6,0.18
2026-05-06 04:15:00,summer,4.25,0.25,0.405,0.0,0.0,27.5,2.1,0.0,0.322,0.322,0.081,2.6,0.209
2026-05-06 04:30:00,summer,4.5,0.25,0.405,0.0,0.0,26.9,1.4,0.0,0.356,0.356,0.089,2.6,0.231
2026-05-06 04:45:00,summer,4.75,0.25,0.405,0.0,0.0,27.7,2.06,0.0,0.404,0.404,0.101,2.6,0.263
2026-05-06 05:00:00,summer,5.0,0.25,0.405,0.0,0.0,27.4,1.51,0.0,0.442,0.442,0.111,2.6,0.287
2026-05-06 05:15:00,summer,5.25,0.25,0.405,0.0,0.0,27.7,1.86,0.0,0.525,0.525,0.131,2.6,0.341
2026-05-06 05:30:00,summer,5.5,0.25,0.405,0.0,0.0,28.2,1.28,0.0,0.617,0.617,0.154,2.6,0.401
2026-05-06 05:45:00,summer,5.75,0.25,0.405,0.0,0.0,28.4,2.13,0.0,0.709,0.709,0.177,2.6,0.461
2026-05-06 06:00:00,summer,6.0,0.25,0.362,0.0084,0.6,28.5,1.88,0.0,0.812,0.812,0.203,2.6,0.528
2026-05-06 06:15:00,summer,6.25,0.25,0.447,0.0694,17.9,28.6,2.72,0.088,0.924,0.836,0.209,2.6,0.543
2026-05-06 06:30:00,summer,6.5,0.25,0.435,0.1303,53.8,30.0,1.38,0.262,1.037,0.775,0.194,2.6,0.504
2026-05-06 06:45:00,summer,6.75,0.25,0.428,0.191,95.2,30.1,2.99,0.462,1.123,0.661,0.165,2.6,0.43
2026-05-06 07:00:00,summer,7.0,0.25,0.411,0.2512,140.2,30.7,2.0,0.675,1.234,0.559,0.14,2.6,0.363
2026-05-06 07:15:00,summer,7.25,0.25,0.336,0.3106,200.9,31.3,1.79,0.958,1.329,0.371,0.093,2.6,0.241
2026-05-06 07:30:00,summer,7.5,0.25,0.353,0.3689,242.3,31.8,1.72,1.147,1.43,0.283,0.071,2.6,0.184
2026-05-06 07:45:00,summer,7.75,0.25,0.323,0.4259,297.4,32.7,1.64,1.392,1.509,0.117,0.029,2.6,0.076
2026-05-06 08:00:00,summer,8.0,0.25,0.195,0.4814,394.1,33.5,1.42,1.814,1.576,0.0,0.0,2.6,0.0
2026-05-06 08:15:00,summer,8.25,0.25,0.123,0.5351,477.1,33.9,1.41,2.169,1.6,0.0,0.0,2.6,0.0
2026-05-06 08:30:00,summer,8.5,0.25,0.13,0.5869,526.6,34.7,1.92,2.386,1.623,0.0,0.0,2.6,0.0
2026-05-06 08:45:00,summer,8.75,0.25,0.091,0.6364,598.1,35.2,1.12,2.649,1.627,0.0,0.0,2.6,0.0
2026-05-06 09:00:00,summer,9.0,0.25,0.15,0.6834,613.0,35.4,1.61,2.729,1.587,0.0,0.0,4.18,0.0
2026-05-06 09:15:00,summer,9.25,0.25,0.134,0.7278,667.0,36.6,1.5,2.928,1.543,0.0,0.0,4.18,0.0
2026-05-06 09:30:00,summer,9.5,0.25,0.172,0.7694,683.2,37.0,2.12,3.016,1.512,0.0,0.0,4.18,0.0
2026-05-06 09:45:00,summer,9.75,0.25,0.257,0.808,657.1,36.6,1.74,2.899,1.448,0.0,0.0,4.18,0.0
2026-05-06 10:00:00,summer,10.0,0.25,0.195,0.8433,737.1,37.8,1.33,3.178,1.355,0.0,0.0,4.18,0.0
2026-05-06 10:15:00,summer,10.25,0.25,0.372,0.8754,619.7,37.8,2.61,2.761,1.269,0.0,0.0,4.18,0.0
2026-05-06 10:30:00,summer,10.5,0.25,0.347,0.904,663.7,38.1,1.52,2.896,1.155,0.0,0.0,4.18,0.0
2026-05-06 10:45:00,summer,10.75,0.25,0.331,0.929,697.4,39.1,2.01,3.04,1.048,0.0,0.0,4.18,0.0
2026-05-06 11:00:00,summer,11.0,0.25,0.304,0.9504,739.3,39.5,1.19,3.152,0.953,0.0,0.0,4.18,0.0
2026-05-06 11:15:00,summer,11.25,0.25,0.267,0.9679,788.3,39.7,2.02,3.39,0.851,0.0,0.0,4.18,0.0
2026-05-06 11:30:00,summer,11.5,0.25,0.272,0.9816,795.4,40.2,0.72,3.312,0.783,0.0,0.0,4.18,0.0
2026-05-06 11:45:00,summer,11.75,0.25,0.151,0.9914,918.6,40.5,1.31,3.812,0.702,0.0,0.0,4.18,0.0
2026-05-06 12:00:00,summer,12.0,0.25,0.149,0.9972,926.0,41.8,1.83,3.862,0.634,0.0,0.0,4.18,0.0
2026-05-06 12:15:00,summer,12.25,0.25,0.111,0.999,963.2,42.0,2.06,4.015,0.579,0.0,0.0,4.18,0.0
2026-05-06 12:30:00,summer,12.5,0.25,0.14,0.9968,933.9,41.9,1.88,3.893,0.523,0.0,0.0,4.18,0.0
2026-05-06 12:45:00,summer,12.75,0.25,0.216,0.9907,856.5,41.7,1.53,3.583,0.457,0.0,0.0,4.18,0.0
2026-05-06 13:00:00,summer,13.0,0.25,0.214,0.9806,849.4,41.9,1.5,3.551,0.435,0.0,0.0,4.18,0.0
2026-05-06 13:15:00,summer,13.25,0.25,0.214,0.9666,836.1,41.9,1.83,3.525,0.427,0.0,0.0,4.18,0.0
2026-05-06 13:30:00,summer,13.5,0.25,0.333,0.9487,711.2,41.9,0.77,2.982,0.424,0.0,0.0,4.18,0.0
2026-05-06 13:45:00,summer,13.75,0.25,0.349,0.927,680.0,41.7,2.2,2.942,0.417,0.0,0.0,4.18,0.0
2026-05-06 14:00:00,summer,14.0,0.25,0.233,0.9017,760.0,41.9,2.37,3.263,0.433,0.0,0.0,4.18,0.0
2026-05-06 14:15:00,summer,14.25,0.25,0.286,0.8728,690.5,42.5,1.98,2.964,0.456,0.0,0.0,4.18,0.0
2026-05-06 14:30:00,summer,14.5,0.25,0.254,0.8404,688.0,42.4,1.6,2.937,0.51,0.0,0.0,4.18,0.0
2026-05-06 14:45:00,summer,14.75,0.25,0.274,0.8047,641.8,42.0,1.31,2.748,0.568,0.0,0.0,4.18,0.0
2026-05-06 15:00:00,summer,15.0,0.25,0.2,0.7659,660.4,42.0,1.81,2.844,0.642,0.0,0.0,4.18,0.0
2026-05-06 15:15:00,summer,15.25,0.25,0.217,0.7241,609.8,41.7,1.9,2.65,0.724,0.0,0.0,4.18,0.0
2026-05-06 15:30:00,summer,15.5,0.25,0.143,0.6794,613.1,41.1,1.57,2.658,0.814,0.0,0.0,4.18,0.0
2026-05-06 15:45:00,summer,15.75,0.25,0.144,0.6322,565.1,41.3,2.4,2.487,0.922,0.0,0.0,4.18,0.0
2026-05-06 16:00:00,summer,16.0,0.25,0.135,0.5825,519.3,40.6,1.83,2.291,1.055,0.0,0.0,4.18,0.0
2026-05-06 16:15:00,summer,16.25,0.25,0.122,0.5306,472.6,40.8,2.36,2.105,1.178,0.0,0.0,4.18,0.0
2026-05-06 16:30:00,summer,16.5,0.25,0.096,0.4767,427.1,40.4,2.5,1.917,1.321,0.0,0.0,4.18,0.0
2026-05-06 16:45:00,summer,16.75,0.25,0.026,0.4211,390.4,40.0,1.84,1.754,1.465,0.0,0.0,4.18,0.0
2026-05-06 17:00:00,summer,17.0,0.25,0.11,0.3639,305.1,39.5,1.58,1.385,1.617,0.232,0.058,4.18,0.242
2026-05-06 17:15:00,summer,17.25,0.25,0.213,0.3055,224.0,39.3,1.11,1.025,1.781,0.756,0.189,4.18,0.79
2026-05-06 17:30:00,summer,17.5,0.25,0.243,0.246,164.6,38.4,0.1,0.758,1.903,1.145,0.286,4.18,1.197
2026-05-06 17:45:00,summer,17.75,0.25,0.329,0.1858,102.9,38.0,2.04,0.482,2.052,1.57,0.393,4.18,1.641
2026-05-06 18:00:00,summer,18.0,0.25,0.336,0.1251,56.2,37.3,2.6,0.266,2.167,1.901,0.475,4.18,1.987
2026-05-06 18:15:00,summer,18.25,0.25,0.33,0.0641,17.3,36.8,1.31,0.082,2.307,2.225,0.556,4.18,2.325
2026-05-06 18:30:00,summer,18.5,0.25,0.34,0.0031,0.3,36.4,2.07,0.0,2.432,2.432,0.608,4.18,2.541
2026-05-06 18:45:00,summer,18.75,0.25,0.34,0.0,0.0,35.7,2.34,0.0,2.533,2.533,0.633,4.18,2.647
2026-05-06 19:00:00,summer,19.0,0.25,0.34,0.0,0.0,35.9,1.84,0.0,2.594,2.594,0.648,4.18,2.711
2026-05-06 19:15:00,summer,19.25,0.25,0.34,0.0,0.0,34.7,1.34,0.0,2.632,2.632,0.658,4.18,2.75
2026-05-06 19:30:00,summer,19.5,0.25,0.34,0.0,0.0,35.2,1.86,0.0,2.667,2.667,0.667,4.18,2.787
2026-05-06 19:45:00,summer,19.75,0.25,0.34,0.0,0.0,34.3,1.81,0.0,2.662,2.662,0.665,4.18,2.782
2026-05-06 20:00:00,summer,20.0,0.25,0.34,0.0,0.0,33.9,1.34,0.0,2.654,2.654,0.663,4.18,2.773
2026-05-06 20:15:00,summer,20.25,0.25,0.34,0.0,0.0,33.5,1.52,0.0,2.633,2.633,0.658,4.18,2.751
2026-05-06 20:30:00,summer,20.5,0.25,0.34,0.0,0.0,33.0,1.93,0.0,2.576,2.576,0.644,4.18,2.692
2026-05-06 20:45:00,summer,20.75,0.25,0.34,0.0,0.0,32.6,1.73,0.0,2.467,2.467,0.617,4.18,2.578
2026-05-06 21:00:00,summer,21.0,0.25,0.34,0.0,0.0,32.7,1.32,0.0,2.345,2.345,0.586,4.18,2.451
2026-05-06 21:15:00,summer,21.25,0.25,0.34,0.0,0.0,31.3,1.23,0.0,2.22,2.22,0.555,4.18,2.32
2026-05-06 21:30:00,summer,21.5,0.25,0.34,0.0,0.0,30.8,2.54,0.0,2.101,2.101,0.525,4.18,2.196
2026-05-06 21:45:00,summer,21.75,0.25,0.34,0.0,0.0,30.5,2.08,0.0,1.951,1.951,0.488,4.18,2.039
2026-05-06 22:00:00,summer,22.0,0.25,0.34,0.0,0.0,30.2,1.46,0.0,1.838,1.838,0.46,2.6,1.195
2026-05-06 22:15:00,summer,22.25,0.25,0.34,0.0,0.0,30.1,1.86,0.0,1.698,1.698,0.424,2.6,1.104
2026-05-06 22:30:00,summer,22.5,0.25,0.34,0.0,0.0,29.5,2.52,0.0,1.542,1.542,0.386,2.6,1.002
2026-05-06 22:45:00,summer,22.75,0.25,0.34,0.0,0.0,28.8,1.42,0.0,1.397,1.397,0.349,2.6,0.908
2026-05-06 23:00:00,summer,23.0,0.25,0.34,0.0,0.0,29.1,1.39,0.0,1.254,1.254,0.314,2.6,0.815
2026-05-06 23:15:00,summer,23.25,0.25,0.34,0.0,0.0,27.7,2.14,0.0,1.13,1.13,0.282,2.6,0.734
2026-05-06 23:30:00,summer,23.5,0.25,0.34,0.0,0.0,28.2,1.51,0.0,1.002,1.002,0.251,2.6,0.651
2026-05-06 23:45:00,summer,23.75,0.25,0.34,0.0,0.0,27.9,1.24,0.0,0.863,0.863,0.216,2.6,0.561
2026-05-07 00:00:00,summer,0.0,0.25,0.34,0.0,0.0,27.3,2.03,0.0,0.684,0.684,0.171,2.6,0.445
2026-05-07 00:15:00,summer,0.25,0.25,0.34,0.0,0.0,26.9,1.34,0.0,0.558,0.558,0.14,2.6,0.363
2026-05-07 00:30:00,summer,0.5,0.25,0.34,0.0,0.0,26.9,1.72,0.0,0.456,0.456,0.114,2.6,0.296
2026-05-07 00:45:00,summer,0.75,0.25,0.34,0.0,0.0,27.1,2.13,0.0,0.38,0.38,0.095,2.6,0.247
2026-05-07 01:00:00,summer,1.0,0.25,0.34,0.0,0.0,26.4,2.0,0.0,0.332,0.332,0.083,2.6,0.216
2026-05-07 01:15:00,summer,1.25,0.25,0.34,0.0,0.0,26.2,3.05,0.0,0.296,0.296,0.074,2.6,0.192
2026-05-07 01:30:00,summer,1.5,0.25,0.34,0.0,0.0,26.2,1.17,0.0,0.264,0.264,0.066,2.6,0.172
2026-05-07 01:45:00,summer,1.75,0.25,0.34,0.0,0.0,26.5,2.2,0.0,0.245,0.245,0.061,2.6,0.159
2026-05-07 02:00:00,summer,2.0,0.25,0.34,0.0,0.0,26.1,1.76,0.0,0.224,0.224,0.056,2.6,0.146
2026-05-07 02:15:00,summer,2.25,0.25,0.34,0.0,0.0,25.7,2.01,0.0,0.235,0.235,0.059,2.6,0.153
2026-05-07 02:30:00,summer,2.5,0.25,0.34,0.0,0.0,26.2,2.16,0.0,0.237,0.237,0.059,2.6,0.154
2026-05-07 02:45:00,summer,2.75,0.25,0.34,0.0,0.0,26.0,2.01,0.0,0.233,0.233,0.058,2.6,0.151
2026-05-07 03:00:00,summer,3.0,0.25,0.34,0.0,0.0,25.8,1.54,0.0,0.226,0.226,0.057,2.6,0.147
2026-05-07 03:15:00,summer,3.25,0.25,0.34,0.0,0.0,25.6,1.26,0.0,0.236,0.236,0.059,2.6,0.153
2026-05-07 03:30:00,summer,3.5,0.25,0.34,0.0,0.0,26.2,1.5,0.0,0.251,0.251,0.063,2.6,0.163
2026-05-07 03:45:00,summer,3.75,0.25,0.34,0.0,0.0,25.8,1.81,0.0,0.245,0.245,0.061,2.6,0.159
2026-05-07 04:00:00,summer,4.0,0.25,0.34,0.0,0.0,26.5,2.09,0.0,0.262,0.262,0.066,2.6,0.17
2026-05-07 04:15:00,summer,4.25,0.25,0.34,0.0,0.0,26.5,2.5,0.0,0.287,0.287,0.072,2.6,0.187
2026-05-07 04:30:00,summer,4.5,0.25,0.34,0.0,0.0,26.9,1.43,0.0,0.323,0.323,0.081,2.6,0.21
2026-05-07 04:45:00,summer,4.75,0.25,0.34,0.0,0.0,26.8,1.19,0.0,0.382,0.382,0.096,2.6,0.248
2026-05-07 05:00:00,summer,5.0,0.25,0.34,0.0,0.0,27.5,2.19,0.0,0.451,0.451,0.113,2.6,0.293
2026-05-07 05:15:00,summer,5.25,0.25,0.34,0.0,0.0,27.4,1.08,0.0,0.517,0.517,0.129,2.6,0.336
2026-05-07 05:30:00,summer,5.5,0.25,0.34,0.0,0.0,28.1,2.07,0.0,0.603,0.603,0.151,2.6,0.392
2026-05-07 05:45:00,summer,5.75,0.25,0.34,0.0,0.0,28.3,2.15,0.0,0.705,0.705,0.176,2.6,0.458
2026-05-07 06:00:00,summer,6.0,0.25,0.296,0.0099,0.7,28.7,1.6,0.0,0.79,0.79,0.198,2.6,0.514
2026-05-07 06:15:00,summer,6.25,0.25,0.23,0.0708,22.5,29.3,1.55,0.11,0.913,0.803,0.201,2.6,0.522
2026-05-07 06:30:00,summer,6.5,0.25,0.218,0.1317,67.7,29.5,1.53,0.33,1.025,0.695,0.174,2.6,0.452
2026-05-07 06:45:00,summer,6.75,0.25,0.224,0.1923,119.5,30.1,1.66,0.577,1.121,0.544,0.136,2.6,0.354
2026-05-07 07:00:00,summer,7.0,0.25,0.221,0.2524,173.8,31.1,2.55,0.834,1.235,0.401,0.1,2.6,0.261
2026-05-07 07:15:00,summer,7.25,0.25,0.222,0.3117,227.6,30.9,2.68,1.087,1.347,0.26,0.065,2.6,0.169
2026-05-07 07:30:00,summer,7.5,0.25,0.241,0.3699,275.9,31.9,1.8,1.301,1.454,0.153,0.038,2.6,0.099
2026-05-07 07:45:00,summer,7.75,0.25,0.187,0.4268,344.9,32.8,1.02,1.596,1.542,0.0,0.0,2.6,0.0
2026-05-07 08:00:00,summer,8.0,0.25,0.145,0.4822,414.3,33.7,1.13,1.895,1.594,0.0,0.0,2.6,0.0
2026-05-07 08:15:00,summer,8.25,0.25,0.199,0.5359,444.0,33.7,2.41,2.048,1.651,0.0,0.0,2.6,0.0
2026-05-07 08:30:00,summer,8.5,0.25,0.216,0.5875,484.2,34.7,2.42,2.214,1.675,0.0,0.0,2.6,0.0
2026-05-07 08:45:00,summer,8.75,0.25,0.311,0.6369,475.5,35.1,1.83,2.161,1.67,0.0,0.0,2.6,0.0
2026-05-07 09:00:00,summer,9.0,0.25,0.128,0.6839,626.2,36.1,1.94,2.787,1.637,0.0,0.0,4.18,0.0
2026-05-07 09:15:00,summer,9.25,0.25,0.09,0.7282,696.1,36.8,2.06,3.069,1.597,0.0,0.0,4.18,0.0
2026-05-07 09:30:00,summer,9.5,0.25,0.244,0.7697,632.8,36.4,1.52,2.794,1.526,0.0,0.0,4.18,0.0
2026-05-07 09:45:00,summer,9.75,0.25,0.233,0.8082,675.5,37.2,0.53,2.894,1.424,0.0,0.0,4.18,0.0
2026-05-07 10:00:00,summer,10.0,0.25,0.225,0.8435,713.7,37.6,1.96,3.124,1.35,0.0,0.0,4.18,0.0
2026-05-07 10:15:00,summer,10.25,0.25,0.225,0.8755,743.0,38.4,2.46,3.252,1.23,0.0,0.0,4.18,0.0
2026-05-07 10:30:00,summer,10.5,0.25,0.305,0.9041,700.4,39.1,1.8,3.042,1.171,0.0,0.0,4.18,0.0
2026-05-07 10:45:00,summer,10.75,0.25,0.251,0.929,769.0,39.0,1.28,3.28,1.064,0.0,0.0,4.18,0.0
2026-05-07 11:00:00,summer,11.0,0.25,0.198,0.9503,835.7,39.6,1.39,3.53,0.968,0.0,0.0,4.18,0.0
2026-05-07 11:15:00,summer,11.25,0.25,0.345,0.9678,715.1,39.9,1.67,3.082,0.893,0.0,0.0,4.18,0.0
2026-05-07 11:30:00,summer,11.5,0.25,0.365,0.9815,706.5,40.5,2.7,3.084,0.795,0.0,0.0,4.18,0.0
2026-05-07 11:45:00,summer,11.75,0.25,0.328,0.9912,750.0,40.7,1.28,3.182,0.703,0.0,0.0,4.18,0.0
2026-05-07 12:00:00,summer,12.0,0.25,0.346,0.997,736.7,40.6,1.35,3.137,0.644,0.0,0.0,4.18,0.0
2026-05-07 12:15:00,summer,12.25,0.25,0.314,0.9988,769.8,40.7,1.5,3.272,0.57,0.0,0.0,4.18,0.0
2026-05-07 12:30:00,summer,12.5,0.25,0.295,0.9966,786.7,41.4,2.02,3.357,0.501,0.0,0.0,4.18,0.0
2026-05-07 12:45:00,summer,12.75,0.25,0.245,0.9904,828.8,41.5,2.23,3.529,0.471,0.0,0.0,4.18,0.0
2026-05-07 13:00:00,summer,13.0,0.25,0.299,0.9803,769.3,41.8,1.62,3.26,0.457,0.0,0.0,4.18,0.0
2026-05-07 13:15:00,summer,13.25,0.25,0.225,0.9663,825.6,42.2,2.23,3.506,0.429,0.0,0.0,4.18,0.0
2026-05-07 13:30:00,summer,13.5,0.25,0.202,0.9484,830.3,42.4,2.19,3.518,0.448,0.0,0.0,4.18,0.0
2026-05-07 13:45:00,summer,13.75,0.25,0.077,0.9268,918.0,42.7,2.06,3.834,0.438,0.0,0.0,4.18,0.0
2026-05-07 14:00:00,summer,14.0,0.25,0.044,0.9015,917.8,42.6,1.36,3.775,0.452,0.0,0.0,4.18,0.0
2026-05-07 14:15:00,summer,14.25,0.25,0.099,0.8726,842.1,42.8,1.53,3.511,0.48,0.0,0.0,4.18,0.0
2026-05-07 14:30:00,summer,14.5,0.25,0.048,0.8402,846.9,42.6,1.88,3.557,0.544,0.0,0.0,4.18,0.0
2026-05-07 14:45:00,summer,14.75,0.25,0.169,0.8046,719.4,42.1,1.37,3.05,0.588,0.0,0.0,4.18,0.0
2026-05-07 15:00:00,summer,15.0,0.25,0.167,0.7658,682.8,42.0,2.09,2.945,0.672,0.0,0.0,4.18,0.0
2026-05-07 15:15:00,summer,15.25,0.25,0.124,0.724,670.1,41.8,1.58,2.875,0.773,0.0,0.0,4.18,0.0
2026-05-07 15:30:00,summer,15.5,0.25,0.221,0.6794,566.0,41.4,1.66,2.468,0.879,0.0,0.0,4.18,0.0
2026-05-07 15:45:00,summer,15.75,0.25,0.293,0.6322,482.0,40.6,1.56,2.129,0.962,0.0,0.0,4.18,0.0
2026-05-07 16:00:00,summer,16.0,0.25,0.283,0.5826,445.2,41.0,1.9,1.979,1.082,0.0,0.0,4.18,0.0
2026-05-07 16:15:00,summer,16.25,0.25,0.266,0.5308,409.1,40.4,2.11,1.835,1.225,0.0,0.0,4.18,0.0
2026-05-07 16:30:00,summer,16.5,0.25,0.277,0.4769,357.4,39.9,1.6,1.61,1.353,0.0,0.0,4.18,0.0
2026-05-07 16:45:00,summer,16.75,0.25,0.281,0.4214,308.4,39.7,1.66,1.399,1.492,0.093,0.023,4.18,0.097
2026-05-07 17:00:00,summer,17.0,0.25,0.275,0.3643,261.3,39.4,1.88,1.195,1.638,0.443,0.111,4.18,0.463
2026-05-07 17:15:00,summer,17.25,0.25,0.263,0.3059,213.5,38.8,2.08,0.985,1.782,0.797,0.199,4.18,0.833
2026-05-07 17:30:00,summer,17.5,0.25,0.366,0.2466,144.8,38.8,1.39,0.672,1.94,1.268,0.317,4.18,1.325
2026-05-07 17:45:00,summer,17.75,0.25,0.426,0.1864,92.3,37.8,1.64,0.433,2.102,1.669,0.417,4.18,1.744
2026-05-07 18:00:00,summer,18.0,0.25,0.376,0.1258,54.5,37.5,1.39,0.257,2.24,1.983,0.496,4.18,2.072
2026-05-07 18:15:00,summer,18.25,0.25,0.315,0.0649,17.9,37.0,1.52,0.085,2.349,2.264,0.566,4.18,2.366
2026-05-07 18:30:00,summer,18.5,0.25,0.323,0.004,0.4,36.5,1.99,0.0,2.441,2.441,0.61,4.18,2.551
2026-05-07 18:45:00,summer,18.75,0.25,0.323,0.0,0.0,36.3,1.7,0.0,2.533,2.533,0.633,4.18,2.647
2026-05-07 19:00:00,summer,19.0,0.25,0.323,0.0,0.0,35.6,2.06,0.0,2.59,2.59,0.647,4.18,2.707
2026-05-07 19:15:00,summer,19.25,0.25,0.323,0.0,0.0,35.3,1.99,0.0,2.63,2.63,0.657,4.18,2.748
2026-05-07 19:30:00,summer,19.5,0.25,0.323,0.0,0.0,34.7,1.72,0.0,2.644,2.644,0.661,4.18,2.763
2026-05-07 19:45:00,summer,19.75,0.25,0.323,0.0,0.0,34.4,2.08,0.0,2.657,2.657,0.664,4.18,2.777
2026-05-07 20:00:00,summer,20.0,0.25,0.323,0.0,0.0,33.9,2.08,0.0,2.637,2.637,0.659,4.18,2.756
2026-05-07 20:15:00,summer,20.25,0.25,0.323,0.0,0.0,33.4,2.39,0.0,2.604,2.604,0.651,4.18,2.721
2026-05-07 20:30:00,summer,20.5,0.25,0.323,0.0,0.0,32.7,2.31,0.0,2.552,2.552,0.638,4.18,2.667
2026-05-07 20:45:00,summer,20.75,0.25,0.323,0.0,0.0,32.5,1.85,0.0,2.476,2.476,0.619,4.18,2.587
2026-05-07 21:00:00,summer,21.0,0.25,0.323,0.0,0.0,32.0,2.29,0.0,2.375,2.375,0.594,4.18,2.482
2026-05-07 21:15:00,summer,21.25,0.25,0.323,0.0,0.0,31.3,2.48,0.0,2.261,2.261,0.565,4.18,2.363
2026-05-07 21:30:00,summer,21.5,0.25,0.323,0.0,0.0,31.2,2.34,0.0,2.134,2.134,0.533,4.18,2.23
2026-05-07 21:45:00,summer,21.75,0.25,0.323,0.0,0.0,30.6,3.25,0.0,1.982,1.982,0.495,4.18,2.071
2026-05-07 22:00:00,summer,22.0,0.25,0.323,0.0,0.0,30.4,1.66,0.0,1.835,1.835,0.459,2.6,1.193
2026-05-07 22:15:00,summer,22.25,0.25,0.323,0.0,0.0,29.7,2.21,0.0,1.689,1.689,0.422,2.6,1.098
2026-05-07 22:30:00,summer,22.5,0.25,0.323,0.0,0.0,29.4,2.91,0.0,1.533,1.533,0.383,2.6,0.996
2026-05-07 22:45:00,summer,22.75,0.25,0.323,0.0,0.0,29.1,1.28,0.0,1.405,1.405,0.351,2.6,0.913
2026-05-07 23:00:00,summer,23.0,0.25,0.323,0.0,0.0,28.4,2.61,0.0,1.292,1.292,0.323,2.6,0.84
2026-05-07 23:15:00,summer,23.25,0.25,0.323,0.0,0.0,28.5,2.07,0.0,1.162,1.162,0.29,2.6,0.755
2026-05-07 23:30:00,summer,23.5,0.25,0.323,0.0,0.0,27.9,1.65,0.0,1.05,1.05,0.263,2.6,0.683
2026-05-07 23:45:00,summer,23.75,0.25,0.323,0.0,0.0,28.1,2.07,0.0,0.967,0.967,0.242,2.6,0.629
2026-05-08 00:00:00,summer,0.0,0.25,0.323,0.0,0.0,27.8,2.35,0.0,0.763,0.763,0.191,2.6,0.496
2026-05-08 00:15:00,summer,0.25,0.25,0.323,0.0,0.0,26.8,2.03,0.0,0.61,0.61,0.152,2.6,0.397
2026-05-08 00:30:00,summer,0.5,0.25,0.323,0.0,0.0,26.9,1.62,0.0,0.506,0.506,0.127,2.6,0.329
2026-05-08 00:45:00,summer,0.75,0.25,0.323,0.0,0.0,26.5,1.33,0.0,0.42,0.42,0.105,2.6,0.273
2026-05-08 01:00:00,summer,1.0,0.25,0.323,0.0,0.0,26.3,2.56,0.0,0.353,0.353,0.088,2.6,0.229
2026-05-08 01:15:00,summer,1.25,0.25,0.323,0.0,0.0,26.2,2.71,0.0,0.302,0.302,0.075,2.6,0.196
2026-05-08 01:30:00,summer,1.5,0.25,0.323,0.0,0.0,26.3,2.53,0.0,0.264,0.264,0.066,2.6,0.172
2026-05-08 01:45:00,summer,1.75,0.25,0.323,0.0,0.0,26.0,2.27,0.0,0.236,0.236,0.059,2.6,0.153
2026-05-08 02:00:00,summer,2.0,0.25,0.323,0.0,0.0,25.7,2.17,0.0,0.227,0.227,0.057,2.6,0.148
2026-05-08 02:15:00,summer,2.25,0.25,0.323,0.0,0.0,25.7,1.53,0.0,0.236,0.236,0.059,2.6,0.153
2026-05-08 02:30:00,summer,2.5,0.25,0.323,0.0,0.0,26.0,2.34,0.0,0.225,0.225,0.056,2.6,0.146
2026-05-08 02:45:00,summer,2.75,0.25,0.323,0.0,0.0,26.4,2.25,0.0,0.228,0.228,0.057,2.6,0.148
2026-05-08 03:00:00,summer,3.0,0.25,0.323,0.0,0.0,26.3,2.27,0.0,0.231,0.231,0.058,2.6,0.15
2026-05-08 03:15:00,summer,3.25,0.25,0.323,0.0,0.0,26.1,1.67,0.0,0.226,0.226,0.057,2.6,0.147
2026-05-08 03:30:00,summer,3.5,0.25,0.323,0.0,0.0,26.3,2.2,0.0,0.254,0.254,0.064,2.6,0.165
2026-05-08 03:45:00,summer,3.75,0.25,0.323,0.0,0.0,26.1,2.3,0.0,0.283,0.283,0.071,2.6,0.184
2026-05-08 04:00:00,summer,4.0,0.25,0.323,0.0,0.0,26.6,2.11,0.0,0.301,0.301,0.075,2.6,0.196
2026-05-08 04:15:00,summer,4.25,0.25,0.323,0.0,0.0,26.8,2.15,0.0,0.342,0.342,0.086,2.6,0.222
2026-05-08 04:30:00,summer,4.5,0.25,0.323,0.0,0.0,27.1,2.09,0.0,0.377,0.377,0.094,2.6,0.245
2026-05-08 04:45:00,summer,4.75,0.25,0.323,0.0,0.0,27.3,1.74,0.0,0.425,0.425,0.106,2.6,0.276
2026-05-08 05:00:00,summer,5.0,0.25,0.323,0.0,0.0,27.5,2.58,0.0,0.494,0.494,0.123,2.6,0.321
2026-05-08 05:15:00,summer,5.25,0.25,0.323,0.0,0.0,27.8,0.61,0.0,0.58,0.58,0.145,2.6,0.377
2026-05-08 05:30:00,summer,5.5,0.25,0.323,0.0,0.0,28.1,1.52,0.0,0.67,0.67,0.168,2.6,0.436
2026-05-08 05:45:00,summer,5.75,0.25,0.323,0.0,0.0,28.0,1.74,0.0,0.759,0.759,0.19,2.6,0.493
2026-05-08 06:00:00,summer,6.0,0.25,0.257,0.0114,0.9,28.9,2.62,0.0,0.836,0.836,0.209,2.6,0.543
2026-05-08 06:15:00,summer,6.25,0.25,0.265,0.0722,22.8,29.1,1.97,0.112,0.94,0.828,0.207,2.6,0.538
2026-05-08 06:30:00,summer,6.5,0.25,0.24,0.133,67.6,30.1,2.68,0.329,1.044,0.715,0.179,2.6,0.465
2026-05-08 06:45:00,summer,6.75,0.25,0.265,0.1935,116.1,30.3,1.6,0.561,1.154,0.593,0.148,2.6,0.385
2026-05-08 07:00:00,summer,7.0,0.25,0.284,0.2535,164.4,30.8,1.91,0.789,1.24,0.451,0.113,2.6,0.293
2026-05-08 07:15:00,summer,7.25,0.25,0.257,0.3127,220.8,31.5,1.67,1.049,1.333,0.284,0.071,2.6,0.185
2026-05-08 07:30:00,summer,7.5,0.25,0.209,0.3708,285.6,31.9,2.1,1.347,1.429,0.082,0.021,2.6,0.053
2026-05-08 07:45:00,summer,7.75,0.25,0.232,0.4277,330.7,32.8,1.67,1.542,1.524,0.0,0.0,2.6,0.0
2026-05-08 08:00:00,summer,8.0,0.25,0.098,0.483,433.1,33.5,2.02,1.995,1.577,0.0,0.0,2.6,0.0
2026-05-08 08:15:00,summer,8.25,0.25,0.032,0.5365,517.7,33.9,1.49,2.344,1.612,0.0,0.0,2.6,0.0
2026-05-08 08:30:00,summer,8.5,0.25,0.119,0.5881,533.3,34.3,2.75,2.438,1.646,0.0,0.0,2.6,0.0
2026-05-08 08:45:00,summer,8.75,0.25,0.128,0.6374,579.1,34.9,1.69,2.598,1.656,0.0,0.0,2.6,0.0
2026-05-08 09:00:00,summer,9.0,0.25,0.138,0.6843,621.0,35.5,1.49,2.755,1.64,0.0,0.0,4.18,0.0
2026-05-08 09:15:00,summer,9.25,0.25,0.146,0.7285,660.2,36.4,2.01,2.926,1.601,0.0,0.0,4.18,0.0
2026-05-08 09:30:00,summer,9.5,0.25,0.098,0.77,734.9,37.0,0.71,3.137,1.548,0.0,0.0,4.18,0.0
2026-05-08 09:45:00,summer,9.75,0.25,0.139,0.8084,745.3,37.7,1.16,3.2,1.467,0.0,0.0,4.18,0.0
2026-05-08 10:00:00,summer,10.0,0.25,0.255,0.8437,690.3,37.7,2.17,3.037,1.365,0.0,0.0,4.18,0.0
2026-05-08 10:15:00,summer,10.25,0.25,0.253,0.8756,720.2,38.1,2.24,3.155,1.274,0.0,0.0,4.18,0.0
2026-05-08 10:30:00,summer,10.5,0.25,0.326,0.9041,682.4,38.2,1.82,2.984,1.19,0.0,0.0,4.18,0.0
2026-05-08 10:45:00,summer,10.75,0.25,0.233,0.929,784.7,39.2,1.28,3.336,1.072,0.0,0.0,4.18,0.0
2026-05-08 11:00:00,summer,11.0,0.25,0.195,0.9502,838.3,40.1,1.15,3.511,0.953,0.0,0.0,4.18,0.0
2026-05-08 11:15:00,summer,11.25,0.25,0.098,0.9677,943.1,40.3,1.73,3.945,0.86,0.0,0.0,4.18,0.0
2026-05-08 11:30:00,summer,11.5,0.25,0.114,0.9813,942.5,40.6,2.65,4.007,0.784,0.0,0.0,4.18,0.0
2026-05-08 11:45:00,summer,11.75,0.25,0.0,0.991,1057.2,41.1,1.61,4.326,0.706,0.0,0.0,4.18,0.0
2026-05-08 12:00:00,summer,12.0,0.25,0.111,0.9967,961.4,41.1,1.8,4.002,0.643,0.0,0.0,4.18,0.0
2026-05-08 12:15:00,summer,12.25,0.25,0.082,0.9985,990.1,41.9,2.42,4.144,0.561,0.0,0.0,4.18,0.0
2026-05-08 12:30:00,summer,12.5,0.25,0.061,0.9963,1007.5,42.4,1.44,4.104,0.508,0.0,0.0,4.18,0.0
2026-05-08 12:45:00,summer,12.75,0.25,0.007,0.9901,1049.6,42.4,2.16,4.329,0.464,0.0,0.0,4.18,0.0
2026-05-08 13:00:00,summer,13.0,0.25,0.062,0.98,988.2,42.4,2.48,4.132,0.453,0.0,0.0,4.18,0.0
2026-05-08 13:15:00,summer,13.25,0.25,0.016,0.966,1014.4,42.5,1.4,4.122,0.449,0.0,0.0,4.18,0.0
2026-05-08 13:30:00,summer,13.5,0.25,0.014,0.9481,995.0,42.7,1.77,4.09,0.456,0.0,0.0,4.18,0.0
2026-05-08 13:45:00,summer,13.75,0.25,0.014,0.9265,970.8,42.6,1.99,4.025,0.464,0.0,0.0,4.18,0.0
2026-05-08 14:00:00,summer,14.0,0.25,0.0,0.9012,953.2,43.0,1.54,3.911,0.491,0.0,0.0,4.18,0.0
2026-05-08 14:15:00,summer,14.25,0.25,0.095,0.8724,844.7,42.7,2.08,3.561,0.49,0.0,0.0,4.18,0.0
2026-05-08 14:30:00,summer,14.5,0.25,0.0,0.8401,882.3,42.7,1.56,3.663,0.531,0.0,0.0,4.18,0.0
2026-05-08 14:45:00,summer,14.75,0.25,0.0,0.8045,841.1,42.6,1.73,3.526,0.608,0.0,0.0,4.18,0.0
2026-05-08 15:00:00,summer,15.0,0.25,0.012,0.7657,788.5,41.8,1.74,3.341,0.697,0.0,0.0,4.18,0.0
2026-05-08 15:15:00,summer,15.25,0.25,0.049,0.724,717.3,42.1,1.06,3.022,0.768,0.0,0.0,4.18,0.0
2026-05-08 15:30:00,summer,15.5,0.25,0.047,0.6794,669.4,41.5,1.55,2.875,0.861,0.0,0.0,4.18,0.0
2026-05-08 15:45:00,summer,15.75,0.25,0.0,0.6323,641.8,41.3,1.88,2.782,0.965,0.0,0.0,4.18,0.0
2026-05-08 16:00:00,summer,16.0,0.25,0.085,0.5827,544.1,41.0,1.64,2.383,1.086,0.0,0.0,4.18,0.0
2026-05-08 16:15:00,summer,16.25,0.25,0.132,0.5309,468.8,40.7,2.3,2.089,1.233,0.0,0.0,4.18,0.0
2026-05-08 16:30:00,summer,16.5,0.25,0.135,0.4772,412.9,40.3,2.32,1.855,1.358,0.0,0.0,4.18,0.0
2026-05-08 16:45:00,summer,16.75,0.25,0.165,0.4217,347.2,40.2,1.86,1.567,1.501,0.0,0.0,4.18,0.0
2026-05-08 17:00:00,summer,17.0,0.25,0.156,0.3647,293.9,39.6,1.96,1.339,1.66,0.321,0.08,4.18,0.335
2026-05-08 17:15:00,summer,17.25,0.25,0.107,0.3064,246.6,39.0,1.31,1.128,1.808,0.68,0.17,4.18,0.711
2026-05-08 17:30:00,summer,17.5,0.25,0.055,0.2471,193.0,38.5,1.87,0.893,1.94,1.047,0.262,4.18,1.094
2026-05-08 17:45:00,summer,17.75,0.25,0.061,0.1871,129.7,37.8,2.0,0.607,2.075,1.468,0.367,4.18,1.534
2026-05-08 18:00:00,summer,18.0,0.25,0.0,0.1265,72.5,37.1,1.4,0.342,2.197,1.855,0.464,4.18,1.938
2026-05-08 18:15:00,summer,18.25,0.25,0.0,0.0657,21.6,36.5,1.03,0.103,2.316,2.213,0.553,4.18,2.313
2026-05-08 18:30:00,summer,18.5,0.25,0.0,0.0049,0.4,37.0,2.5,0.0,2.419,2.419,0.605,4.18,2.528
2026-05-08 18:45:00,summer,18.75,0.25,0.0,0.0,0.0,36.5,1.44,0.0,2.499,2.499,0.625,4.18,2.611
2026-05-08 19:00:00,summer,19.0,0.25,0.0,0.0,0.0,35.6,2.2,0.0,2.563,2.563,0.641,4.18,2.678
2026-05-08 19:15:00,summer,19.25,0.25,0.0,0.0,0.0,35.2,1.69,0.0,2.593,2.593,0.648,4.18,2.71
2026-05-08 19:30:00,summer,19.5,0.25,0.0,0.0,0.0,34.9,1.46,0.0,2.62,2.62,0.655,4.18,2.738
2026-05-08 19:45:00,summer,19.75,0.25,0.0,0.0,0.0,34.3,1.03,0.0,2.636,2.636,0.659,4.18,2.755
2026-05-08 20:00:00,summer,20.0,0.25,0.0,0.0,0.0,33.7,1.85,0.0,2.614,2.614,0.653,4.18,2.732
2026-05-08 20:15:00,summer,20.25,0.25,0.0,0.0,0.0,33.7,1.63,0.0,2.58,2.58,0.645,4.18,2.696
2026-05-08 20:30:00,summer,20.5,0.25,0.0,0.0,0.0,33.1,2.52,0.0,2.542,2.542,0.635,4.18,2.656
2026-05-08 20:45:00,summer,20.75,0.25,0.0,0.0,0.0,32.6,1.56,0.0,2.436,2.436,0.609,4.18,2.546
2026-05-08 21:00:00,summer,21.0,0.25,0.0,0.0,0.0,32.1,1.19,0.0,2.336,2.336,0.584,4.18,2.441
2026-05-08 21:15:00,summer,21.25,0.25,0.0,0.0,0.0,31.5,1.77,0.0,2.22,2.22,0.555,4.18,2.32
2026-05-08 21:30:00,summer,21.5,0.25,0.0,0.0,0.0,31.6,1.87,0.0,2.103,2.103,0.526,4.18,2.198
2026-05-08 21:45:00,summer,21.75,0.25,0.0,0.0,0.0,30.8,1.78,0.0,1.967,1.967,0.492,4.18,2.056
2026-05-08 22:00:00,summer,22.0,0.25,0.0,0.0,0.0,30.3,1.81,0.0,1.854,1.854,0.464,2.6,1.205
2026-05-08 22:15:00,summer,22.25,0.25,0.0,0.0,0.0,29.9,1.83,0.0,1.729,1.729,0.432,2.6,1.124
2026-05-08 22:30:00,summer,22.5,0.25,0.0,0.0,0.0,29.6,2.47,0.0,1.575,1.575,0.394,2.6,1.024
2026-05-08 22:45:00,summer,22.75,0.25,0.0,0.0,0.0,29.3,1.1,0.0,1.433,1.433,0.358,2.6,0.931
2026-05-08 23:00:00,summer,23.0,0.25,0.0,0.0,0.0,28.6,1.68,0.0,1.295,1.295,0.324,2.6,0.842
2026-05-08 23:15:00,summer,23.25,0.25,0.0,0.0,0.0,28.0,1.38,0.0,1.16,1.16,0.29,2.6,0.754
2026-05-08 23:30:00,summer,23.5,0.25,0.0,0.0,0.0,28.2,2.19,0.0,1.004,1.004,0.251,2.6,0.653
2026-05-08 23:45:00,summer,23.75,0.25,0.0,0.0,0.0,27.6,2.77,0.0,0.902,0.902,0.226,2.6,0.586
2026-05-09 00:00:00,summer,0.0,0.25,0.0,0.0,0.0,27.5,2.31,0.0,0.714,0.714,0.178,2.6,0.464
2026-05-09 00:15:00,summer,0.25,0.25,0.0,0.0,0.0,27.0,1.88,0.0,0.573,0.573,0.143,2.6,0.372
2026-05-09 00:30:00,summer,0.5,0.25,0.0,0.0,0.0,27.0,1.62,0.0,0.496,0.496,0.124,2.6,0.322
2026-05-09 00:45:00,summer,0.75,0.25,0.0,0.0,0.0,26.7,1.12,0.0,0.415,0.415,0.104,2.6,0.27
2026-05-09 01:00:00,summer,1.0,0.25,0.0,0.0,0.0,27.1,2.51,0.0,0.349,0.349,0.087,2.6,0.227
2026-05-09 01:15:00,summer,1.25,0.25,0.0,0.0,0.0,26.6,1.84,0.0,0.312,0.312,0.078,2.6,0.203
2026-05-09 01:30:00,summer,1.5,0.25,0.0,0.0,0.0,26.9,2.21,0.0,0.292,0.292,0.073,2.6,0.19
2026-05-09 01:45:00,summer,1.75,0.25,0.0,0.0,0.0,26.2,1.62,0.0,0.256,0.256,0.064,2.6,0.166
2026-05-09 02:00:00,summer,2.0,0.25,0.0,0.0,0.0,26.1,1.81,0.0,0.25,0.25,0.062,2.6,0.163
2026-05-09 02:15:00,summer,2.25,0.25,0.0,0.0,0.0,25.7,1.75,0.0,0.225,0.225,0.056,2.6,0.146
2026-05-09 02:30:00,summer,2.5,0.25,0.0,0.0,0.0,26.3,1.87,0.0,0.218,0.218,0.054,2.6,0.142
2026-05-09 02:45:00,summer,2.75,0.25,0.0,0.0,0.0,25.7,2.3,0.0,0.248,0.248,0.062,2.6,0.161
2026-05-09 03:00:00,summer,3.0,0.25,0.0,0.0,0.0,26.1,1.34,0.0,0.234,0.234,0.059,2.6,0.152
2026-05-09 03:15:00,summer,3.25,0.25,0.0,0.0,0.0,26.3,0.99,0.0,0.231,0.231,0.058,2.6,0.15
2026-05-09 03:30:00,summer,3.5,0.25,0.0,0.0,0.0,26.3,1.63,0.0,0.216,0.216,0.054,2.6,0.14
2026-05-09 03:45:00,summer,3.75,0.25,0.0,0.0,0.0,26.5,2.31,0.0,0.235,0.235,0.059,2.6,0.153
2026-05-09 04:00:00,summer,4.0,0.25,0.0,0.0,0.0,26.4,2.14,0.0,0.288,0.288,0.072,2.6,0.187
2026-05-09 04:15:00,summer,4.25,0.25,0.0,0.0,0.0,26.7,2.8,0.0,0.289,0.289,0.072,2.6,0.188
2026-05-09 04:30:00,summer,4.5,0.25,0.0,0.0,0.0,26.8,1.24,0.0,0.33,0.33,0.083,2.6,0.215
2026-05-09 04:45:00,summer,4.75,0.25,0.0,0.0,0.0,27.1,1.54,0.0,0.398,0.398,0.1,2.6,0.259
2026-05-09 05:00:00,summer,5.0,0.25,0.0,0.0,0.0,27.2,2.18,0.0,0.447,0.447,0.112,2.6,0.291
2026-05-09 05:15:00,summer,5.25,0.25,0.0,0.0,0.0,27.8,2.11,0.0,0.542,0.542,0.136,2.6,0.352
2026-05-09 05:30:00,summer,5.5,0.25,0.0,0.0,0.0,28.4,2.2,0.0,0.62,0.62,0.155,2.6,0.403
2026-05-09 05:45:00,summer,5.75,0.25,0.0,0.0,0.0,28.7,1.94,0.0,0.715,0.715,0.179,2.6,0.465
2026-05-09 06:00:00,summer,6.0,0.25,0.005,0.0128,1.1,28.6,1.62,0.0,0.804,0.804,0.201,2.6,0.523
2026-05-09 06:15:00,summer,6.25,0.25,0.031,0.0735,26.6,29.4,1.37,0.13,0.901,0.771,0.193,2.6,0.501
2026-05-09 06:30:00,summer,6.5,0.25,0.164,0.1342,72.7,30.1,2.66,0.354,1.011,0.657,0.164,2.6,0.427
2026-05-09 06:45:00,summer,6.75,0.25,0.089,0.1946,134.9,30.4,2.31,0.651,1.135,0.484,0.121,2.6,0.315
2026-05-09 07:00:00,summer,7.0,0.25,0.037,0.2545,203.6,30.9,1.93,0.972,1.242,0.27,0.068,2.6,0.176
2026-05-09 07:15:00,summer,7.25,0.25,0.057,0.3136,264.1,31.6,1.79,1.248,1.382,0.134,0.033,2.6,0.087
2026-05-09 07:30:00,summer,7.5,0.25,0.116,0.3717,311.6,32.5,1.96,1.461,1.456,0.0,0.0,2.6,0.0
2026-05-09 07:45:00,summer,7.75,0.25,0.095,0.4285,376.8,32.8,1.4,1.743,1.5,0.0,0.0,2.6,0.0
2026-05-09 08:00:00,summer,8.0,0.25,0.234,0.4837,381.0,32.9,1.33,1.76,1.567,0.0,0.0,2.6,0.0
2026-05-09 08:15:00,summer,8.25,0.25,0.361,0.5372,369.7,33.9,2.23,1.715,1.628,0.0,0.0,2.6,0.0
2026-05-09 08:30:00,summer,8.5,0.25,0.331,0.5886,425.1,34.4,2.47,1.959,1.636,0.0,0.0,2.6,0.0
2026-05-09 08:45:00,summer,8.75,0.25,0.32,0.6379,471.3,34.9,1.37,2.134,1.643,0.0,0.0,2.6,0.0
2026-05-09 09:00:00,summer,9.0,0.25,0.292,0.6847,526.5,35.0,0.87,2.348,1.627,0.0,0.0,2.6,0.0
2026-05-09 09:15:00,summer,9.25,0.25,0.244,0.7288,596.5,36.4,1.04,2.625,1.565,0.0,0.0,2.6,0.0
2026-05-09 09:30:00,summer,9.5,0.25,0.244,0.7702,633.4,37.1,1.3,2.777,1.497,0.0,0.0,2.6,0.0
2026-05-09 09:45:00,summer,9.75,0.25,0.315,0.8086,613.7,37.4,1.5,2.703,1.424,0.0,0.0,2.6,0.0
2026-05-09 10:00:00,summer,10.0,0.25,0.317,0.8437,640.5,37.6,2.51,2.847,1.34,0.0,0.0,2.6,0.0
2026-05-09 10:15:00,summer,10.25,0.25,0.243,0.8756,728.3,38.0,1.5,3.152,1.248,0.0,0.0,2.6,0.0
2026-05-09 10:30:00,summer,10.5,0.25,0.256,0.9041,742.7,38.9,2.85,3.259,1.146,0.0,0.0,2.6,0.0
2026-05-09 10:45:00,summer,10.75,0.25,0.312,0.9289,715.0,39.2,1.33,3.073,1.049,0.0,0.0,2.6,0.0
2026-05-09 11:00:00,summer,11.0,0.25,0.284,0.9501,757.6,39.3,1.8,3.264,0.954,0.0,0.0,2.6,0.0
2026-05-09 11:15:00,summer,11.25,0.25,0.305,0.9675,752.5,39.8,2.77,3.283,0.853,0.0,0.0,2.6,0.0
2026-05-09 11:30:00,summer,11.5,0.25,0.315,0.9811,754.8,40.3,2.18,3.258,0.78,0.0,0.0,2.6,0.0
2026-05-09 11:45:00,summer,11.75,0.25,0.189,0.9908,882.2,41.3,2.15,3.731,0.685,0.0,0.0,2.6,0.0
2026-05-09 12:00:00,summer,12.0,0.25,0.251,0.9965,828.5,41.2,1.6,3.493,0.612,0.0,0.0,2.6,0.0
2026-05-09 12:15:00,summer,12.25,0.25,0.321,0.9982,762.7,41.3,1.05,3.204,0.561,0.0,0.0,2.6,0.0
2026-05-09 12:30:00,summer,12.5,0.25,0.458,0.996,625.2,41.0,2.64,2.745,0.523,0.0,0.0,2.6,0.0
2026-05-09 12:45:00,summer,12.75,0.25,0.439,0.9898,640.8,41.4,2.75,2.807,0.476,0.0,0.0,2.6,0.0
2026-05-09 13:00:00,summer,13.0,0.25,0.342,0.9797,727.3,41.5,2.28,3.136,0.436,0.0,0.0,2.6,0.0
2026-05-09 13:15:00,summer,13.25,0.25,0.307,0.9657,749.3,41.2,2.33,3.229,0.435,0.0,0.0,2.6,0.0
2026-05-09 13:30:00,summer,13.5,0.25,0.294,0.9479,746.6,42.4,2.09,3.19,0.422,0.0,0.0,2.6,0.0
2026-05-09 13:45:00,summer,13.75,0.25,0.366,0.9263,663.9,41.7,2.55,2.89,0.442,0.0,0.0,2.6,0.0
2026-05-09 14:00:00,summer,14.0,0.25,0.337,0.901,670.3,41.6,2.57,2.918,0.461,0.0,0.0,2.6,0.0
2026-05-09 14:15:00,summer,14.25,0.25,0.329,0.8721,653.6,42.1,2.15,2.829,0.485,0.0,0.0,2.6,0.0
2026-05-09 14:30:00,summer,14.5,0.25,0.259,0.8399,683.7,42.4,1.4,2.91,0.532,0.0,0.0,2.6,0.0
2026-05-09 14:45:00,summer,14.75,0.25,0.248,0.8043,660.6,42.2,1.48,2.827,0.589,0.0,0.0,2.6,0.0
2026-05-09 15:00:00,summer,15.0,0.25,0.218,0.7656,647.7,42.1,2.85,2.829,0.68,0.0,0.0,2.6,0.0
2026-05-09 15:15:00,summer,15.25,0.25,0.25,0.7239,587.7,41.6,1.96,2.564,0.763,0.0,0.0,2.6,0.0
2026-05-09 15:30:00,summer,15.5,0.25,0.255,0.6794,545.2,41.6,2.0,2.392,0.862,0.0,0.0,2.6,0.0
2026-05-09 15:45:00,summer,15.75,0.25,0.24,0.6323,512.4,41.2,1.89,2.258,0.993,0.0,0.0,2.6,0.0
2026-05-09 16:00:00,summer,16.0,0.25,0.228,0.5828,473.7,41.1,1.6,2.091,1.1,0.0,0.0,2.6,0.0
2026-05-09 16:15:00,summer,16.25,0.25,0.238,0.5311,421.9,40.5,1.8,1.884,1.207,0.0,0.0,2.6,0.0
2026-05-09 16:30:00,summer,16.5,0.25,0.216,0.4775,382.1,40.3,2.53,1.725,1.366,0.0,0.0,2.6,0.0
2026-05-09 16:45:00,summer,16.75,0.25,0.152,0.422,351.8,40.3,1.87,1.586,1.52,0.0,0.0,2.6,0.0
2026-05-09 17:00:00,summer,17.0,0.25,0.151,0.3651,295.8,39.7,1.89,1.346,1.643,0.297,0.074,2.6,0.193
2026-05-09 17:15:00,summer,17.25,0.25,0.128,0.3069,242.8,39.2,1.69,1.113,1.787,0.674,0.168,2.6,0.438
2026-05-09 17:30:00,summer,17.5,0.25,0.177,0.2477,176.3,37.8,1.9,0.82,1.925,1.105,0.276,2.6,0.718
2026-05-09 17:45:00,summer,17.75,0.25,0.235,0.1877,114.3,37.7,2.33,0.536,2.075,1.539,0.385,2.6,1.0
2026-05-09 18:00:00,summer,18.0,0.25,0.119,0.1273,68.6,37.3,2.0,0.324,2.226,1.902,0.475,2.6,1.236
2026-05-09 18:15:00,summer,18.25,0.25,0.049,0.0666,21.8,37.4,1.95,0.103,2.339,2.236,0.559,2.6,1.453
2026-05-09 18:30:00,summer,18.5,0.25,0.0,0.0059,0.5,36.4,1.98,0.0,2.434,2.434,0.609,2.6,1.582
2026-05-09 18:45:00,summer,18.75,0.25,0.0,0.0,0.0,36.1,1.83,0.0,2.522,2.522,0.63,2.6,1.639
2026-05-09 19:00:00,summer,19.0,0.25,0.0,0.0,0.0,35.3,1.61,0.0,2.596,2.596,0.649,2.6,1.687
2026-05-09 19:15:00,summer,19.25,0.25,0.0,0.0,0.0,34.9,1.23,0.0,2.644,2.644,0.661,2.6,1.719
2026-05-09 19:30:00,summer,19.5,0.25,0.0,0.0,0.0,34.9,1.62,0.0,2.648,2.648,0.662,2.6,1.721
2026-05-09 19:45:00,summer,19.75,0.25,0.0,0.0,0.0,34.4,1.7,0.0,2.643,2.643,0.661,2.6,1.718
2026-05-09 20:00:00,summer,20.0,0.25,0.0,0.0,0.0,33.7,0.8,0.0,2.627,2.627,0.657,2.6,1.708
2026-05-09 20:15:00,summer,20.25,0.25,0.0,0.0,0.0,33.7,2.55,0.0,2.594,2.594,0.648,2.6,1.686
2026-05-09 20:30:00,summer,20.5,0.25,0.0,0.0,0.0,33.0,1.41,0.0,2.534,2.534,0.633,2.6,1.647
2026-05-09 20:45:00,summer,20.75,0.25,0.0,0.0,0.0,32.8,2.1,0.0,2.456,2.456,0.614,2.6,1.596
2026-05-09 21:00:00,summer,21.0,0.25,0.0,0.0,0.0,32.3,1.91,0.0,2.371,2.371,0.593,2.6,1.541
2026-05-09 21:15:00,summer,21.25,0.25,0.0,0.0,0.0,31.4,2.26,0.0,2.258,2.258,0.565,2.6,1.468
2026-05-09 21:30:00,summer,21.5,0.25,0.0,0.0,0.0,31.0,1.99,0.0,2.143,2.143,0.536,2.6,1.393
2026-05-09 21:45:00,summer,21.75,0.25,0.0,0.0,0.0,30.9,1.7,0.0,2.013,2.013,0.503,2.6,1.308
2026-05-09 22:00:00,summer,22.0,0.25,0.0,0.0,0.0,30.3,1.37,0.0,1.899,1.899,0.475,2.6,1.234
2026-05-09 22:15:00,summer,22.25,0.25,0.0,0.0,0.0,30.0,1.88,0.0,1.72,1.72,0.43,2.6,1.118
2026-05-09 22:30:00,summer,22.5,0.25,0.0,0.0,0.0,29.6,1.63,0.0,1.582,1.582,0.396,2.6,1.028
2026-05-09 22:45:00,summer,22.75,0.25,0.0,0.0,0.0,29.1,1.17,0.0,1.408,1.408,0.352,2.6,0.915
2026-05-09 23:00:00,summer,23.0,0.25,0.0,0.0,0.0,28.6,1.09,0.0,1.292,1.292,0.323,2.6,0.84
2026-05-09 23:15:00,summer,23.25,0.25,0.0,0.0,0.0,28.0,1.06,0.0,1.153,1.153,0.288,2.6,0.749
2026-05-09 23:30:00,summer,23.5,0.25,0.0,0.0,0.0,28.1,2.84,0.0,1.045,1.045,0.261,2.6,0.679
2026-05-09 23:45:00,summer,23.75,0.25,0.0,0.0,0.0,27.9,1.13,0.0,0.939,0.939,0.235,2.6,0.61
2026-05-10 00:00:00,summer,0.0,0.25,0.0,0.0,0.0,27.3,1.44,0.0,0.762,0.762,0.191,2.6,0.495
2026-05-10 00:15:00,summer,0.25,0.25,0.0,0.0,0.0,26.5,1.91,0.0,0.609,0.609,0.152,2.6,0.396
2026-05-10 00:30:00,summer,0.5,0.25,0.0,0.0,0.0,27.7,1.6,0.0,0.504,0.504,0.126,2.6,0.328
2026-05-10 00:45:00,summer,0.75,0.25,0.0,0.0,0.0,27.1,1.96,0.0,0.417,0.417,0.104,2.6,0.271
2026-05-10 01:00:00,summer,1.0,0.25,0.0,0.0,0.0,26.7,2.26,0.0,0.35,0.35,0.087,2.6,0.227
2026-05-10 01:15:00,summer,1.25,0.25,0.0,0.0,0.0,26.3,2.04,0.0,0.316,0.316,0.079,2.6,0.205
2026-05-10 01:30:00,summer,1.5,0.25,0.0,0.0,0.0,26.2,1.87,0.0,0.281,0.281,0.07,2.6,0.183
2026-05-10 01:45:00,summer,1.75,0.25,0.0,0.0,0.0,26.3,1.71,0.0,0.248,0.248,0.062,2.6,0.161
2026-05-10 02:00:00,summer,2.0,0.25,0.0,0.0,0.0,26.4,1.3,0.0,0.236,0.236,0.059,2.6,0.153
2026-05-10 02:15:00,summer,2.25,0.25,0.0,0.0,0.0,26.4,1.7,0.0,0.244,0.244,0.061,2.6,0.159
2026-05-10 02:30:00,summer,2.5,0.25,0.0,0.0,0.0,25.9,2.1,0.0,0.244,0.244,0.061,2.6,0.159
2026-05-10 02:45:00,summer,2.75,0.25,0.0,0.0,0.0,26.2,1.5,0.0,0.235,0.235,0.059,2.6,0.153
2026-05-10 03:00:00,summer,3.0,0.25,0.0,0.0,0.0,26.0,2.24,0.0,0.217,0.217,0.054,2.6,0.141
2026-05-10 03:15:00,summer,3.25,0.25,0.0,0.0,0.0,26.3,2.23,0.0,0.236,0.236,0.059,2.6,0.153
2026-05-10 03:30:00,summer,3.5,0.25,0.0,0.0,0.0,26.2,1.73,0.0,0.236,0.236,0.059,2.6,0.153
2026-05-10 03:45:00,summer,3.75,0.25,0.0,0.0,0.0,26.4,1.28,0.0,0.259,0.259,0.065,2.6,0.168
2026-05-10 04:00:00,summer,4.0,0.25,0.0,0.0,0.0,26.5,2.25,0.0,0.288,0.288,0.072,2.6,0.187
2026-05-10 04:15:00,summer,4.25,0.25,0.0,0.0,0.0,27.0,1.16,0.0,0.306,0.306,0.076,2.6,0.199
2026-05-10 04:30:00,summer,4.5,0.25,0.0,0.0,0.0,26.7,1.97,0.0,0.369,0.369,0.092,2.6,0.24
2026-05-10 04:45:00,summer,4.75,0.25,0.0,0.0,0.0,27.2,2.13,0.0,0.428,0.428,0.107,2.6,0.278
2026-05-10 05:00:00,summer,5.0,0.25,0.0,0.0,0.0,27.6,1.85,0.0,0.49,0.49,0.122,2.6,0.319
2026-05-10 05:15:00,summer,5.25,0.25,0.0,0.0,0.0,28.2,3.05,0.0,0.561,0.561,0.14,2.6,0.365
2026-05-10 05:30:00,summer,5.5,0.25,0.0,0.0,0.0,27.7,2.13,0.0,0.622,0.622,0.155,2.6,0.404
2026-05-10 05:45:00,summer,5.75,0.25,0.0,0.0,0.0,28.5,2.19,0.0,0.714,0.714,0.178,2.6,0.464
2026-05-10 06:00:00,summer,6.0,0.25,0.047,0.0142,1.2,28.7,2.14,0.0,0.81,0.81,0.203,2.6,0.527
2026-05-10 06:15:00,summer,6.25,0.25,0.022,0.0748,27.6,29.5,2.67,0.135,0.93,0.795,0.199,2.6,0.517
2026-05-10 06:30:00,summer,6.5,0.25,0.003,0.1354,81.0,29.6,1.17,0.394,1.027,0.633,0.158,2.6,0.411
2026-05-10 06:45:00,summer,6.75,0.25,0.007,0.1957,143.4,30.0,1.96,0.692,1.145,0.453,0.113,2.6,0.294
2026-05-10 07:00:00,summer,7.0,0.25,0.006,0.2555,209.1,31.1,2.36,0.999,1.268,0.269,0.067,2.6,0.175
2026-05-10 07:15:00,summer,7.25,0.25,0.044,0.3145,267.7,31.4,1.69,1.265,1.332,0.067,0.017,2.6,0.044
2026-05-10 07:30:00,summer,7.5,0.25,0.006,0.3725,341.0,32.1,1.58,1.592,1.394,0.0,0.0,2.6,0.0
2026-05-10 07:45:00,summer,7.75,0.25,0.075,0.4292,384.0,33.0,2.07,1.783,1.475,0.0,0.0,2.6,0.0
2026-05-10 08:00:00,summer,8.0,0.25,0.085,0.4843,439.3,33.6,2.5,2.029,1.547,0.0,0.0,2.6,0.0
2026-05-10 08:15:00,summer,8.25,0.25,0.0,0.5377,532.5,34.2,1.76,2.411,1.584,0.0,0.0,2.6,0.0
2026-05-10 08:30:00,summer,8.5,0.25,0.0,0.5891,591.9,34.9,1.46,2.642,1.642,0.0,0.0,2.6,0.0
2026-05-10 08:45:00,summer,8.75,0.25,0.084,0.6383,603.9,35.7,2.19,2.708,1.627,0.0,0.0,2.6,0.0
2026-05-10 09:00:00,summer,9.0,0.25,0.101,0.685,643.8,35.9,1.69,2.852,1.612,0.0,0.0,2.6,0.0
2026-05-10 09:15:00,summer,9.25,0.25,0.182,0.7291,637.3,36.0,2.31,2.847,1.571,0.0,0.0,2.6,0.0
2026-05-10 09:30:00,summer,9.5,0.25,0.272,0.7704,613.2,36.9,1.95,2.724,1.513,0.0,0.0,2.6,0.0
2026-05-10 09:45:00,summer,9.75,0.25,0.334,0.8087,599.2,37.0,2.31,2.676,1.444,0.0,0.0,2.6,0.0
2026-05-10 10:00:00,summer,10.0,0.25,0.39,0.8438,581.4,37.3,1.37,2.567,1.366,0.0,0.0,2.6,0.0
2026-05-10 10:15:00,summer,10.25,0.25,0.265,0.8756,710.4,38.5,3.28,3.148,1.286,0.0,0.0,2.6,0.0
2026-05-10 10:30:00,summer,10.5,0.25,0.184,0.904,804.0,39.0,0.76,3.367,1.179,0.0,0.0,2.6,0.0
2026-05-10 10:45:00,summer,10.75,0.25,0.23,0.9288,787.6,39.3,1.1,3.331,1.075,0.0,0.0,2.6,0.0
2026-05-10 11:00:00,summer,11.0,0.25,0.242,0.95,796.1,39.3,1.5,3.394,0.995,0.0,0.0,2.6,0.0
2026-05-10 11:15:00,summer,11.25,0.25,0.223,0.9673,829.2,40.2,2.3,3.556,0.905,0.0,0.0,2.6,0.0
2026-05-10 11:30:00,summer,11.5,0.25,0.213,0.9809,850.6,40.6,2.19,3.626,0.786,0.0,0.0,2.6,0.0
2026-05-10 11:45:00,summer,11.75,0.25,0.288,0.9905,788.0,40.1,2.68,3.416,0.702,0.0,0.0,2.6,0.0
2026-05-10 12:00:00,summer,12.0,0.25,0.208,0.9962,869.1,41.0,1.97,3.675,0.608,0.0,0.0,2.6,0.0
2026-05-10 12:15:00,summer,12.25,0.25,0.188,0.998,890.0,41.2,1.89,3.744,0.538,0.0,0.0,2.6,0.0
2026-05-10 12:30:00,summer,12.5,0.25,0.214,0.9957,863.7,41.8,1.67,3.619,0.479,0.0,0.0,2.6,0.0
2026-05-10 12:45:00,summer,12.75,0.25,0.218,0.9895,854.0,41.6,1.51,3.574,0.443,0.0,0.0,2.6,0.0
2026-05-10 13:00:00,summer,13.0,0.25,0.236,0.9794,827.9,41.7,1.75,3.493,0.422,0.0,0.0,2.6,0.0
2026-05-10 13:15:00,summer,13.25,0.25,0.381,0.9654,679.3,41.3,1.82,2.929,0.415,0.0,0.0,2.6,0.0
2026-05-10 13:30:00,summer,13.5,0.25,0.365,0.9476,680.5,41.8,1.91,2.931,0.423,0.0,0.0,2.6,0.0
2026-05-10 13:45:00,summer,13.75,0.25,0.34,0.926,687.4,42.1,1.93,2.955,0.44,0.0,0.0,2.6,0.0
2026-05-10 14:00:00,summer,14.0,0.25,0.313,0.9007,690.9,41.8,3.1,3.016,0.455,0.0,0.0,2.6,0.0
2026-05-10 14:15:00,summer,14.25,0.25,0.129,0.8719,817.1,42.5,1.99,3.454,0.473,0.0,0.0,2.6,0.0
2026-05-10 14:30:00,summer,14.5,0.25,0.23,0.8397,706.3,42.0,2.06,3.036,0.529,0.0,0.0,2.6,0.0
2026-05-10 14:45:00,summer,14.75,0.25,0.186,0.8042,706.9,42.3,2.59,3.056,0.607,0.0,0.0,2.6,0.0
2026-05-10 15:00:00,summer,15.0,0.25,0.259,0.7655,618.5,41.7,1.25,2.658,0.695,0.0,0.0,2.6,0.0
2026-05-10 15:15:00,summer,15.25,0.25,0.236,0.7239,596.9,41.4,1.63,2.592,0.777,0.0,0.0,2.6,0.0
2026-05-10 15:30:00,summer,15.5,0.25,0.231,0.6795,559.9,41.7,1.84,2.446,0.863,0.0,0.0,2.6,0.0
2026-05-10 15:45:00,summer,15.75,0.25,0.214,0.6324,526.6,41.4,2.48,2.328,0.961,0.0,0.0,2.6,0.0
2026-05-10 16:00:00,summer,16.0,0.25,0.243,0.583,466.3,41.0,1.91,2.068,1.102,0.0,0.0,2.6,0.0
2026-05-10 16:15:00,summer,16.25,0.25,0.262,0.5313,411.4,40.7,2.27,1.844,1.221,0.0,0.0,2.6,0.0
2026-05-10 16:30:00,summer,16.5,0.25,0.351,0.4777,328.0,40.4,1.7,1.48,1.336,0.0,0.0,2.6,0.0
2026-05-10 16:45:00,summer,16.75,0.25,0.231,0.4224,326.3,39.6,2.35,1.485,1.478,0.0,0.0,2.6,0.0
2026-05-10 17:00:00,summer,17.0,0.25,0.167,0.3655,292.0,39.5,1.86,1.33,1.631,0.301,0.075,2.6,0.196
2026-05-10 17:15:00,summer,17.25,0.25,0.219,0.3074,224.4,38.9,1.78,1.033,1.785,0.752,0.188,2.6,0.489
2026-05-10 17:30:00,summer,17.5,0.25,0.214,0.2483,171.3,38.7,2.02,0.795,1.912,1.117,0.279,2.6,0.726
2026-05-10 17:45:00,summer,17.75,0.25,0.23,0.1884,115.5,38.0,2.06,0.541,2.044,1.503,0.376,2.6,0.977
2026-05-10 18:00:00,summer,18.0,0.25,0.254,0.128,62.9,37.3,1.88,0.297,2.177,1.88,0.47,2.6,1.222
2026-05-10 18:15:00,summer,18.25,0.25,0.242,0.0674,20.3,36.9,1.96,0.096,2.296,2.2,0.55,2.6,1.43
2026-05-10 18:30:00,summer,18.5,0.25,0.292,0.0068,0.5,36.4,2.06,0.0,2.425,2.425,0.606,2.6,1.576
2026-05-10 18:45:00,summer,18.75,0.25,0.292,0.0,0.0,36.1,2.63,0.0,2.533,2.533,0.633,2.6,1.646
2026-05-10 19:00:00,summer,19.0,0.25,0.292,0.0,0.0,35.0,2.64,0.0,2.595,2.595,0.649,2.6,1.687
2026-05-10 19:15:00,summer,19.25,0.25,0.292,0.0,0.0,35.6,1.45,0.0,2.658,2.658,0.664,2.6,1.728
2026-05-10 19:30:00,summer,19.5,0.25,0.292,0.0,0.0,35.0,1.31,0.0,2.671,2.671,0.668,2.6,1.736
2026-05-10 19:45:00,summer,19.75,0.25,0.292,0.0,0.0,34.5,1.06,0.0,2.666,2.666,0.666,2.6,1.733
2026-05-10 20:00:00,summer,20.0,0.25,0.292,0.0,0.0,34.2,1.58,0.0,2.648,2.648,0.662,2.6,1.721
2026-05-10 20:15:00,summer,20.25,0.25,0.292,0.0,0.0,33.5,1.43,0.0,2.617,2.617,0.654,2.6,1.701
2026-05-10 20:30:00,summer,20.5,0.25,0.292,0.0,0.0,33.3,2.01,0.0,2.551,2.551,0.638,2.6,1.658
2026-05-10 20:45:00,summer,20.75,0.25,0.292,0.0,0.0,32.5,1.75,0.0,2.447,2.447,0.612,2.6,1.591
2026-05-10 21:00:00,summer,21.0,0.25,0.292,0.0,0.0,32.1,2.28,0.0,2.347,2.347,0.587,2.6,1.526
2026-05-10 21:15:00,summer,21.25,0.25,0.292,0.0,0.0,32.0,1.6,0.0,2.245,2.245,0.561,2.6,1.459
2026-05-10 21:30:00,summer,21.5,0.25,0.292,0.0,0.0,31.0,1.17,0.0,2.09,2.09,0.522,2.6,1.359
2026-05-10 21:45:00,summer,21.75,0.25,0.292,0.0,0.0,30.5,2.55,0.0,1.978,1.978,0.494,2.6,1.286
2026-05-10 22:00:00,summer,22.0,0.25,0.292,0.0,0.0,30.2,1.18,0.0,1.846,1.846,0.462,2.6,1.2
2026-05-10 22:15:00,summer,22.25,0.25,0.292,0.0,0.0,29.8,1.02,0.0,1.707,1.707,0.427,2.6,1.11
2026-05-10 22:30:00,summer,22.5,0.25,0.292,0.0,0.0,29.3,1.72,0.0,1.571,1.571,0.393,2.6,1.021
2026-05-10 22:45:00,summer,22.75,0.25,0.292,0.0,0.0,29.1,2.9,0.0,1.43,1.43,0.357,2.6,0.929
2026-05-10 23:00:00,summer,23.0,0.25,0.292,0.0,0.0,28.6,2.14,0.0,1.295,1.295,0.324,2.6,0.842
2026-05-10 23:15:00,summer,23.25,0.25,0.292,0.0,0.0,27.8,1.84,0.0,1.169,1.169,0.292,2.6,0.76
2026-05-10 23:30:00,summer,23.5,0.25,0.292,0.0,0.0,28.2,1.82,0.0,1.048,1.048,0.262,2.6,0.681
2026-05-10 23:45:00,summer,23.75,0.25,0.292,0.0,0.0,27.3,1.7,0.0,0.926,0.926,0.232,2.6,0.602
2026-05-11 00:00:00,summer,0.0,0.25,0.292,0.0,0.0,27.7,2.18,0.0,0.737,0.737,0.184,2.6,0.479
2026-05-11 00:15:00,summer,0.25,0.25,0.292,0.0,0.0,27.1,1.15,0.0,0.59,0.59,0.147,2.6,0.384
2026-05-11 00:30:00,summer,0.5,0.25,0.292,0.0,0.0,26.9,1.85,0.0,0.491,0.491,0.123,2.6,0.319
2026-05-11 00:45:00,summer,0.75,0.25,0.292,0.0,0.0,26.9,1.74,0.0,0.406,0.406,0.102,2.6,0.264
2026-05-11 01:00:00,summer,1.0,0.25,0.292,0.0,0.0,26.7,1.42,0.0,0.363,0.363,0.091,2.6,0.236
2026-05-11 01:15:00,summer,1.25,0.25,0.292,0.0,0.0,26.3,1.4,0.0,0.31,0.31,0.077,2.6,0.202
2026-05-11 01:30:00,summer,1.5,0.25,0.292,0.0,0.0,26.5,2.62,0.0,0.283,0.283,0.071,2.6,0.184
2026-05-11 01:45:00,summer,1.75,0.25,0.292,0.0,0.0,26.3,2.05,0.0,0.249,0.249,0.062,2.6,0.162
2026-05-11 02:00:00,summer,2.0,0.25,0.292,0.0,0.0,25.9,2.07,0.0,0.225,0.225,0.056,2.6,0.146
2026-05-11 02:15:00,summer,2.25,0.25,0.292,0.0,0.0,26.2,2.44,0.0,0.218,0.218,0.054,2.6,0.142
2026-05-11 02:30:00,summer,2.5,0.25,0.292,0.0,0.0,26.3,1.85,0.0,0.224,0.224,0.056,2.6,0.146
2026-05-11 02:45:00,summer,2.75,0.25,0.292,0.0,0.0,26.3,1.55,0.0,0.206,0.206,0.051,2.6,0.134
2026-05-11 03:00:00,summer,3.0,0.25,0.292,0.0,0.0,26.3,2.49,0.0,0.206,0.206,0.051,2.6,0.134
2026-05-11 03:15:00,summer,3.25,0.25,0.292,0.0,0.0,26.4,2.64,0.0,0.22,0.22,0.055,2.6,0.143
2026-05-11 03:30:00,summer,3.5,0.25,0.292,0.0,0.0,26.0,1.48,0.0,0.238,0.238,0.059,2.6,0.155
2026-05-11 03:45:00,summer,3.75,0.25,0.292,0.0,0.0,26.1,0.72,0.0,0.28,0.28,0.07,2.6,0.182
2026-05-11 04:00:00,summer,4.0,0.25,0.292,0.0,0.0,26.7,1.05,0.0,0.293,0.293,0.073,2.6,0.19
2026-05-11 04:15:00,summer,4.25,0.25,0.292,0.0,0.0,27.1,1.63,0.0,0.323,0.323,0.081,2.6,0.21
2026-05-11 04:30:00,summer,4.5,0.25,0.292,0.0,0.0,26.6,1.19,0.0,0.36,0.36,0.09,2.6,0.234
2026-05-11 04:45:00,summer,4.75,0.25,0.292,0.0,0.0,27.3,1.51,0.0,0.419,0.419,0.105,2.6,0.272
2026-05-11 05:00:00,summer,5.0,0.25,0.292,0.0,0.0,27.9,2.12,0.0,0.492,0.492,0.123,2.6,0.32
2026-05-11 05:15:00,summer,5.25,0.25,0.292,0.0,0.0,27.7,2.15,0.0,0.56,0.56,0.14,2.6,0.364
2026-05-11 05:30:00,summer,5.5,0.25,0.292,0.0,0.0,28.0,1.98,0.0,0.622,0.622,0.155,2.6,0.404
2026-05-11 05:45:00,summer,5.75,0.25,0.292,0.0,0.0,28.3,0.41,0.0,0.715,0.715,0.179,2.6,0.465
2026-05-11 06:00:00,summer,6.0,0.25,0.268,0.0155,1.3,28.9,1.31,0.0,0.803,0.803,0.201,2.6,0.522
2026-05-11 06:15:00,summer,6.25,0.25,0.126,0.076,27.3,29.1,1.5,0.134,0.909,0.775,0.194,2.6,0.504
2026-05-11 06:30:00,summer,6.5,0.25,0.226,0.1365,71.3,29.7,1.18,0.347,1.016,0.669,0.167,2.6,0.435
2026-05-11 06:45:00,summer,6.75,0.25,0.259,0.1968,119.6,30.1,2.05,0.579,1.116,0.537,0.134,2.6,0.349
2026-05-11 07:00:00,summer,7.0,0.25,0.228,0.2565,176.4,30.8,1.68,0.845,1.234,0.389,0.097,2.6,0.253
2026-05-11 07:15:00,summer,7.25,0.25,0.108,0.3154,255.5,31.6,1.91,1.21,1.318,0.108,0.027,2.6,0.07
2026-05-11 07:30:00,summer,7.5,0.25,0.077,0.3733,323.6,32.5,2.14,1.517,1.388,0.0,0.0,2.6,0.0
2026-05-11 07:45:00,summer,7.75,0.25,0.11,0.4299,373.4,32.8,1.79,1.734,1.462,0.0,0.0,2.6,0.0
2026-05-11 08:00:00,summer,8.0,0.25,0.139,0.4849,419.2,34.1,2.89,1.941,1.514,0.0,0.0,2.6,0.0
2026-05-11 08:15:00,summer,8.25,0.25,0.145,0.5382,470.5,34.6,1.27,2.131,1.572,0.0,0.0,2.6,0.0
2026-05-11 08:30:00,summer,8.5,0.25,0.19,0.5895,499.3,34.7,2.27,2.277,1.602,0.0,0.0,2.6,0.0
2026-05-11 08:45:00,summer,8.75,0.25,0.197,0.6386,541.8,35.2,1.51,2.433,1.611,0.0,0.0,2.6,0.0
2026-05-11 09:00:00,summer,9.0,0.25,0.152,0.6853,613.6,35.6,1.92,2.741,1.588,0.0,0.0,4.18,0.0
2026-05-11 09:15:00,summer,9.25,0.25,0.181,0.7293,638.5,36.0,2.27,2.851,1.558,0.0,0.0,4.18,0.0
2026-05-11 09:30:00,summer,9.5,0.25,0.277,0.7705,609.8,36.9,1.59,2.697,1.499,0.0,0.0,4.18,0.0
2026-05-11 09:45:00,summer,9.75,0.25,0.254,0.8087,659.8,37.3,1.71,2.9,1.434,0.0,0.0,4.18,0.0
2026-05-11 10:00:00,summer,10.0,0.25,0.204,0.8438,730.4,37.8,1.95,3.187,1.344,0.0,0.0,4.18,0.0
2026-05-11 10:15:00,summer,10.25,0.25,0.189,0.8756,772.7,38.7,1.22,3.294,1.241,0.0,0.0,4.18,0.0
2026-05-11 10:30:00,summer,10.5,0.25,0.133,0.9039,846.9,38.5,1.14,3.568,1.171,0.0,0.0,4.18,0.0
2026-05-11 10:45:00,summer,10.75,0.25,0.083,0.9287,914.8,39.8,1.92,3.865,1.083,0.0,0.0,4.18,0.0
2026-05-11 11:00:00,summer,11.0,0.25,0.127,0.9498,898.0,39.8,2.74,3.856,1.001,0.0,0.0,4.18,0.0
2026-05-11 11:15:00,summer,11.25,0.25,0.098,0.9671,942.6,40.8,2.1,3.964,0.897,0.0,0.0,4.18,0.0
2026-05-11 11:30:00,summer,11.5,0.25,0.119,0.9806,937.7,40.7,2.88,4.001,0.791,0.0,0.0,4.18,0.0
2026-05-11 11:45:00,summer,11.75,0.25,0.164,0.9902,905.0,40.4,2.2,3.838,0.707,0.0,0.0,4.18,0.0
2026-05-11 12:00:00,summer,12.0,0.25,0.256,0.9959,823.3,41.2,1.58,3.471,0.617,0.0,0.0,4.18,0.0
2026-05-11 12:15:00,summer,12.25,0.25,0.188,0.9977,889.4,41.8,1.78,3.723,0.553,0.0,0.0,4.18,0.0
2026-05-11 12:30:00,summer,12.5,0.25,0.232,0.9954,846.2,41.7,1.89,3.571,0.5,0.0,0.0,4.18,0.0
2026-05-11 12:45:00,summer,12.75,0.25,0.288,0.9892,786.6,41.9,1.51,3.317,0.441,0.0,0.0,4.18,0.0
2026-05-11 13:00:00,summer,13.0,0.25,0.13,0.9791,925.4,41.9,2.0,3.871,0.417,0.0,0.0,4.18,0.0
2026-05-11 13:15:00,summer,13.25,0.25,0.151,0.9651,892.9,42.4,1.95,3.738,0.412,0.0,0.0,4.18,0.0
2026-05-11 13:30:00,summer,13.5,0.25,0.042,0.9473,970.3,42.4,2.57,4.072,0.407,0.0,0.0,4.18,0.0
2026-05-11 13:45:00,summer,13.75,0.25,0.021,0.9257,963.5,42.8,1.5,3.948,0.446,0.0,0.0,4.18,0.0
2026-05-11 14:00:00,summer,14.0,0.25,0.026,0.9005,931.4,43.3,2.09,3.875,0.462,0.0,0.0,4.18,0.0
2026-05-11 14:15:00,summer,14.25,0.25,0.035,0.8717,891.3,42.8,1.74,3.709,0.501,0.0,0.0,4.18,0.0
2026-05-11 14:30:00,summer,14.5,0.25,0.0,0.8395,881.7,42.3,2.13,3.711,0.553,0.0,0.0,4.18,0.0
2026-05-11 14:45:00,summer,14.75,0.25,0.048,0.8041,806.2,42.7,1.57,3.382,0.608,0.0,0.0,4.18,0.0
2026-05-11 15:00:00,summer,15.0,0.25,0.077,0.7654,744.5,42.4,1.55,3.152,0.686,0.0,0.0,4.18,0.0
2026-05-11 15:15:00,summer,15.25,0.25,0.173,0.7239,638.2,41.7,1.77,2.759,0.768,0.0,0.0,4.18,0.0
2026-05-11 15:30:00,summer,15.5,0.25,0.162,0.6795,601.5,41.5,2.14,2.627,0.869,0.0,0.0,4.18,0.0
2026-05-11 15:45:00,summer,15.75,0.25,0.05,0.6325,615.4,41.3,1.56,2.664,0.984,0.0,0.0,4.18,0.0
2026-05-11 16:00:00,summer,16.0,0.25,0.105,0.5831,534.7,41.2,2.35,2.361,1.08,0.0,0.0,4.18,0.0
2026-05-11 16:15:00,summer,16.25,0.25,0.172,0.5316,452.1,40.9,2.09,2.013,1.189,0.0,0.0,4.18,0.0
2026-05-11 16:30:00,summer,16.5,0.25,0.178,0.478,397.6,40.7,1.23,1.769,1.347,0.0,0.0,4.18,0.0
2026-05-11 16:45:00,summer,16.75,0.25,0.254,0.4228,318.9,39.8,1.34,1.441,1.508,0.067,0.017,4.18,0.07
2026-05-11 17:00:00,summer,17.0,0.25,0.365,0.366,236.7,39.0,1.83,1.087,1.629,0.542,0.136,4.18,0.566
2026-05-11 17:15:00,summer,17.25,0.25,0.377,0.308,189.1,39.2,1.92,0.873,1.773,0.9,0.225,4.18,0.94
2026-05-11 17:30:00,summer,17.5,0.25,0.381,0.2489,143.9,38.7,2.17,0.67,1.928,1.258,0.315,4.18,1.315
2026-05-11 17:45:00,summer,17.75,0.25,0.375,0.1891,100.2,38.0,1.22,0.469,2.075,1.606,0.402,4.18,1.678
2026-05-11 18:00:00,summer,18.0,0.25,0.248,0.1288,63.8,37.2,2.17,0.301,2.191,1.89,0.472,4.18,1.975
2026-05-11 18:15:00,summer,18.25,0.25,0.178,0.0683,21.6,36.9,2.41,0.103,2.335,2.232,0.558,4.18,2.332
2026-05-11 18:30:00,summer,18.5,0.25,0.231,0.0078,0.6,36.2,2.06,0.0,2.43,2.43,0.608,4.18,2.539
2026-05-11 18:45:00,summer,18.75,0.25,0.231,0.0,0.0,35.8,2.2,0.0,2.533,2.533,0.633,4.18,2.647
2026-05-11 19:00:00,summer,19.0,0.25,0.231,0.0,0.0,35.5,2.05,0.0,2.62,2.62,0.655,4.18,2.738
2026-05-11 19:15:00,summer,19.25,0.25,0.231,0.0,0.0,35.3,1.14,0.0,2.656,2.656,0.664,4.18,2.776
2026-05-11 19:30:00,summer,19.5,0.25,0.231,0.0,0.0,34.9,1.18,0.0,2.696,2.696,0.674,4.18,2.817
2026-05-11 19:45:00,summer,19.75,0.25,0.231,0.0,0.0,34.2,1.63,0.0,2.647,2.647,0.662,4.18,2.766
2026-05-11 20:00:00,summer,20.0,0.25,0.231,0.0,0.0,34.4,2.93,0.0,2.647,2.647,0.662,4.18,2.766
2026-05-11 20:15:00,summer,20.25,0.25,0.231,0.0,0.0,33.6,1.83,0.0,2.615,2.615,0.654,4.18,2.733
2026-05-11 20:30:00,summer,20.5,0.25,0.231,0.0,0.0,32.8,1.57,0.0,2.549,2.549,0.637,4.18,2.664
2026-05-11 20:45:00,summer,20.75,0.25,0.231,0.0,0.0,32.9,2.22,0.0,2.462,2.462,0.616,4.18,2.573
2026-05-11 21:00:00,summer,21.0,0.25,0.231,0.0,0.0,32.5,2.2,0.0,2.356,2.356,0.589,4.18,2.462
2026-05-11 21:15:00,summer,21.25,0.25,0.231,0.0,0.0,31.7,2.12,0.0,2.239,2.239,0.56,4.18,2.34
2026-05-11 21:30:00,summer,21.5,0.25,0.231,0.0,0.0,31.1,2.71,0.0,2.1,2.1,0.525,4.18,2.195
2026-05-11 21:45:00,summer,21.75,0.25,0.231,0.0,0.0,30.8,1.35,0.0,1.987,1.987,0.497,4.18,2.076
2026-05-11 22:00:00,summer,22.0,0.25,0.231,0.0,0.0,30.4,1.71,0.0,1.836,1.836,0.459,2.6,1.193
2026-05-11 22:15:00,summer,22.25,0.25,0.231,0.0,0.0,29.9,2.09,0.0,1.719,1.719,0.43,2.6,1.117
2026-05-11 22:30:00,summer,22.5,0.25,0.231,0.0,0.0,29.1,1.74,0.0,1.565,1.565,0.391,2.6,1.017
2026-05-11 22:45:00,summer,22.75,0.25,0.231,0.0,0.0,29.3,1.32,0.0,1.451,1.451,0.363,2.6,0.943
2026-05-11 23:00:00,summer,23.0,0.25,0.231,0.0,0.0,28.8,0.32,0.0,1.327,1.327,0.332,2.6,0.863
2026-05-11 23:15:00,summer,23.25,0.25,0.231,0.0,0.0,28.8,2.05,0.0,1.195,1.195,0.299,2.6,0.777
2026-05-11 23:30:00,summer,23.5,0.25,0.231,0.0,0.0,28.3,2.22,0.0,1.044,1.044,0.261,2.6,0.679
2026-05-11 23:45:00,summer,23.75,0.25,0.231,0.0,0.0,27.4,2.04,0.0,0.915,0.915,0.229,2.6,0.595
2026-05-12 00:00:00,summer,0.0,0.25,0.231,0.0,0.0,27.7,1.04,0.0,0.724,0.724,0.181,2.6,0.471
2026-05-12 00:15:00,summer,0.25,0.25,0.231,0.0,0.0,27.7,1.44,0.0,0.58,0.58,0.145,2.6,0.377
2026-05-12 00:30:00,summer,0.5,0.25,0.231,0.0,0.0,27.0,1.22,0.0,0.473,0.473,0.118,2.6,0.307
2026-05-12 00:45:00,summer,0.75,0.25,0.231,0.0,0.0,26.9,1.77,0.0,0.392,0.392,0.098,2.6,0.255
2026-05-12 01:00:00,summer,1.0,0.25,0.231,0.0,0.0,26.2,1.96,0.0,0.331,0.331,0.083,2.6,0.215
2026-05-12 01:15:00,summer,1.25,0.25,0.231,0.0,0.0,26.3,1.97,0.0,0.286,0.286,0.071,2.6,0.186
2026-05-12 01:30:00,summer,1.5,0.25,0.231,0.0,0.0,25.9,1.35,0.0,0.252,0.252,0.063,2.6,0.164
2026-05-12 01:45:00,summer,1.75,0.25,0.231,0.0,0.0,26.0,3.13,0.0,0.227,0.227,0.057,2.6,0.148
2026-05-12 02:00:00,summer,2.0,0.25,0.231,0.0,0.0,25.7,1.65,0.0,0.211,0.211,0.053,2.6,0.137
2026-05-12 02:15:00,summer,2.25,0.25,0.231,0.0,0.0,25.9,1.44,0.0,0.206,0.206,0.051,2.6,0.134
2026-05-12 02:30:00,summer,2.5,0.25,0.231,0.0,0.0,26.3,1.53,0.0,0.194,0.194,0.049,2.6,0.126
2026-05-12 02:45:00,summer,2.75,0.25,0.231,0.0,0.0,26.1,0.8,0.0,0.209,0.209,0.052,2.6,0.136
2026-05-12 03:00:00,summer,3.0,0.25,0.231,0.0,0.0,26.3,1.95,0.0,0.211,0.211,0.053,2.6,0.137
2026-05-12 03:15:00,summer,3.25,0.25,0.231,0.0,0.0,26.4,0.96,0.0,0.237,0.237,0.059,2.6,0.154
2026-05-12 03:30:00,summer,3.5,0.25,0.231,0.0,0.0,26.5,1.42,0.0,0.247,0.247,0.062,2.6,0.161
2026-05-12 03:45:00,summer,3.75,0.25,0.231,0.0,0.0,26.5,2.02,0.0,0.248,0.248,0.062,2.6,0.161
2026-05-12 04:00:00,summer,4.0,0.25,0.231,0.0,0.0,26.4,1.61,0.0,0.266,0.266,0.067,2.6,0.173
2026-05-12 04:15:00,summer,4.25,0.25,0.231,0.0,0.0,27.0,1.86,0.0,0.298,0.298,0.074,2.6,0.194
2026-05-12 04:30:00,summer,4.5,0.25,0.231,0.0,0.0,26.6,1.83,0.0,0.342,0.342,0.086,2.6,0.222
2026-05-12 04:45:00,summer,4.75,0.25,0.231,0.0,0.0,27.1,1.73,0.0,0.406,0.406,0.102,2.6,0.264
2026-05-12 05:00:00,summer,5.0,0.25,0.231,0.0,0.0,27.5,0.94,0.0,0.486,0.486,0.121,2.6,0.316
2026-05-12 05:15:00,summer,5.25,0.25,0.231,0.0,0.0,28.0,0.77,0.0,0.578,0.578,0.144,2.6,0.376
2026-05-12 05:30:00,summer,5.5,0.25,0.231,0.0,0.0,27.9,2.0,0.0,0.664,0.664,0.166,2.6,0.432
2026-05-12 05:45:00,summer,5.75,0.25,0.231,0.0,0.0,28.2,2.11,0.0,0.748,0.748,0.187,2.6,0.486
2026-05-12 06:00:00,summer,6.0,0.25,0.145,0.0167,1.5,28.4,1.6,0.0,0.831,0.831,0.208,2.6,0.54
2026-05-12 06:15:00,summer,6.25,0.25,0.115,0.0771,28.2,29.7,2.44,0.138,0.913,0.775,0.194,2.6,0.504
2026-05-12 06:30:00,summer,6.5,0.25,0.17,0.1376,75.2,29.9,1.23,0.365,1.023,0.658,0.164,2.6,0.428
2026-05-12 06:45:00,summer,6.75,0.25,0.241,0.1977,122.4,30.4,1.53,0.59,1.134,0.544,0.136,2.6,0.354
2026-05-12 07:00:00,summer,7.0,0.25,0.179,0.2574,185.2,30.5,1.65,0.887,1.231,0.344,0.086,2.6,0.224
2026-05-12 07:15:00,summer,7.25,0.25,0.156,0.3162,246.2,31.5,1.29,1.163,1.336,0.173,0.043,2.6,0.112
2026-05-12 07:30:00,summer,7.5,0.25,0.0,0.374,344.2,32.5,2.06,1.609,1.449,0.0,0.0,2.6,0.0
2026-05-12 07:45:00,summer,7.75,0.25,0.0,0.4305,409.0,32.7,1.63,1.89,1.518,0.0,0.0,2.6,0.0
2026-05-12 08:00:00,summer,8.0,0.25,0.0,0.4855,472.3,33.3,1.23,2.15,1.581,0.0,0.0,2.6,0.0
2026-05-12 08:15:00,summer,8.25,0.25,0.0,0.5387,533.6,34.4,1.95,2.419,1.631,0.0,0.0,2.6,0.0
2026-05-12 08:30:00,summer,8.5,0.25,0.057,0.5899,565.3,34.4,1.65,2.544,1.657,0.0,0.0,2.6,0.0
2026-05-12 08:45:00,summer,8.75,0.25,0.117,0.6389,586.4,34.8,1.9,2.636,1.637,0.0,0.0,2.6,0.0
2026-05-12 09:00:00,summer,9.0,0.25,0.146,0.6855,617.0,35.9,2.3,2.764,1.634,0.0,0.0,4.18,0.0
2026-05-12 09:15:00,summer,9.25,0.25,0.055,0.7295,719.6,36.6,2.31,3.178,1.583,0.0,0.0,4.18,0.0
2026-05-12 09:30:00,summer,9.5,0.25,0.054,0.7706,765.2,37.0,1.89,3.334,1.531,0.0,0.0,4.18,0.0
2026-05-12 09:45:00,summer,9.75,0.25,0.023,0.8088,829.9,37.5,2.41,3.61,1.454,0.0,0.0,4.18,0.0
2026-05-12 10:00:00,summer,10.0,0.25,0.005,0.8438,883.1,38.2,1.9,3.772,1.378,0.0,0.0,4.18,0.0
2026-05-12 10:15:00,summer,10.25,0.25,0.013,0.8755,913.0,38.6,1.27,3.822,1.272,0.0,0.0,4.18,0.0
2026-05-12 10:30:00,summer,10.5,0.25,0.0,0.9038,956.1,39.6,1.99,4.028,1.204,0.0,0.0,4.18,0.0
2026-05-12 10:45:00,summer,10.75,0.25,0.039,0.9285,951.9,39.6,1.9,4.005,1.086,0.0,0.0,4.18,0.0
2026-05-12 11:00:00,summer,11.0,0.25,0.103,0.9496,919.8,40.1,1.12,3.803,0.989,0.0,0.0,4.18,0.0
2026-05-12 11:15:00,summer,11.25,0.25,0.0,0.9669,1029.2,40.5,1.79,4.258,0.904,0.0,0.0,4.18,0.0
2026-05-12 11:30:00,summer,11.5,0.25,0.064,0.9803,987.2,40.9,1.42,4.061,0.801,0.0,0.0,4.18,0.0
2026-05-12 11:45:00,summer,11.75,0.25,0.172,0.9899,897.3,41.0,2.47,3.815,0.725,0.0,0.0,4.18,0.0
2026-05-12 12:00:00,summer,12.0,0.25,0.133,0.9956,939.9,41.2,1.79,3.921,0.646,0.0,0.0,4.18,0.0
2026-05-12 12:15:00,summer,12.25,0.25,0.09,0.9973,981.3,41.7,1.71,4.054,0.574,0.0,0.0,4.18,0.0
2026-05-12 12:30:00,summer,12.5,0.25,0.053,0.9951,1013.5,42.3,1.63,4.149,0.49,0.0,0.0,4.18,0.0
2026-05-12 12:45:00,summer,12.75,0.25,0.126,0.9889,939.8,41.8,1.5,3.883,0.485,0.0,0.0,4.18,0.0
2026-05-12 13:00:00,summer,13.0,0.25,0.276,0.9788,789.2,41.7,1.3,3.315,0.455,0.0,0.0,4.18,0.0
2026-05-12 13:15:00,summer,13.25,0.25,0.21,0.9648,838.1,41.8,1.97,3.544,0.431,0.0,0.0,4.18,0.0
2026-05-12 13:30:00,summer,13.5,0.25,0.233,0.947,801.5,42.4,1.27,3.347,0.441,0.0,0.0,4.18,0.0
2026-05-12 13:45:00,summer,13.75,0.25,0.156,0.9255,848.7,42.3,1.32,3.527,0.453,0.0,0.0,4.18,0.0
2026-05-12 14:00:00,summer,14.0,0.25,0.253,0.9003,741.6,42.0,2.9,3.211,0.481,0.0,0.0,4.18,0.0
2026-05-12 14:15:00,summer,14.25,0.25,0.236,0.8715,730.1,42.1,1.78,3.114,0.495,0.0,0.0,4.18,0.0
2026-05-12 14:30:00,summer,14.5,0.25,0.176,0.8394,748.3,42.1,2.83,3.233,0.556,0.0,0.0,4.18,0.0
2026-05-12 14:45:00,summer,14.75,0.25,0.189,0.8039,704.4,42.5,1.87,3.013,0.622,0.0,0.0,4.18,0.0
2026-05-12 15:00:00,summer,15.0,0.25,0.22,0.7654,645.6,41.4,1.66,2.787,0.699,0.0,0.0,4.18,0.0
2026-05-12 15:15:00,summer,15.25,0.25,0.266,0.7238,577.2,41.3,2.02,2.526,0.762,0.0,0.0,4.18,0.0
2026-05-12 15:30:00,summer,15.5,0.25,0.294,0.6795,521.3,41.5,2.01,2.294,0.852,0.0,0.0,4.18,0.0
2026-05-12 15:45:00,summer,15.75,0.25,0.331,0.6326,460.4,40.3,1.06,2.03,0.974,0.0,0.0,4.18,0.0
2026-05-12 16:00:00,summer,16.0,0.25,0.202,0.5833,487.0,40.6,1.45,2.148,1.073,0.0,0.0,4.18,0.0
2026-05-12 16:15:00,summer,16.25,0.25,0.189,0.5318,444.5,40.6,1.13,1.963,1.219,0.0,0.0,4.18,0.0
2026-05-12 16:30:00,summer,16.5,0.25,0.052,0.4784,445.0,40.3,1.31,1.972,1.359,0.0,0.0,4.18,0.0
2026-05-12 16:45:00,summer,16.75,0.25,0.142,0.4232,356.1,39.6,1.52,1.605,1.516,0.0,0.0,4.18,0.0
2026-05-12 17:00:00,summer,17.0,0.25,0.12,0.3665,305.2,39.2,1.16,1.383,1.654,0.271,0.068,4.18,0.283
2026-05-12 17:15:00,summer,17.25,0.25,0.142,0.3085,241.6,38.9,1.9,1.11,1.806,0.696,0.174,4.18,0.727
2026-05-12 17:30:00,summer,17.5,0.25,0.139,0.2496,183.8,38.3,1.89,0.852,1.972,1.12,0.28,4.18,1.17
2026-05-12 17:45:00,summer,17.75,0.25,0.113,0.1899,127.9,38.3,1.96,0.597,2.099,1.502,0.376,4.18,1.57
2026-05-12 18:00:00,summer,18.0,0.25,0.123,0.1297,70.6,37.9,2.38,0.332,2.215,1.883,0.471,4.18,1.968
2026-05-12 18:15:00,summer,18.25,0.25,0.035,0.0692,23.6,37.0,1.76,0.112,2.35,2.238,0.559,4.18,2.339
2026-05-12 18:30:00,summer,18.5,0.25,0.0,0.0088,0.7,36.6,1.52,0.0,2.446,2.446,0.612,4.18,2.556
2026-05-12 18:45:00,summer,18.75,0.25,0.0,0.0,0.0,36.6,1.63,0.0,2.53,2.53,0.632,4.18,2.644
2026-05-12 19:00:00,summer,19.0,0.25,0.0,0.0,0.0,35.8,1.72,0.0,2.58,2.58,0.645,4.18,2.696
2026-05-12 19:15:00,summer,19.25,0.25,0.0,0.0,0.0,35.4,2.1,0.0,2.642,2.642,0.66,4.18,2.761
2026-05-12 19:30:00,summer,19.5,0.25,0.0,0.0,0.0,34.6,2.0,0.0,2.678,2.678,0.669,4.18,2.799
2026-05-12 19:45:00,summer,19.75,0.25,0.0,0.0,0.0,34.2,2.2,0.0,2.678,2.678,0.669,4.18,2.799
2026-05-12 20:00:00,summer,20.0,0.25,0.0,0.0,0.0,33.7,2.45,0.0,2.676,2.676,0.669,4.18,2.796
2026-05-12 20:15:00,summer,20.25,0.25,0.0,0.0,0.0,33.4,1.8,0.0,2.625,2.625,0.656,4.18,2.743
2026-05-12 20:30:00,summer,20.5,0.25,0.0,0.0,0.0,32.7,1.18,0.0,2.572,2.572,0.643,4.18,2.688
2026-05-12 20:45:00,summer,20.75,0.25,0.0,0.0,0.0,32.6,2.17,0.0,2.49,2.49,0.623,4.18,2.602
2026-05-12 21:00:00,summer,21.0,0.25,0.0,0.0,0.0,32.6,2.14,0.0,2.391,2.391,0.598,4.18,2.499
2026-05-12 21:15:00,summer,21.25,0.25,0.0,0.0,0.0,31.8,1.83,0.0,2.281,2.281,0.57,4.18,2.384
2026-05-12 21:30:00,summer,21.5,0.25,0.0,0.0,0.0,31.2,2.05,0.0,2.154,2.154,0.538,4.18,2.251
2026-05-12 21:45:00,summer,21.75,0.25,0.0,0.0,0.0,30.8,2.26,0.0,2.02,2.02,0.505,4.18,2.111
2026-05-12 22:00:00,summer,22.0,0.25,0.0,0.0,0.0,30.4,2.36,0.0,1.863,1.863,0.466,2.6,1.211
2026-05-12 22:15:00,summer,22.25,0.25,0.0,0.0,0.0,30.3,0.56,0.0,1.746,1.746,0.436,2.6,1.135
2026-05-12 22:30:00,summer,22.5,0.25,0.0,0.0,0.0,30.0,1.05,0.0,1.615,1.615,0.404,2.6,1.05
2026-05-12 22:45:00,summer,22.75,0.25,0.0,0.0,0.0,29.5,2.38,0.0,1.459,1.459,0.365,2.6,0.948
2026-05-12 23:00:00,summer,23.0,0.25,0.0,0.0,0.0,28.9,1.42,0.0,1.312,1.312,0.328,2.6,0.853
2026-05-12 23:15:00,summer,23.25,0.25,0.0,0.0,0.0,28.2,2.36,0.0,1.158,1.158,0.289,2.6,0.753
2026-05-12 23:30:00,summer,23.5,0.25,0.0,0.0,0.0,27.7,1.76,0.0,1.024,1.024,0.256,2.6,0.666
2026-05-12 23:45:00,summer,23.75,0.25,0.0,0.0,0.0,28.1,2.08,0.0,0.935,0.935,0.234,2.6,0.608
2026-05-13 00:00:00,summer,0.0,0.25,0.0,0.0,0.0,27.1,1.19,0.0,0.739,0.739,0.185,2.6,0.48
2026-05-13 00:15:00,summer,0.25,0.25,0.0,0.0,0.0,27.4,2.05,0.0,0.592,0.592,0.148,2.6,0.385
2026-05-13 00:30:00,summer,0.5,0.25,0.0,0.0,0.0,26.9,2.16,0.0,0.481,0.481,0.12,2.6,0.313
2026-05-13 00:45:00,summer,0.75,0.25,0.0,0.0,0.0,26.8,2.38,0.0,0.399,0.399,0.1,2.6,0.259
2026-05-13 01:00:00,summer,1.0,0.25,0.0,0.0,0.0,26.4,1.82,0.0,0.341,0.341,0.085,2.6,0.222
2026-05-13 01:15:00,summer,1.25,0.25,0.0,0.0,0.0,26.4,2.33,0.0,0.297,0.297,0.074,2.6,0.193
2026-05-13 01:30:00,summer,1.5,0.25,0.0,0.0,0.0,25.9,1.67,0.0,0.26,0.26,0.065,2.6,0.169
2026-05-13 01:45:00,summer,1.75,0.25,0.0,0.0,0.0,26.2,1.98,0.0,0.233,0.233,0.058,2.6,0.151
2026-05-13 02:00:00,summer,2.0,0.25,0.0,0.0,0.0,26.3,1.86,0.0,0.217,0.217,0.054,2.6,0.141
2026-05-13 02:15:00,summer,2.25,0.25,0.0,0.0,0.0,26.2,0.54,0.0,0.2,0.2,0.05,2.6,0.13
2026-05-13 02:30:00,summer,2.5,0.25,0.0,0.0,0.0,25.9,2.26,0.0,0.188,0.188,0.047,2.6,0.122
2026-05-13 02:45:00,summer,2.75,0.25,0.0,0.0,0.0,26.0,1.59,0.0,0.212,0.212,0.053,2.6,0.138
2026-05-13 03:00:00,summer,3.0,0.25,0.0,0.0,0.0,26.3,1.79,0.0,0.215,0.215,0.054,2.6,0.14
2026-05-13 03:15:00,summer,3.25,0.25,0.0,0.0,0.0,26.3,1.44,0.0,0.231,0.231,0.058,2.6,0.15
2026-05-13 03:30:00,summer,3.5,0.25,0.0,0.0,0.0,26.1,1.29,0.0,0.257,0.257,0.064,2.6,0.167
2026-05-13 03:45:00,summer,3.75,0.25,0.0,0.0,0.0,26.4,0.77,0.0,0.27,0.27,0.068,2.6,0.176
2026-05-13 04:00:00,summer,4.0,0.25,0.0,0.0,0.0,26.6,2.14,0.0,0.297,0.297,0.074,2.6,0.193
2026-05-13 04:15:00,summer,4.25,0.25,0.0,0.0,0.0,26.6,1.12,0.0,0.323,0.323,0.081,2.6,0.21
2026-05-13 04:30:00,summer,4.5,0.25,0.0,0.0,0.0,26.9,1.9,0.0,0.358,0.358,0.089,2.6,0.233
2026-05-13 04:45:00,summer,4.75,0.25,0.0,0.0,0.0,27.1,1.7,0.0,0.433,0.433,0.108,2.6,0.281
2026-05-13 05:00:00,summer,5.0,0.25,0.0,0.0,0.0,27.2,1.82,0.0,0.479,0.479,0.12,2.6,0.311
2026-05-13 05:15:00,summer,5.25,0.25,0.0,0.0,0.0,27.7,1.57,0.0,0.543,0.543,0.136,2.6,0.353
2026-05-13 05:30:00,summer,5.5,0.25,0.0,0.0,0.0,27.7,1.91,0.0,0.628,0.628,0.157,2.6,0.408
2026-05-13 05:45:00,summer,5.75,0.25,0.0,0.0,0.0,28.3,2.67,0.0,0.72,0.72,0.18,2.6,0.468
2026-05-13 06:00:00,summer,6.0,0.25,0.0,0.0178,1.7,28.6,1.17,0.0,0.819,0.819,0.205,2.6,0.532
2026-05-13 06:15:00,summer,6.25,0.25,0.055,0.0782,29.7,29.0,0.43,0.146,0.928,0.782,0.196,2.6,0.508
2026-05-13 06:30:00,summer,6.5,0.25,0.058,0.1386,81.7,29.8,1.15,0.397,1.053,0.656,0.164,2.6,0.426
2026-05-13 06:45:00,summer,6.75,0.25,0.139,0.1986,134.0,30.3,2.59,0.647,1.168,0.521,0.13,2.6,0.339
2026-05-13 07:00:00,summer,7.0,0.25,0.232,0.2582,177.3,30.8,1.05,0.846,1.282,0.436,0.109,2.6,0.283
2026-05-13 07:15:00,summer,7.25,0.25,0.246,0.3169,227.2,31.4,1.68,1.079,1.374,0.295,0.074,2.6,0.192
2026-05-13 07:30:00,summer,7.5,0.25,0.29,0.3746,265.7,32.1,2.19,1.256,1.461,0.205,0.051,2.6,0.133
2026-05-13 07:45:00,summer,7.75,0.25,0.329,0.4311,299.7,32.4,1.49,1.403,1.537,0.134,0.033,2.6,0.087
2026-05-13 08:00:00,summer,8.0,0.25,0.25,0.486,376.2,33.2,1.96,1.746,1.582,0.0,0.0,2.6,0.0
2026-05-13 08:15:00,summer,8.25,0.25,0.195,0.5391,448.8,33.9,1.14,2.042,1.615,0.0,0.0,2.6,0.0
2026-05-13 08:30:00,summer,8.5,0.25,0.144,0.5902,522.8,34.8,1.09,2.343,1.631,0.0,0.0,2.6,0.0
2026-05-13 08:45:00,summer,8.75,0.25,0.108,0.6392,591.8,35.3,3.33,2.691,1.635,0.0,0.0,2.6,0.0
2026-05-13 09:00:00,summer,9.0,0.25,0.104,0.6857,642.3,36.0,1.49,2.836,1.61,0.0,0.0,4.18,0.0
2026-05-13 09:15:00,summer,9.25,0.25,0.199,0.7296,626.8,35.8,1.94,2.793,1.575,0.0,0.0,4.18,0.0
2026-05-13 09:30:00,summer,9.5,0.25,0.199,0.7707,665.7,37.1,1.72,2.927,1.529,0.0,0.0,4.18,0.0
2026-05-13 09:45:00,summer,9.75,0.25,0.255,0.8088,659.1,36.5,1.44,2.895,1.46,0.0,0.0,4.18,0.0
2026-05-13 10:00:00,summer,10.0,0.25,0.283,0.8437,668.1,37.6,1.27,2.907,1.362,0.0,0.0,4.18,0.0
2026-05-13 10:15:00,summer,10.25,0.25,0.303,0.8754,678.1,38.6,1.0,2.917,1.257,0.0,0.0,4.18,0.0
2026-05-13 10:30:00,summer,10.5,0.25,0.389,0.9036,626.4,38.4,2.4,2.775,1.181,0.0,0.0,4.18,0.0
2026-05-13 10:45:00,summer,10.75,0.25,0.362,0.9283,668.6,38.7,2.12,2.934,1.071,0.0,0.0,4.18,0.0
2026-05-13 11:00:00,summer,11.0,0.25,0.474,0.9493,579.6,39.1,1.35,2.539,0.961,0.0,0.0,4.18,0.0
2026-05-13 11:15:00,summer,11.25,0.25,0.472,0.9666,592.9,39.0,1.67,2.606,0.88,0.0,0.0,4.18,0.0
2026-05-13 11:30:00,summer,11.5,0.25,0.462,0.9801,611.5,40.3,1.95,2.676,0.793,0.0,0.0,4.18,0.0
2026-05-13 11:45:00,summer,11.75,0.25,0.399,0.9896,679.1,40.4,2.47,2.966,0.727,0.0,0.0,4.18,0.0
2026-05-13 12:00:00,summer,12.0,0.25,0.364,0.9953,718.5,40.5,2.32,3.117,0.626,0.0,0.0,4.18,0.0
2026-05-13 12:15:00,summer,12.25,0.25,0.329,0.997,753.4,41.1,1.67,3.213,0.565,0.0,0.0,4.18,0.0
2026-05-13 12:30:00,summer,12.5,0.25,0.282,0.9948,797.8,41.6,1.98,3.394,0.496,0.0,0.0,4.18,0.0
2026-05-13 12:45:00,summer,12.75,0.25,0.235,0.9886,836.8,41.9,2.41,3.564,0.458,0.0,0.0,4.18,0.0
2026-05-13 13:00:00,summer,13.0,0.25,0.174,0.9785,884.7,41.8,2.31,3.743,0.424,0.0,0.0,4.18,0.0
2026-05-13 13:15:00,summer,13.25,0.25,0.264,0.9645,788.8,41.6,1.24,3.311,0.416,0.0,0.0,4.18,0.0
2026-05-13 13:30:00,summer,13.5,0.25,0.293,0.9467,746.1,42.1,2.14,3.195,0.45,0.0,0.0,4.18,0.0
2026-05-13 13:45:00,summer,13.75,0.25,0.362,0.9252,666.7,42.0,2.41,2.893,0.442,0.0,0.0,4.18,0.0
2026-05-13 14:00:00,summer,14.0,0.25,0.356,0.9,652.5,41.7,1.89,2.82,0.453,0.0,0.0,4.18,0.0
2026-05-13 14:15:00,summer,14.25,0.25,0.328,0.8713,653.7,41.8,1.67,2.814,0.494,0.0,0.0,4.18,0.0
2026-05-13 14:30:00,summer,14.5,0.25,0.301,0.8392,650.0,42.3,2.48,2.824,0.544,0.0,0.0,4.18,0.0
2026-05-13 14:45:00,summer,14.75,0.25,0.298,0.8038,622.7,41.8,0.94,2.658,0.609,0.0,0.0,4.18,0.0
2026-05-13 15:00:00,summer,15.0,0.25,0.308,0.7653,583.0,41.6,1.34,2.523,0.686,0.0,0.0,4.18,0.0
2026-05-13 15:15:00,summer,15.25,0.25,0.355,0.7238,517.1,41.2,1.58,2.269,0.773,0.0,0.0,4.18,0.0
2026-05-13 15:30:00,summer,15.5,0.25,0.339,0.6796,493.3,41.5,1.79,2.173,0.871,0.0,0.0,4.18,0.0
2026-05-13 15:45:00,summer,15.75,0.25,0.24,0.6327,512.2,41.4,0.73,2.218,0.975,0.0,0.0,4.18,0.0
2026-05-13 16:00:00,summer,16.0,0.25,0.213,0.5835,481.6,40.8,0.96,2.109,1.096,0.0,0.0,4.18,0.0
2026-05-13 16:15:00,summer,16.25,0.25,0.125,0.5321,473.1,41.0,2.26,2.104,1.212,0.0,0.0,4.18,0.0
2026-05-13 16:30:00,summer,16.5,0.25,0.149,0.4787,409.2,40.5,1.48,1.824,1.342,0.0,0.0,4.18,0.0
2026-05-13 16:45:00,summer,16.75,0.25,0.096,0.4236,371.3,40.0,1.25,1.663,1.484,0.0,0.0,4.18,0.0
2026-05-13 17:00:00,summer,17.0,0.25,0.117,0.367,306.6,39.3,1.86,1.396,1.64,0.244,0.061,4.18,0.255
2026-05-13 17:15:00,summer,17.25,0.25,0.113,0.3091,248.2,39.0,1.57,1.137,1.814,0.677,0.169,4.18,0.707
2026-05-13 17:30:00,summer,17.5,0.25,0.281,0.2502,162.1,38.5,1.1,0.751,1.958,1.207,0.302,4.18,1.261
2026-05-13 17:45:00,summer,17.75,0.25,0.302,0.1906,109.7,37.4,1.28,0.514,2.103,1.589,0.397,4.18,1.661
2026-05-13 18:00:00,summer,18.0,0.25,0.282,0.1305,63.3,37.3,1.39,0.299,2.211,1.912,0.478,4.18,1.998
2026-05-13 18:15:00,summer,18.25,0.25,0.344,0.0701,20.3,36.9,1.53,0.096,2.32,2.224,0.556,4.18,2.324
2026-05-13 18:30:00,summer,18.5,0.25,0.337,0.0098,0.7,36.2,2.44,0.0,2.39,2.39,0.598,4.18,2.498
2026-05-13 18:45:00,summer,18.75,0.25,0.337,0.0,0.0,36.1,1.59,0.0,2.495,2.495,0.624,4.18,2.607
2026-05-13 19:00:00,summer,19.0,0.25,0.337,0.0,0.0,35.9,1.17,0.0,2.584,2.584,0.646,4.18,2.7
2026-05-13 19:15:00,summer,19.25,0.25,0.337,0.0,0.0,34.9,1.86,0.0,2.649,2.649,0.662,4.18,2.768
2026-05-13 19:30:00,summer,19.5,0.25,0.337,0.0,0.0,34.7,1.19,0.0,2.679,2.679,0.67,4.18,2.8
2026-05-13 19:45:00,summer,19.75,0.25,0.337,0.0,0.0,34.2,0.84,0.0,2.68,2.68,0.67,4.18,2.801
2026-05-13 20:00:00,summer,20.0,0.25,0.337,0.0,0.0,34.2,1.93,0.0,2.64,2.64,0.66,4.18,2.759
2026-05-13 20:15:00,summer,20.25,0.25,0.337,0.0,0.0,33.4,1.13,0.0,2.624,2.624,0.656,4.18,2.742
2026-05-13 20:30:00,summer,20.5,0.25,0.337,0.0,0.0,32.8,1.7,0.0,2.555,2.555,0.639,4.18,2.67
2026-05-13 20:45:00,summer,20.75,0.25,0.337,0.0,0.0,33.0,1.34,0.0,2.493,2.493,0.623,4.18,2.605
2026-05-13 21:00:00,summer,21.0,0.25,0.337,0.0,0.0,32.3,2.6,0.0,2.386,2.386,0.597,4.18,2.493
2026-05-13 21:15:00,summer,21.25,0.25,0.337,0.0,0.0,31.7,1.75,0.0,2.263,2.263,0.566,4.18,2.365
2026-05-13 21:30:00,summer,21.5,0.25,0.337,0.0,0.0,31.4,1.66,0.0,2.14,2.14,0.535,4.18,2.236
2026-05-13 21:45:00,summer,21.75,0.25,0.337,0.0,0.0,30.9,2.49,0.0,1.997,1.997,0.499,4.18,2.087
2026-05-13 22:00:00,summer,22.0,0.25,0.337,0.0,0.0,30.0,0.59,0.0,1.848,1.848,0.462,2.6,1.201
2026-05-13 22:15:00,summer,22.25,0.25,0.337,0.0,0.0,30.1,1.75,0.0,1.713,1.713,0.428,2.6,1.113
2026-05-13 22:30:00,summer,22.5,0.25,0.337,0.0,0.0,30.2,2.37,0.0,1.589,1.589,0.397,2.6,1.033
2026-05-13 22:45:00,summer,22.75,0.25,0.337,0.0,0.0,29.0,1.54,0.0,1.461,1.461,0.365,2.6,0.95
2026-05-13 23:00:00,summer,23.0,0.25,0.337,0.0,0.0,28.9,1.36,0.0,1.306,1.306,0.327,2.6,0.849
2026-05-13 23:15:00,summer,23.25,0.25,0.337,0.0,0.0,28.4,1.99,0.0,1.169,1.169,0.292,2.6,0.76
2026-05-13 23:30:00,summer,23.5,0.25,0.337,0.0,0.0,27.9,2.45,0.0,1.05,1.05,0.263,2.6,0.683
2026-05-13 23:45:00,summer,23.75,0.25,0.337,0.0,0.0,27.6,2.33,0.0,0.916,0.916,0.229,2.6,0.595
2026-05-14 00:00:00,summer,0.0,0.25,0.337,0.0,0.0,27.4,1.21,0.0,0.724,0.724,0.181,2.6,0.471
2026-05-14 00:15:00,summer,0.25,0.25,0.337,0.0,0.0,27.4,2.13,0.0,0.582,0.582,0.145,2.6,0.378
2026-05-14 00:30:00,summer,0.5,0.25,0.337,0.0,0.0,26.6,1.88,0.0,0.481,0.481,0.12,2.6,0.313
2026-05-14 00:45:00,summer,0.75,0.25,0.337,0.0,0.0,26.7,2.13,0.0,0.398,0.398,0.1,2.6,0.259
2026-05-14 01:00:00,summer,1.0,0.25,0.337,0.0,0.0,26.8,2.29,0.0,0.336,0.336,0.084,2.6,0.218
2026-05-14 01:15:00,summer,1.25,0.25,0.337,0.0,0.0,26.1,1.42,0.0,0.304,0.304,0.076,2.6,0.198
2026-05-14 01:30:00,summer,1.5,0.25,0.337,0.0,0.0,26.3,1.52,0.0,0.266,0.266,0.067,2.6,0.173
2026-05-14 01:45:00,summer,1.75,0.25,0.337,0.0,0.0,26.1,1.52,0.0,0.237,0.237,0.059,2.6,0.154
2026-05-14 02:00:00,summer,2.0,0.25,0.337,0.0,0.0,26.3,1.86,0.0,0.215,0.215,0.054,2.6,0.14
2026-05-14 02:15:00,summer,2.25,0.25,0.337,0.0,0.0,26.3,1.86,0.0,0.208,0.208,0.052,2.6,0.135
2026-05-14 02:30:00,summer,2.5,0.25,0.337,0.0,0.0,26.0,2.05,0.0,0.197,0.197,0.049,2.6,0.128
2026-05-14 02:45:00,summer,2.75,0.25,0.337,0.0,0.0,26.0,2.52,0.0,0.216,0.216,0.054,2.6,0.14
2026-05-14 03:00:00,summer,3.0,0.25,0.337,0.0,0.0,25.7,1.79,0.0,0.216,0.216,0.054,2.6,0.14
2026-05-14 03:15:00,summer,3.25,0.25,0.337,0.0,0.0,25.5,2.29,0.0,0.215,0.215,0.054,2.6,0.14
2026-05-14 03:30:00,summer,3.5,0.25,0.337,0.0,0.0,26.0,1.98,0.0,0.238,0.238,0.059,2.6,0.155
2026-05-14 03:45:00,summer,3.75,0.25,0.337,0.0,0.0,26.4,1.55,0.0,0.277,0.277,0.069,2.6,0.18
2026-05-14 04:00:00,summer,4.0,0.25,0.337,0.0,0.0,26.7,1.79,0.0,0.287,0.287,0.072,2.6,0.187
2026-05-14 04:15:00,summer,4.25,0.25,0.337,0.0,0.0,26.8,2.1,0.0,0.318,0.318,0.08,2.6,0.207
2026-05-14 04:30:00,summer,4.5,0.25,0.337,0.0,0.0,27.2,2.11,0.0,0.382,0.382,0.096,2.6,0.248
2026-05-14 04:45:00,summer,4.75,0.25,0.337,0.0,0.0,27.3,1.34,0.0,0.435,0.435,0.109,2.6,0.283
2026-05-14 05:00:00,summer,5.0,0.25,0.337,0.0,0.0,28.0,0.65,0.0,0.502,0.502,0.126,2.6,0.326
2026-05-14 05:15:00,summer,5.25,0.25,0.337,0.0,0.0,27.8,0.96,0.0,0.576,0.576,0.144,2.6,0.374
2026-05-14 05:30:00,summer,5.5,0.25,0.337,0.0,0.0,28.2,1.76,0.0,0.636,0.636,0.159,2.6,0.413
2026-05-14 05:45:00,summer,5.75,0.25,0.337,0.0,0.0,28.1,2.11,0.0,0.721,0.721,0.18,2.6,0.469
2026-05-14 06:00:00,summer,6.0,0.25,0.355,0.0189,1.7,28.9,1.82,0.0,0.837,0.837,0.209,2.6,0.544
2026-05-14 06:15:00,summer,6.25,0.25,0.389,0.0792,24.3,29.1,1.71,0.119,0.932,0.813,0.203,2.6,0.528
2026-05-14 06:30:00,summer,6.5,0.25,0.25,0.1395,72.3,29.9,1.71,0.352,1.021,0.669,0.167,2.6,0.435
2026-05-14 06:45:00,summer,6.75,0.25,0.305,0.1995,116.5,30.7,1.82,0.562,1.131,0.569,0.142,2.6,0.37
2026-05-14 07:00:00,summer,7.0,0.25,0.233,0.2589,177.8,31.6,1.65,0.848,1.231,0.383,0.096,2.6,0.249
2026-05-14 07:15:00,summer,7.25,0.25,0.257,0.3176,225.2,31.5,1.74,1.069,1.33,0.261,0.065,2.6,0.17
2026-05-14 07:30:00,summer,7.5,0.25,0.261,0.3752,274.7,32.2,2.5,1.298,1.404,0.106,0.026,2.6,0.069
2026-05-14 07:45:00,summer,7.75,0.25,0.187,0.4316,349.7,32.4,2.13,1.635,1.46,0.0,0.0,2.6,0.0
2026-05-14 08:00:00,summer,8.0,0.25,0.225,0.4864,386.7,33.0,2.12,1.796,1.526,0.0,0.0,2.6,0.0
2026-05-14 08:15:00,summer,8.25,0.25,0.21,0.5394,442.3,33.4,2.58,2.046,1.565,0.0,0.0,2.6,0.0
2026-05-14 08:30:00,summer,8.5,0.25,0.122,0.5905,534.3,34.7,1.86,2.417,1.609,0.0,0.0,2.6,0.0
2026-05-14 08:45:00,summer,8.75,0.25,0.073,0.6394,610.9,35.3,1.46,2.715,1.597,0.0,0.0,2.6,0.0
2026-05-14 09:00:00,summer,9.0,0.25,0.093,0.6858,649.1,35.2,2.41,2.91,1.635,0.0,0.0,4.18,0.0
2026-05-14 09:15:00,summer,9.25,0.25,0.038,0.7296,730.6,36.3,1.45,3.183,1.599,0.0,0.0,4.18,0.0
2026-05-14 09:30:00,summer,9.5,0.25,0.094,0.7707,738.6,37.4,1.45,3.197,1.548,0.0,0.0,4.18,0.0
2026-05-14 09:45:00,summer,9.75,0.25,0.121,0.8087,758.8,37.2,2.07,3.315,1.477,0.0,0.0,4.18,0.0
2026-05-14 10:00:00,summer,10.0,0.25,0.162,0.8436,763.3,38.2,1.24,3.267,1.373,0.0,0.0,4.18,0.0
2026-05-14 10:15:00,summer,10.25,0.25,0.051,0.8752,882.6,38.3,1.8,3.761,1.286,0.0,0.0,4.18,0.0
2026-05-14 10:30:00,summer,10.5,0.25,0.042,0.9034,921.1,39.1,2.54,3.946,1.198,0.0,0.0,4.18,0.0
2026-05-14 10:45:00,summer,10.75,0.25,0.03,0.9281,958.8,40.2,1.42,3.974,1.088,0.0,0.0,4.18,0.0
2026-05-14 11:00:00,summer,11.0,0.25,0.159,0.9491,869.7,40.0,1.07,3.619,0.998,0.0,0.0,4.18,0.0
2026-05-14 11:15:00,summer,11.25,0.25,0.19,0.9663,858.1,40.6,1.36,3.594,0.892,0.0,0.0,4.18,0.0
2026-05-14 11:30:00,summer,11.5,0.25,0.174,0.9797,885.9,40.3,2.06,3.757,0.796,0.0,0.0,4.18,0.0
2026-05-14 11:45:00,summer,11.75,0.25,0.209,0.9893,862.5,40.4,0.8,3.558,0.725,0.0,0.0,4.18,0.0
2026-05-14 12:00:00,summer,12.0,0.25,0.259,0.995,819.7,40.9,2.11,3.497,0.642,0.0,0.0,4.18,0.0
2026-05-14 12:15:00,summer,12.25,0.25,0.225,0.9967,853.6,41.3,2.03,3.615,0.572,0.0,0.0,4.18,0.0
2026-05-14 12:30:00,summer,12.5,0.25,0.215,0.9944,861.7,41.6,2.07,3.644,0.528,0.0,0.0,4.18,0.0
2026-05-14 12:45:00,summer,12.75,0.25,0.201,0.9882,868.8,42.2,1.94,3.651,0.488,0.0,0.0,4.18,0.0
2026-05-14 13:00:00,summer,13.0,0.25,0.323,0.9782,744.3,41.8,1.98,3.184,0.468,0.0,0.0,4.18,0.0
2026-05-14 13:15:00,summer,13.25,0.25,0.325,0.9642,731.2,42.2,1.64,3.109,0.446,0.0,0.0,4.18,0.0
2026-05-14 13:30:00,summer,13.5,0.25,0.276,0.9464,761.9,41.8,2.54,3.28,0.45,0.0,0.0,4.18,0.0
2026-05-14 13:45:00,summer,13.75,0.25,0.292,0.9249,728.9,42.3,2.14,3.125,0.454,0.0,0.0,4.18,0.0
2026-05-14 14:00:00,summer,14.0,0.25,0.321,0.8998,682.9,41.7,1.44,2.919,0.48,0.0,0.0,4.18,0.0
2026-05-14 14:15:00,summer,14.25,0.25,0.318,0.8712,662.4,41.8,1.91,2.859,0.517,0.0,0.0,4.18,0.0
2026-05-14 14:30:00,summer,14.5,0.25,0.415,0.8391,557.4,41.8,1.49,2.423,0.579,0.0,0.0,4.18,0.0
2026-05-14 14:45:00,summer,14.75,0.25,0.447,0.8037,507.3,41.0,1.61,2.231,0.632,0.0,0.0,4.18,0.0
2026-05-14 15:00:00,summer,15.0,0.25,0.361,0.7653,545.0,41.3,2.12,2.397,0.695,0.0,0.0,4.18,0.0
2026-05-14 15:15:00,summer,15.25,0.25,0.356,0.7239,516.6,41.4,2.13,2.279,0.749,0.0,0.0,4.18,0.0
2026-05-14 15:30:00,summer,15.5,0.25,0.329,0.6797,499.2,41.3,1.13,2.181,0.838,0.0,0.0,4.18,0.0
2026-05-14 15:45:00,summer,15.75,0.25,0.379,0.6329,432.7,41.0,1.54,1.92,0.94,0.0,0.0,4.18,0.0
2026-05-14 16:00:00,summer,16.0,0.25,0.447,0.5837,359.1,40.5,1.94,1.617,1.05,0.0,0.0,4.18,0.0
2026-05-14 16:15:00,summer,16.25,0.25,0.42,0.5324,337.6,40.4,1.33,1.517,1.181,0.0,0.0,4.18,0.0
2026-05-14 16:30:00,summer,16.5,0.25,0.402,0.4791,307.7,40.0,1.6,1.394,1.325,0.0,0.0,4.18,0.0
2026-05-14 16:45:00,summer,16.75,0.25,0.406,0.424,266.2,39.6,2.09,1.217,1.466,0.249,0.062,4.18,0.26
2026-05-14 17:00:00,summer,17.0,0.25,0.491,0.3675,199.0,39.0,2.0,0.919,1.614,0.695,0.174,4.18,0.726
2026-05-14 17:15:00,summer,17.25,0.25,0.495,0.3097,161.2,39.0,2.14,0.748,1.76,1.012,0.253,4.18,1.058
2026-05-14 17:30:00,summer,17.5,0.25,0.494,0.2509,124.4,38.5,1.34,0.579,1.921,1.342,0.336,4.18,1.402
2026-05-14 17:45:00,summer,17.75,0.25,0.444,0.1914,93.5,37.9,2.11,0.439,2.072,1.633,0.408,4.18,1.706
2026-05-14 18:00:00,summer,18.0,0.25,0.419,0.1313,55.5,37.3,1.38,0.262,2.21,1.948,0.487,4.18,2.036
2026-05-14 18:15:00,summer,18.25,0.25,0.263,0.0711,22.2,36.7,1.51,0.106,2.316,2.21,0.552,4.18,2.309
2026-05-14 18:30:00,summer,18.5,0.25,0.243,0.0108,0.8,36.4,2.12,0.0,2.42,2.42,0.605,4.18,2.529
2026-05-14 18:45:00,summer,18.75,0.25,0.243,0.0,0.0,36.4,1.9,0.0,2.514,2.514,0.628,4.18,2.627
2026-05-14 19:00:00,summer,19.0,0.25,0.243,0.0,0.0,35.6,1.63,0.0,2.593,2.593,0.648,4.18,2.71
2026-05-14 19:15:00,summer,19.25,0.25,0.243,0.0,0.0,35.2,1.84,0.0,2.629,2.629,0.657,4.18,2.747
2026-05-14 19:30:00,summer,19.5,0.25,0.243,0.0,0.0,35.1,2.33,0.0,2.682,2.682,0.67,4.18,2.803
2026-05-14 19:45:00,summer,19.75,0.25,0.243,0.0,0.0,34.4,1.78,0.0,2.7,2.7,0.675,4.18,2.821
2026-05-14 20:00:00,summer,20.0,0.25,0.243,0.0,0.0,33.6,2.15,0.0,2.655,2.655,0.664,4.18,2.774
2026-05-14 20:15:00,summer,20.25,0.25,0.243,0.0,0.0,33.6,1.56,0.0,2.612,2.612,0.653,4.18,2.73
2026-05-14 20:30:00,summer,20.5,0.25,0.243,0.0,0.0,33.0,2.86,0.0,2.533,2.533,0.633,4.18,2.647
2026-05-14 20:45:00,summer,20.75,0.25,0.243,0.0,0.0,32.2,1.89,0.0,2.446,2.446,0.612,4.18,2.556
2026-05-14 21:00:00,summer,21.0,0.25,0.243,0.0,0.0,32.2,0.76,0.0,2.33,2.33,0.583,4.18,2.435
2026-05-14 21:15:00,summer,21.25,0.25,0.243,0.0,0.0,32.1,1.2,0.0,2.237,2.237,0.559,4.18,2.338
2026-05-14 21:30:00,summer,21.5,0.25,0.243,0.0,0.0,31.4,2.46,0.0,2.089,2.089,0.522,4.18,2.183
2026-05-14 21:45:00,summer,21.75,0.25,0.243,0.0,0.0,30.7,2.12,0.0,1.976,1.976,0.494,4.18,2.065
2026-05-14 22:00:00,summer,22.0,0.25,0.243,0.0,0.0,30.7,2.07,0.0,1.848,1.848,0.462,2.6,1.201
2026-05-14 22:15:00,summer,22.25,0.25,0.243,0.0,0.0,29.9,1.24,0.0,1.707,1.707,0.427,2.6,1.11
2026-05-14 22:30:00,summer,22.5,0.25,0.243,0.0,0.0,29.6,2.47,0.0,1.563,1.563,0.391,2.6,1.016
2026-05-14 22:45:00,summer,22.75,0.25,0.243,0.0,0.0,29.0,2.34,0.0,1.437,1.437,0.359,2.6,0.934
2026-05-14 23:00:00,summer,23.0,0.25,0.243,0.0,0.0,28.9,1.45,0.0,1.298,1.298,0.325,2.6,0.844
2026-05-14 23:15:00,summer,23.25,0.25,0.243,0.0,0.0,28.3,2.12,0.0,1.159,1.159,0.29,2.6,0.753
2026-05-14 23:30:00,summer,23.5,0.25,0.243,0.0,0.0,27.7,1.63,0.0,1.032,1.032,0.258,2.6,0.671
2026-05-14 23:45:00,summer,23.75,0.25,0.243,0.0,0.0,27.9,2.79,0.0,0.911,0.911,0.228,2.6,0.592
